1.,http://product.dangdang.com/23427436.html,写给儿童的中国历史（全14册）,陈卫平,2014-04-01,新世界出版社,555233条评论
2.,http://product.dangdang.com/23523508.html,《地图（人文版）》手绘世界地图・儿童百科绘本,亚历山德拉・米热林斯卡,2014-08-01,贵州人民出版社,635082条评论
3.,http://product.dangdang.com/23257828.html,不一样的卡梅拉手绘本（1-12册）,克利斯提昂,2013-06-01,２１世纪出版社,573508条评论
4.,http://product.dangdang.com/23521768.html,学会管自己（歪歪兔独立成长童话）,陈梦敏,2014-08-01,海豚出版社,321925条评论
5.,http://product.dangdang.com/23580693.html,哈利・波特 （全集1-7册）全新版套装中文版,J.K.罗琳,2014-11-01,人民文学出版社,165316条评论
6.,http://product.dangdang.com/20481551.html,国际大奖小说系列（共53册）,卡尔森,2005-01-01,新蕾出版社（天津）有限公司（当当书友会）,74732条评论
7.,http://product.dangdang.com/23356805.html,汉声数学图画书（全41册+妈妈手册）,明德尔西托默,2013-10-21,贵州人民出版社,61423条评论
8.,http://product.dangdang.com/23444350.html,神奇校车・桥梁书版（全20册）,乔安娜柯尔,2014-04-01,贵州人民出版社,609809条评论
9.,http://product.dangdang.com/23487613.html,写给儿童的世界历史（全16册）,陈卫平,2014-07-01,贵州教育出版社,119876条评论
10.,http://product.dangdang.com/23600431.html,笑猫日记（套装共二十册）,杨红樱,2014-10-30,明天出版社,149038条评论
11.,http://product.dangdang.com/23323691.html,曹文轩文集典藏版（全7册）,曹文轩,2013-09-01,天天出版社有限责任公司,256854条评论
12.,http://product.dangdang.com/20923585.html,小牛顿科学馆全集(全60册）,台湾牛顿出版公司,2010-04-01,贵州教育出版社,40477条评论
13.,http://product.dangdang.com/9101748.html,法布尔昆虫记（全10册）（儿童彩图版）,高苏珊娜,2014-07-01,北京科学技术出版社,254793条评论
14.,http://product.dangdang.com/20812025.html,暖暖心绘本（全四辑19本）,米拦弗特毕,2009-12-01,湖南少儿出版社,193909条评论
15.,http://product.dangdang.com/21085963.html,神奇校车・阅读版（全16册）,乔安娜柯尔,2011-06-01,贵州人民出版社,246125条评论
16.,http://product.dangdang.com/22937060.html,吴姐姐讲历史故事(精美盒装，青少版，全15册）,吴涵碧,2014-01-12,新世界出版社,93830条评论
17.,http://product.dangdang.com/22807653.html,《看里面系列》（第1+2+3辑看里面大合集）（全套13册）,埃里克斯・弗利斯,2012-06-01,未来出版社,46742条评论
18.,http://product.dangdang.com/23375954.html,玛蒂娜故事书（全新版）,�岳逞盼�,2013-12-01,贵州教育出版社,59286条评论
19.,http://product.dangdang.com/23219914.html,数学帮帮忙（全25册）多功能数学绘本,达芙妮・斯金纳,2013-04-01,新蕾出版社,180573条评论
20.,http://product.dangdang.com/23255678.html,DK儿童百科全书系列超值礼品套装（精装全5册）（2018年全新修订版）,英国DK公司,2013-05-01,中国大百科全书出版社,66840条评论
21.,http://product.dangdang.com/23512375.html,梅格时空大冒险（套装全5册）（含《时间的皱折》[又名《时间的皱纹》]、《银河的裂缝》等）,英格,2014-07-01,江苏美术出版社,61709条评论
22.,http://product.dangdang.com/23162001.html,杨红樱淘气包马小跳典藏版一辑（共10册）,杨红樱,2013-02-01,浙江少年儿童出版社,152342条评论
23.,http://product.dangdang.com/23305535.html,刘墉给孩子的成长书,刘墉,2013-07-29,接力出版社,133434条评论
24.,http://product.dangdang.com/23260538.html,小屁孩日记（1-14）套装,杰夫・金尼,2013-06-01,新世纪出版社,37053条评论
25.,http://product.dangdang.com/24044343.html,写给儿童的中国地理（全14册）,陈卫平,2016-09-01,新世界出版社,198999条评论
26.,http://product.dangdang.com/22729674.html,可怕的科学（全63本）,阿诺备,2010-01-01,北京少年儿童出版社,29704条评论
27.,http://product.dangdang.com/23748591.html,学会爱自己（第3辑）（不为坏人保守秘密，不随便顺从别人！学会保护自己！）,艾迪特・史莱博・维克,2015-08-10,青岛出版社,135158条评论
28.,http://product.dangdang.com/23806266.html,《地下水下》手绘百科绘本,亚历山德拉米热林斯卡,2015-12-01,贵州人民出版社,106561条评论
29.,http://product.dangdang.com/23258212.html,《HOW&WHY》美国经典少儿百科知识全书（第1、2合辑共13册，超值礼品装）,世界图书出版公司,2013-05-01,广西科学技术出版社,47126条评论
30.,http://product.dangdang.com/21057878.html,神奇校车・动画版（全10册）,乔安娜柯尔,2011-04-01,贵州人民出版社,283274条评论
31.,http://product.dangdang.com/22639104.html,彩色世界童话全集（全60册）,安徒生,2014-01-12,,39706条评论
32.,http://product.dangdang.com/23812473.html,郑渊洁十二生肖童话（全12册）（内含《父与子》这篇文章，央视“朗读者”第2期郑渊洁与父亲郑洪升深情共读）,郑渊洁,2015-12-01,浙江少年儿童出版社,166169条评论
33.,http://product.dangdang.com/20747625.html,丁丁历险记・小开本精巧阅读本（全集22册）,比利时,2009-12-01,中国少年儿童出版社,74932条评论
34.,http://product.dangdang.com/23701036.html,思考的魅力（共24册）,皮埃尔・裴居,2015-05-30,广西科学技术出版社,56613条评论
35.,http://product.dangdang.com/23851466.html,学会爱自己（教孩子免受性侵犯！学会保护自己！）（全3辑，共14册）（儿童自我保护意识培养绘本，含不要随便摸我、不要随便亲我等）,珊蒂克雷文,2016-02-01,青岛出版社,211668条评论
36.,http://product.dangdang.com/23478852.html,THIS IS米先生的世界旅游绘本全集（全16册）,萨塞克,2014-05-01,安徽少年儿童出版社,26611条评论
37.,http://product.dangdang.com/23700376.html,米小圈上学记（套装12册）,北猫,2015-01-01,四川少儿出版社,84385条评论
38.,http://product.dangdang.com/20863205.html,希利尔讲世界史、世界地理、艺术史 套装,希利尔,2010-04-01,贵州教育出版社,170986条评论
39.,http://product.dangdang.com/21127254.html,西顿动物记（10册礼品装）,欧内斯特.汤普森.西顿,2009-01-01,北京科学技术出版社,75362条评论
40.,http://product.dangdang.com/22732434.html,蒲公英・英语拼读王（全12册+9CD＋6DVD光盘）,林素娥,2012-06-01,贵州人民出版社,82861条评论
41.,http://product.dangdang.com/20633051.html,第一次发现丛书透视眼系列（精选套装，共30册）,法国伽利玛少儿出版社,2018-03-01,接力出版社有限公司(图书）,31689条评论
42.,http://product.dangdang.com/20747626.html,丁丁历险记・大开本经典收藏版（全集22册）,比利时,2009-12-01,中国少年儿童出版社,80176条评论
43.,http://product.dangdang.com/23778791.html,少年读史记（套装全5册）,张嘉骅,2015-09-01,青岛出版社,467289条评论
44.,http://product.dangdang.com/23831399.html,走进奇妙的几何世界（全6册）,格里贝利,2016-01-01,浙江教育出版社,89801条评论
45.,http://product.dangdang.com/23546266.html,夏洛的网（新）,怀特,2014-08-01,上海译文出版社,564354条评论
46.,http://product.dangdang.com/23484133.html,晴天有时下猪系列（全9册),矢玉四郎,2014-05-01,二十一世纪出版社,83305条评论
47.,http://product.dangdang.com/20999128.html,窗边的小豆豆,黑柳彻子,2011-01-01,南海出版公司,755554条评论
48.,http://product.dangdang.com/23820838.html,从小爱科学・有趣的物理（全16册）,沈丹丹,2015-12-01,湖南少年儿童出版社,103919条评论
49.,http://product.dangdang.com/23946811.html,写给儿童的成语故事（全10册）,百鹤文化,2016-04-01,贵州教育出版社,86948条评论
50.,http://product.dangdang.com/23828979.html,给孩子读诗（畅销100万册纪念，全新升级AR版，扫码免费收听。闫妮赵子琪等明星推荐！愿孩子人之最初，聆听到世界上最优美的语言）,果麦,2016-01-01,浙江文艺出版社,313315条评论
51.,http://product.dangdang.com/23392959.html,苏斯博士经典绘本（全15册）,苏斯,2014-01-01,连环画出版社,74679条评论
52.,http://product.dangdang.com/23463222.html,亲亲自然（第一季，共40册）,台湾亲亲文化事业有限公司,2014-05-01,福建少年儿童出版社,31157条评论
53.,http://product.dangdang.com/23975315.html,罗尔德・达尔作品典藏（13本套装）,罗尔德・达尔,2014-07-04,明天出版社,120597条评论
54.,http://product.dangdang.com/22478862.html,上下五千年（最新版）,林汉达,2011-07-01,少年儿童出版社,228284条评论
55.,http://product.dangdang.com/23470966.html,365个艺术创意（全3册）,菲欧娜,2014-05-01,光明日报出版社,52719条评论
56.,http://product.dangdang.com/20835775.html,小牛顿科学馆（第1辑，共6册）,台湾牛顿出版公司,2014-01-12,贵州教育出版社,92481条评论
57.,http://product.dangdang.com/23675849.html,我们，我们的历史（给孩子的人类简史绘本）,伊万・波莫,2015-05-01,光明日报出版社,85967条评论
58.,http://product.dangdang.com/23812468.html,郑渊洁四大名传（全4册）,郑渊洁,2015-12-01,浙江少年儿童出版社,151475条评论
59.,http://product.dangdang.com/23344324.html,儿童文学名家名作随身读（套装共10册）,曹文轩,2013-09-25,新世纪出版社,59677条评论
60.,http://product.dangdang.com/23182528.html,沈石溪激情动物小说系列（共8册）,沈石溪,2013-01-29,少年儿童出版社,80663条评论
61.,http://product.dangdang.com/23950912.html,多莱尔的希腊神话书（畅销千万册，纽约公共图书馆“百年百佳书”）,英格丽,2016-06-01,江苏教育出版社,97953条评论
62.,http://product.dangdang.com/23830027.html,央视动画频道黄金时段热播 百变马丁(全13册）,今日动画,2016-01-01,中国少年儿童出版社,16697条评论
63.,http://product.dangdang.com/23533306.html,不一样的卡梅拉动漫绘本(13-22),郑迪蔚,2014-07-01,二十一世纪出版社,127043条评论
64.,http://product.dangdang.com/23824303.html,杨红樱淘气包马小跳系列 典藏版 (套装共23册),杨红樱,2015-12-01,浙江少年儿童出版社,15182条评论
65.,http://product.dangdang.com/20970893.html,美国国家地理少儿版百科（平装版）,美国国家地理学会,2010-12-01,浙江少年儿童出版社,148579条评论
66.,http://product.dangdang.com/23205782.html,杨红樱淘气包马小跳典藏版二辑（共10册）,杨红樱,2013-04-01,浙江少年儿童出版社,60761条评论
67.,http://product.dangdang.com/23301970.html,柳林风声,肯尼斯格雷厄姆,2013-08-01,贵州人民出版社,111006条评论
68.,http://product.dangdang.com/23447296.html,哇！科学好简单・手绘学科版（全9册）,安娜,2014-04-01,广西科学技术出版社,39127条评论
69.,http://product.dangdang.com/23483341.html,环球旅行,克尔,2013-03-01,未来出版社,126367条评论
70.,http://product.dangdang.com/23509507.html,动物小说大王沈石溪・感悟生命书系（套装共5册）,沈石溪,2014-07-01,人民邮电出版社,92409条评论
71.,http://product.dangdang.com/23396666.html,DK儿童百科全书（2018年全新修订版）,英国DK公司,2010-06-01,中国大百科全书出版社,85126条评论
72.,http://product.dangdang.com/20029105.html,I SPY视觉大发现（第一辑，共8册),维克,2007-09-01,接力出版社,127727条评论
73.,http://product.dangdang.com/23790747.html,海底小纵队探险记（全10册）,英国Vampire,2015-09-01,长江少年儿童出版社,92649条评论
74.,http://product.dangdang.com/23381766.html,DK儿童穿越时空百科全书(全4册),英国DK公司,2014-01-01,中国大百科全书出版社,56028条评论
75.,http://product.dangdang.com/20263101.html,信谊世界精选图画书・好饿的毛毛虫,卡尔,2008-08-01,明天出版社,237389条评论
76.,http://product.dangdang.com/23668468.html,做最富足的自己（歪歪兔财商教育童话，全10册）,歪歪兔关键期早教项目组,2015-05-01,海豚出版社,66644条评论
77.,http://product.dangdang.com/23797263.html,不一样的卡梅拉手绘本（1-13烫金版）去看海/有颗星星/弟弟/找回太阳/小黑猫/打败怪兽/找到朗朗/平底锅/睡美,克利斯提昂约里波瓦,2015-05-01,二十一世纪出版社,50699条评论
78.,http://product.dangdang.com/23217273.html,学会爱自己（全7册）儿童自我保护意识培养绘本，含不要随便摸我、不要随便亲我等,克雷文,2013-01-01,青岛出版社,105337条评论
79.,http://product.dangdang.com/20910676.html,斯凯瑞金色童书超级礼盒装,理查德・斯凯瑞,2010-09-01,贵州人民出版社,36575条评论
80.,http://product.dangdang.com/23801415.html,DK儿童奇趣百科全书 这不可能是真的！,英国DK公司,2015-10-01,中国大百科全书出版社,55694条评论
81.,http://product.dangdang.com/21112440.html,儿童哲学智慧书全集（全9册）,奥斯卡柏尼菲,2011-01-01,接力出版社,48582条评论
82.,http://product.dangdang.com/22455937.html,外研社丽声拼读故事会 第一级至第六级套装（可点读）（配CD-Rom电脑驱动光盘）（享誉世界的牛津阅读树系列产品之一）,接力出版社,2011-06-01,外语教学与研究出版社,25727条评论
83.,http://product.dangdang.com/23396665.html,DK儿童太空百科全书（2018年全新修订版）,Julia,2012-01-01,中国大百科全书出版社,83127条评论
84.,http://product.dangdang.com/22913098.html,最美最美的中国童话（全36册礼盒套装）,外语教学与研究出版社,2012-12-01,江苏美术出版社,19213条评论
85.,http://product.dangdang.com/352896.html,三毛流浪记（全集）彩图注音读物,英国DK公司,2005-04-01,少年儿童出版社,264519条评论
86.,http://product.dangdang.com/23396664.html,DK儿童恐龙百科全书（2018年全新修订版）,中国大百科全书出版社,2012-12-01,中国大百科全书出版社,67496条评论
87.,http://product.dangdang.com/21057238.html,《小小牛顿幼儿馆》（全60册）,汉声杂志社,2010-10-01,贵州教育出版社,20138条评论
88.,http://product.dangdang.com/23451558.html,人文第一课 最美的民间故事（全4册）,江苏美术出版社,2014-04-01,湖南少年儿童出版社,40522条评论
89.,http://product.dangdang.com/22534125.html,我爱阅读桥梁书：黄色系列1辑+2辑（全40册）,张乐平,2011-01-01,广州出版社,50638条评论
90.,http://product.dangdang.com/20521190.html,世界奇幻文学大师精品系列 罗尔德・达尔（全12册）,少年儿童出版社,2009-02-01,,28563条评论
91.,http://product.dangdang.com/20516559.html,林汉达中国历史故事集（珍藏版）,英国DK公司,2016-02-01,中国少年儿童出版社,163645条评论
92.,http://product.dangdang.com/23908638.html,皮皮鲁和鲁西西魔方系列（共8册）,中国大百科全书出版社,2016-01-15,浙江少年儿童出版社,61824条评论
93.,http://product.dangdang.com/23834096.html,植物大战僵尸2武器秘密之神奇探知 历史漫画系列（全套20册）,台湾牛顿出版公司,2011-04-01,中国少年儿童出版社,11599条评论
94.,http://product.dangdang.com/21054899.html,阿凡提经典故事系列丛书（全4册）,贵州教育出版社,2014-07-01,新疆青少年出版社,169261条评论
95.,http://product.dangdang.com/23504059.html,小猪唏哩呼噜(注音版上、下),肖莎娜,2012-03-01,春风文艺出版社,314731条评论
96.,http://product.dangdang.com/22598006.html,全球儿童文学典藏书系(珍藏经典版，共20册),湖南少年儿童出版社,2011-01-01,湖南少年儿童出版社（当当书友会）,25352条评论
97.,http://product.dangdang.com/22568795.html,可怕的科学 经典数学系列,克里斯蒂娜・帕吕伊,2014-09-15,   ,24780条评论
98.,http://product.dangdang.com/23555428.html,郑渊洁给孩子的励志书,广州出版社,2012-06-01,天津人民出版社,64240条评论
99.,http://product.dangdang.com/23224792.html,天天读经典・世界儿童文学名著精读本（全22册）,,2013-12-20,天天出版社,16565条评论
100.,http://product.dangdang.com/23394105.html,最美最美的中国童话 独家光盘版（全36册礼盒套装),,,江苏美术出版社,5765条评论
101.,http://product.dangdang.com/23471719.html,让孩子痴迷的创意思维游戏（共2册）,凯特,2014-05-01,光明日报出版社,37477条评论
102.,http://product.dangdang.com/23427130.html,小小自然图书馆（全40册）,光明日报出版社,2014-01-01,安徽少年儿童出版社,50941条评论
103.,http://product.dangdang.com/23918143.html,科学跑出来系列(第一辑):恐龙跑出来了+龙卷风跑出来了+太阳跑出来了等(套装共4册),帕帕尤娜,2016-03-01,中信出版社,5209条评论
104.,http://product.dangdang.com/23207642.html,从小爱科学・小口袋大世界（全40册）,安徽少年儿童出版社,2013-03-01,湖南少儿出版社,17063条评论
105.,http://product.dangdang.com/23612074.html,幻想数学大战1-20,卡罗琳・罗兰兹,2014-11-01,蓝天出版社,6090条评论
106.,http://product.dangdang.com/23260921.html,中国儿童百科全书（超值精装全4册）,中信出版社,2013-04-01,中国大百科全书出版社,32335条评论
107.,http://product.dangdang.com/23345759.html,男孩的冒险书（全彩典藏版）,娜塔莉托扎曼,2013-09-01,广西科学技术出版社,59173条评论
108.,http://product.dangdang.com/23783983.html,贝尔写给你的荒野求生少年生存百科（全3册）,湖南少儿出版社,2015-10-01,接力出版社,21467条评论
109.,http://product.dangdang.com/23193036.html,大个子老鼠小个子猫 第一辑（注音版1-9),图画树,2013-04-01,春风文艺出版社,48552条评论
110.,http://product.dangdang.com/22468968.html,写给孩子的哲学启蒙书（全六册）,蓝天出版社,2011-07-01,广西师范大学出版社,55791条评论
111.,http://product.dangdang.com/23257436.html,丁丁当当（全7册）,,2013-06-01,中国少年儿童出版社,84204条评论
112.,http://product.dangdang.com/22545142.html,古利和古拉系列（1-7）,中国大百科全书出版社,2011-11-15,南海出版公司,82970条评论
113.,http://product.dangdang.com/23643320.html,英国脑力阶梯训练（全三册）,康恩・伊古尔登,2015-01-01,天天出版社有限责任公司,70359条评论
114.,http://product.dangdang.com/23221594.html,最励志校园小说第1辑+第2辑（共8册）,广西科学技术出版社,2013-04-09,湖北少儿出版社,40779条评论
115.,http://product.dangdang.com/20789255.html,看里面系列第一辑,贝尔・格里尔斯,2009-07-01,未来出版社,23933条评论
116.,http://product.dangdang.com/22541581.html,我爱阅读桥梁书：红色40册1辑+2辑（全40册）,接力出版社,2011-11-08,广州出版社,34472条评论
117.,http://product.dangdang.com/22760339.html,恐龙大陆,周锐,2012-05-01,新星出版社,55738条评论
118.,http://product.dangdang.com/23251496.html,中国第一套幼儿生活百科：什么是什么低幼版（全14册）,春风文艺出版社,2013-05-01,湖北少儿出版社,28638条评论
119.,http://product.dangdang.com/24012161.html,神奇校车・手工益智版（全8册）,拉贝,2016-07-13,贵州人民出版社,128139条评论
120.,http://product.dangdang.com/23834095.html,植物大战僵尸2武器秘密之你问我答 科学漫画系列（套装20册）,广西师范大学出版社,2016-01-10,中国少年儿童出版社,9155条评论
121.,http://product.dangdang.com/23629505.html,有故事的汉字 第1辑（当当独家订制版，全3册）,邱昭瑜,2015-01-06,青岛出版社,122887条评论
122.,http://product.dangdang.com/23526685.html,你好！科学・最亲切的科学原理启蒙图画书合辑（全50册）,金兰珠,2014-07-01,长江少年儿童出版社,21793条评论
123.,http://product.dangdang.com/23843945.html,奇先生妙小姐・双语故事,罗杰・哈格里维斯,2016-02-01,人民邮电出版社,17645条评论
124.,http://product.dangdang.com/23289194.html,寻宝记系列(1-20)我的第一本科学漫画书,小熊工作室,2013-07-01,二十一世纪出版社,18030条评论
125.,http://product.dangdang.com/23203331.html,科学全知道（全30册）,弗兰・马努斯基,2013-03-01,云南出版集团公司 晨光出版社,43598条评论
126.,http://product.dangdang.com/23947171.html,你好！世界（共5册）培养专注力、思考力和想象力的亲子互动绘本,安娜・菲斯克,2016-05-01,广西科学技术出版社,42964条评论
127.,http://product.dangdang.com/21099374.html,德国少年儿童百科知识全书：什么是什么全辑（平装全120册）,雷纳・科特,2011-06-07,湖北教育出版社,6247条评论
128.,http://product.dangdang.com/23198676.html,字的童话（全7册）,林世仁,2013-04-01,贵州人民出版社,89069条评论
129.,http://product.dangdang.com/20353519.html,贝贝熊系列丛书・第2辑（31-50册）,博丹,2008-01-01,,31143条评论
130.,http://product.dangdang.com/8964881.html,安徒生童话全集（200周年超级典藏本）,安徒生,2005-01-01,浙江少年儿童出版社,42666条评论
131.,http://product.dangdang.com/22614296.html,“第一次发现丛书手电筒系列”平装版 ( 全20册),法国伽利玛少儿出版社,2012-01-01,接力出版社,15121条评论
132.,http://product.dangdang.com/23494669.html,了解我自己系列（我的身体我知道＋我的情绪我控制）,戴尔芬・果达尔,2014-07-01,山东科学技术出版社,32469条评论
133.,http://product.dangdang.com/23486982.html,淘气包马小跳漫画升级版（第二辑套装全十册）,杨红樱,2014-05-01,安徽少年儿童出版社,80394条评论
134.,http://product.dangdang.com/23282221.html,绝境狼王系列（全6册）,凯瑟琳・拉丝基,2013-08-01,接力出版社,39489条评论
135.,http://product.dangdang.com/23967348.html,我的第一本地理启蒙书,郑利强,2016-06-01,新世界出版社,519079条评论
136.,http://product.dangdang.com/21121570.html,神奇校车人文版（共3册）,乔安娜柯尔,2011-07-01,贵州人民出版社,129706条评论
137.,http://product.dangdang.com/23464339.html,Key Words（1-6级）快乐瓢虫双语童书,W.默瑞,2014-05-01,北京师范大学出版社,12297条评论
138.,http://product.dangdang.com/23822066.html,让孩子爱上科学的趣味实验大百科,学研教育出版,2015-12-01,浙江少年儿童出版社,111669条评论
139.,http://product.dangdang.com/23486981.html,淘气包马小跳漫画升级版（第一辑套装全十册）,杨红樱,2014-06-01,安徽少年儿童出版社,105377条评论
140.,http://product.dangdang.com/21000723.html,学会爱自己（全3册）,克雷文,2010-12-22,青岛出版社,399658条评论
141.,http://product.dangdang.com/23825184.html,美国经典专注力培养大书（进阶版）（全6册）,Highlight杂志社,2015-12-10,湖南少年儿童出版社,33977条评论
142.,http://product.dangdang.com/23468748.html,儿童艺术博物馆：和孩子一起欣赏世界名画,克莱尔,2014-06-01,人民美术出版社,23522条评论
143.,http://product.dangdang.com/22568792.html,可怕的科学 经典科学系列,尼克・阿诺德,2010-01-01,北京少年儿童出版社,9426条评论
144.,http://product.dangdang.com/23246612.html,冒险岛数学奇遇记1-20,宋道树,2013-05-08,光明日报出版社,9352条评论
145.,http://product.dangdang.com/22807656.html,看里面系列第三辑（全套5册）,埃里克斯・弗利斯,2012-06-01,   ,13107条评论
146.,http://product.dangdang.com/20810568.html,安房直子幻想小说系列（共6册）,安房直子,2010-06-01,少年儿童出版社,91570条评论
147.,http://product.dangdang.com/23588073.html,我的第一本英语发声词典-迪士尼英语家庭版,迪士尼艺术组,2014-06-01,陕西人民教育出版社,41343条评论
148.,http://product.dangdang.com/23421075.html,一个孩子的诗园,罗伯特・路易斯・斯蒂文森,2014-02-01,湖北美术出版社,44543条评论
149.,http://product.dangdang.com/20719765.html,海豚绘本花园第1辑・无声的关爱（全15册）,波・R・汉伯格,2014-01-01,湖北美术出版社,34587条评论
150.,http://product.dangdang.com/23665432.html,郑渊洁十年未出版的经典童话,郑渊洁,2015-05-01,天津人民出版社,87932条评论
151.,http://product.dangdang.com/23719883.html,小虎神探队（套装1-10册）,托马斯・布热齐纳,2015-07-01,人民邮电出版社,17015条评论
152.,http://product.dangdang.com/23479388.html,动物小说大王沈石溪 品藏书系（共28册）,沈石溪,2012-10-01,浙江少年儿童出版社,30610条评论
153.,http://product.dangdang.com/23352787.html,爱心树,谢尔.希尔弗斯坦,2013-11-01,南海出版公司,166125条评论
154.,http://product.dangdang.com/23520085.html,不可思议的旅程,艾伦・贝克尔,2014-08-01,新星出版社,87217条评论
155.,http://product.dangdang.com/23963837.html,小屁孩日记（1-20）平装套装,杰夫・金尼�M,2016-06-01,新世纪出版社,41277条评论
156.,http://product.dangdang.com/20386185.html,动物小说大王沈石溪・品藏书系(全6册),沈石溪,2008-11-01,浙江少年儿童出版社,56527条评论
157.,http://product.dangdang.com/23454155.html,小淘气尼古拉的故事全集（全11册）,勒内・戈西尼,2014-05-01,中国少年儿童出版社,45330条评论
158.,http://product.dangdang.com/22583358.html,安房直子月光童话系列（全5册）,安房直子,2012-01-01,接力出版社,59587条评论
159.,http://product.dangdang.com/23320302.html,笨狼的故事 （全 10册，礼品盒装） 汤素兰 注音版,汤素兰,2013-05-01,广州出版社,40320条评论
160.,http://product.dangdang.com/23929175.html,海底小纵队探险记：全10册（第二辑）,Vampire,2016-04-01,长江少年儿童出版社,33336条评论
161.,http://product.dangdang.com/23578711.html,世界第一少年侦探团（第一辑全5册套装）,伊妮德布莱顿,2014-10-01,北京联合出版公司,66113条评论
162.,http://product.dangdang.com/23567110.html,小牛顿科学馆续集（共60册）,台湾牛顿出版公司,2014-10-01,贵州教育出版社,13041条评论
163.,http://product.dangdang.com/23473370.html,美国经典学习能力培养大书（全12册）,美国Highlights杂志社,2014-05-01,湖南少年儿童出版社,27933条评论
164.,http://product.dangdang.com/23560149.html,米小圈上学记三年级套装（共4册）,北猫,2014-09-01,四川少儿出版社,51883条评论
165.,http://product.dangdang.com/22534124.html,我爱阅读桥梁书：蓝色系列1辑+2辑（全40册）,拉沙,2011-11-08,广州出版社,42812条评论
166.,http://product.dangdang.com/23205889.html,《装在口袋里的爸爸》系列 第1辑（1-7）,杨鹏,2013-12-02,春风文艺出版社,63807条评论
167.,http://product.dangdang.com/23644139.html,DK儿童地理百科全书（2018年全新修订版）,英国DK公司,2014-12-10,中国大百科全书出版社,37410条评论
168.,http://product.dangdang.com/21090607.html,冒险岛数学奇遇记1-5,宋道树,2011-05-01,光明日报出版社,31771条评论
169.,http://product.dangdang.com/20645043.html,万物简史 (少儿彩绘版),布莱森,2009-07-01,接力出版社,46024条评论
170.,http://product.dangdang.com/23386166.html,少年励志小说馆（第1―4辑，全24册）,琳达优本,2013-12-06,湖北少儿出版社,13722条评论
171.,http://product.dangdang.com/20203259.html,彩乌鸦系列(全20册),米切尔,2008-05-01,二十一世纪出版社,57785条评论
172.,http://product.dangdang.com/21005545.html,查理九世第一卷1-4（进级版 共4册）,雷欧幻像,2016-09-01,浙江少年儿童出版社,89872条评论
173.,http://product.dangdang.com/23622887.html,希利尔写给儿童的世界历史、世界地理和艺术史（全三册）,V.M.希利尔,2015-02-28,东方出版社,19874条评论
174.,http://product.dangdang.com/20575570.html,苏斯博士双语系列（全十册）,苏斯,2009-04-01,中译出版社（原中国对外翻译出版公司）,25922条评论
175.,http://product.dangdang.com/23522023.html,皮皮鲁送你100条命儿童安全百科（1-8辑，全16册）,郑渊洁,2014-08-01,二十一世纪出版社,4982条评论
176.,http://product.dangdang.com/23380551.html,生命价值（第一、二辑合集，套装共24册）,小多,2013-12-01,,16665条评论
177.,http://product.dangdang.com/23196782.html,可怕的科学-爱上小学数学（6册),卡佳坦・波斯基特,2012-03-01,北京少年儿童出版社,37215条评论
178.,http://product.dangdang.com/23928971.html,世界儿童历史小说经典（全8册）,马景贤,2016-04-20,贵州教育出版社,15080条评论
179.,http://product.dangdang.com/23352713.html,美国国家地理―― 环球少年地理 精选集1  (全9册),国家地理,2013-11-01,青岛出版社,35508条评论
180.,http://product.dangdang.com/22918682.html,I Can Read!贝贝熊系列丛书双语阅读（全12册）,斯坦,2013-01-01,新疆青少年出版社,43782条评论
181.,http://product.dangdang.com/22543870.html,神奇树屋典藏版有声书（共8盒，32册，附CD）,奥斯本,2011-02-01,湖北少儿出版社,9261条评论
182.,http://product.dangdang.com/23662022.html,草房子（当当网定制版）,曹文轩,2015-03-01,天天出版社有限责任公司,206030条评论
183.,http://product.dangdang.com/23933715.html,暖暖心绘本・旅行版（全30册）,米兰弗特毕,2016-05-01,湖南少年儿童出版社,20591条评论
184.,http://product.dangdang.com/22627129.html,哲学鸟飞罗系列,碧姬拉贝,2012-02-01,接力出版社,22423条评论
185.,http://product.dangdang.com/23693405.html,我的第一本探索图册套装（共2册）,Publishing,2015-04-01,江西高校出版社,23544条评论
186.,http://product.dangdang.com/23533682.html,看里面第四辑（全4册）,艾米丽・邦,2014-10-01,未来出版社,16540条评论
187.,http://product.dangdang.com/20820516.html,欧美经典儿歌《唱歌啦！》WEE SING （带CD，全9册）,尼普,2010-04-19,中译出版社（原中国对外翻译出版公司）,34786条评论
188.,http://product.dangdang.com/23170830.html,学会爱自己（第2辑）（学会大声说“不”，拒绝不当对待！学会保护自己！）,史蒂芬柯洛,2013-01-01,青岛出版社,128203条评论
189.,http://product.dangdang.com/23333476.html,疯狂学校（套装全六册）,古特曼,2013-08-01,江苏少年儿童出版社,66405条评论
190.,http://product.dangdang.com/23574021.html,哈利・波特与魔法石,罗琳,2000-09-01,人民文学出版社,139306条评论
191.,http://product.dangdang.com/20937626.html,张秋生小巴掌经典童话注音版品藏（共10册）,张秋生,2010-03-01,浙江少年儿童出版社,37241条评论
192.,http://product.dangdang.com/20835774.html,小牛顿科学馆（第2辑，共6册）,台湾牛顿出版公司,2014-01-12,贵州教育出版社,35952条评论
193.,http://product.dangdang.com/20895220.html,鸭子骑车记,大卫・夏农,2011-05-01,南海出版公司,99340条评论
194.,http://product.dangdang.com/23624833.html,名著名译名绘版 十册套装,马克,2015-01-01,接力出版社,6693条评论
195.,http://product.dangdang.com/23460418.html,小猪唏哩呼噜（注音版套装5册）,孙幼军,2014-01-01,春风文艺出版社,45216条评论
196.,http://product.dangdang.com/23288237.html,三毛流浪记全集（彩图注释版）,张乐平,2013-06-01,少年儿童出版社,51345条评论
197.,http://product.dangdang.com/23380883.html,手斧男孩（套装：1-5本）,盖瑞`伯森,2013-11-27,吉林文史出版社,41980条评论
198.,http://product.dangdang.com/23345760.html,男孩的冒险书（全彩大合辑，共6册）,康恩・伊古尔登,2013-09-01,广西科学技术出版社,69516条评论
199.,http://product.dangdang.com/23418061.html,国际大奖小说――爱德华的奇妙之旅（精装本）,迪卡米洛,2014-02-01,新蕾出版社,139550条评论
200.,http://product.dangdang.com/23588253.html,幻想数学大战1-5,图画树,2014-11-01,蓝天出版社,13225条评论
201.,http://product.dangdang.com/23465222.html,非常小公主系列（全10册）,马西尼,2014-05-01,译林出版社,36341条评论
202.,http://product.dangdang.com/23694288.html,I Can Read First Leve l (12books+2CDs)汪培廷推荐书单I Can Read第一辑（12本书+2张CD）ISBN9780062402196,Hoff,2015-05-05,HarperCollins,5781条评论
203.,http://product.dangdang.com/20686500.html,我爱阅读桥梁书：黄色系列第1辑（全20册）,克里斯蒂娜・帕吕伊,2009-09-01,广州出版社,36767条评论
204.,http://product.dangdang.com/23437495.html,儿童古典音乐绘本（第一、二合辑，共16册）,马科希姆萨,2014-04-01,北京科学技术出版社,10463条评论
205.,http://product.dangdang.com/23922570.html,杨红樱童话注音本系列（鼹鼠妈妈讲故事+毛毛虫的天空+小人精的故事+偷梦的影子等，套装共10册）,杨红樱,2016-04-01,安徽少年儿童出版社,44212条评论
206.,http://product.dangdang.com/23829353.html,世界名人传记・励志成长绘本（全10册）,武鹿悦子,2016-01-01,长江少年儿童出版社,11628条评论
207.,http://product.dangdang.com/23533383.html,绕着地球跑一圈（套装共18册）,鲁苇,2014-08-01,化学工业出版社,7625条评论
208.,http://product.dangdang.com/23763515.html,写给儿童的名人故事,章衣萍,2015-09-01,团结出版社,7662条评论
209.,http://product.dangdang.com/23408306.html,十万个为什么（小学生彩绘版）,蜗牛爸爸,2014-01-01,煤炭工业出版社,69799条评论
210.,http://product.dangdang.com/20503986.html,猫武士一部曲（全6册）,艾琳・亨特,2009-03-01,中国少年儿童出版社,48598条评论
211.,http://product.dangdang.com/23412280.html,物种起源:少儿彩绘版(少儿万有经典文库 ),苗德岁,2014-01-01,接力出版社,38803条评论
212.,http://product.dangdang.com/20919762.html,看里面系列第二辑,埃里克斯弗里斯,2010-08-01,未来出版社,15938条评论
213.,http://product.dangdang.com/22731154.html,阅读123系列・第1辑（全10册）,林哲璋,2012-05-01,贵州人民出版社,30019条评论
214.,http://product.dangdang.com/23705202.html,杨红樱淘气包马小跳系列 典藏版（套装共22册） ,杨红樱,2015-01-01,浙江少年儿童出版社,3814条评论
215.,http://product.dangdang.com/23653053.html,哇！科学好简单・趣味互动版（全12册）,海伦贝克,2015-02-16,广西科学技术出版社,8460条评论
216.,http://product.dangdang.com/23940916.html,笑猫日记1-22册全套,杨红樱,2016-03-04,明天出版社,1775条评论
217.,http://product.dangdang.com/20040506.html,森林报（春、夏、秋、冬 全四册）,比安基,2007-10-01,二十一世纪出版社,93366条评论
218.,http://product.dangdang.com/23264857.html,培生英语：我的第一套自然拼读故事（包含40册图书 3张光盘 指导手册 96张单词卡）,艾莉森・霍斯,2013-06-01,湖北少儿出版社,10135条评论
219.,http://product.dangdang.com/23292645.html,永远讲不完的故事(新译本),米切尔・恩德,2013-06-01,２１世纪出版社,143544条评论
220.,http://product.dangdang.com/23591142.html,小莲游莫奈花园系列绘本,克里斯蒂娜,2014-11-01,光明日报出版社,26775条评论
221.,http://product.dangdang.com/23351316.html,妙想科学（全12册套装）,罗伯特・E・韦尔斯,2013-10-01,贵州人民出版社,22643条评论
222.,http://product.dangdang.com/23368941.html,佐贺的超级阿嬷,岛田洋七,2013-11-01,南海出版公司,151559条评论
223.,http://product.dangdang.com/23925181.html,绽放自我――歪歪兔生命教育童话（培养孩子独立思考的能力）,吉葡乐,2016-05-01,海豚出版社,25087条评论
224.,http://product.dangdang.com/23794140.html,写给儿童的通俗文学（第一辑，1-10册）,华一书局,2015-10-01,,5158条评论
225.,http://product.dangdang.com/20976501.html,最新版杨红樱非常校园系列（共8册）,杨红缨,2011-01-01,浙江少年儿童出版社,38104条评论
226.,http://product.dangdang.com/23714197.html,《极地重生》沙克尔顿南极史诗之旅,威廉格利尔,2015-08-01,长江少年儿童出版社,26197条评论
227.,http://product.dangdang.com/23569198.html,曹文轩儿童文学获奖作品（套装全6册）,曹文轩,2014-10-01,安徽少年儿童出版社,40472条评论
228.,http://product.dangdang.com/23801428.html,世界上最酷最酷的科学书（大字版，全19册）,丹・格林,2015-10-30,湖南少年儿童出版社,6346条评论
229.,http://product.dangdang.com/23579622.html,A to Z 神秘案件（A to Z Mysteries，共26册，中英双语）,罗恩・罗伊,2014-10-01,连环画出版社,11261条评论
230.,http://product.dangdang.com/21130065.html,百岁童谣（全五册）,山曼,2011-08-01,贵州人民出版社,35542条评论
231.,http://product.dangdang.com/23806348.html,中国神话故事（注音全彩修订本套装3本）,聂作平,2015-10-01,春风文艺出版社,68123条评论
232.,http://product.dangdang.com/23798774.html,刘慈欣少年科幻科学小说系列（全五册）,刘慈欣,2016-01-01,广西师范大学出版社,26685条评论
233.,http://product.dangdang.com/23895620.html,冒险岛数学奇遇记36-40,宋道树,2016-03-01,光明日报出版社,7346条评论
234.,http://product.dangdang.com/22618697.html,没头脑和不高兴 任溶溶注音系列（全3册）,任溶溶,2012-04-01,浙江少年儿童出版社,134112条评论
235.,http://product.dangdang.com/22925417.html,芭比公主故事（全12册）,英国艾格萌有限公司,2012-12-01,湖北少儿出版社,22103条评论
236.,http://product.dangdang.com/20359144.html,小威向前冲,艾伦,2008-10-01,贵州人民出版社,177517条评论
237.,http://product.dangdang.com/22840970.html,朗读手册(1-3）,吉姆・崔利斯,2012-08-01,南海出版社,30805条评论
238.,http://product.dangdang.com/23289197.html,儿童百问百答 第一辑（共5册）1-5 我的第一本科学漫画书,道奇胜,2013-07-01,二十一世纪出版社,21089条评论
239.,http://product.dangdang.com/22518525.html,幻想数学大战6-10,图画树,2011-11-01,蓝天出版社,30614条评论
240.,http://product.dangdang.com/23840223.html,怪物大师（1-16）,雷欧幻像,2016-02-01,接力出版社,3272条评论
241.,http://product.dangdang.com/23207506.html,丽声经典故事屋第一级至第三级套装  (外研社英语分级阅读)(可点读),Alex,2013-03-01,外语教学与研究出版社,20469条评论
242.,http://product.dangdang.com/20957093.html,一粒种子的旅行,默勒,2010-11-01,南海出版公司,102049条评论
243.,http://product.dangdang.com/23228202.html,十万个为什么（纪念珍藏版，全12册）,卢嘉锡,2013-04-17,少年儿童出版社,26406条评论
244.,http://product.dangdang.com/23797242.html,我和小姐姐克拉拉（共3册）1.2.3 经典完全本,迪米特尔茵可夫,2015-09-01,二十一世纪出版社,116805条评论
245.,http://product.dangdang.com/23954946.html,时间线：精美手绘世界史绘本（儿童读懂世界的一本书）,彼得・胡斯,2016-05-18,中信出版社,15042条评论
246.,http://product.dangdang.com/23649698.html,中外动物小说精品・升级版（全8册）,沈石溪,2015-02-01,安徽少年儿童出版社,11525条评论
247.,http://product.dangdang.com/23198801.html,各种各样系列-典藏版,艾玛・戴蒙,2013-03-01,   ,6621条评论
248.,http://product.dangdang.com/23755858.html,超级纸飞机(全2册+随书附赠136张迷彩纸飞机素材纸）,肯・布莱克布恩,2015-08-01,新星出版社,12546条评论
249.,http://product.dangdang.com/23348260.html,热带雨林历险记(共10册） 我的第一本科学漫画书,李泰虎,2013-08-01,二十一世纪出版社,14337条评论
250.,http://product.dangdang.com/23370059.html,科瓦奇讲植物、动物、天文与地理（全三册）,查尔斯・科瓦奇,2013-12-01,贵州教育出版社,26868条评论
251.,http://product.dangdang.com/20043534.html,庆子绘本（全4册）,凯萨兹,2007-10-15,贵州人民出版社,78187条评论
252.,http://product.dangdang.com/23806443.html,中国成语大会・我的智慧成语世界1-2（全二册）,中国成语大会,2015-12-01,接力出版社,13881条评论
253.,http://product.dangdang.com/22568563.html,查理九世第三卷9-12（进级版 共4册）,雷欧幻像,2016-09-01,浙江少年儿童出版社,57914条评论
254.,http://product.dangdang.com/22891331.html,一年级大个子二年级小个子（注音版）,古田足日,2012-06-01,接力出版社,194469条评论
255.,http://product.dangdang.com/22754085.html,我是数学迷第一辑（套装共16册）,辛迪・诺伊施万德,2012-06-01,外语教学与研究出版社,34487条评论
256.,http://product.dangdang.com/9173226.html,穿越时空：穿越时间长河的神秘之旅（全12本）,哈里斯,2006-01-01,北京科学技术出版社,25009条评论
257.,http://product.dangdang.com/20557038.html,蒲公英国际大奖小说系列（共6册）,汤米,2009-05-01,贵州人民出版社,48302条评论
258.,http://product.dangdang.com/23831697.html,文白对照少年丛书（套装28册）,孙毓修,2015-12-01,团结出版社,2844条评论
259.,http://product.dangdang.com/23421063.html,上下五千年&世界五千年（最新版经典套装，共4册）,林汉达,2014-01-01,少年儿童出版社,21323条评论
260.,http://product.dangdang.com/21081564.html,查理九世第二卷5-8（全四册）,雷欧幻像,2011-05-01,浙江少年儿童出版社,49465条评论
261.,http://product.dangdang.com/20910677.html,斯凯瑞金色童书 第6辑（全4册）,理查德斯凯瑞,2010-09-01,贵州人民出版社,74658条评论
262.,http://product.dangdang.com/23879066.html,沈石溪激情动物小说系列（12本套装）,沈石溪,2016-01-01,少年儿童出版社,14452条评论
263.,http://product.dangdang.com/22685020.html,冒险岛数学奇遇记6-10,宋道树,2012-04-01,光明日报出版社,20093条评论
264.,http://product.dangdang.com/23945818.html,动物小说大王沈石溪 品藏书系精选集 签名版（共10册）,沈石溪,2016-01-01,浙江少年儿童出版社,28409条评论
265.,http://product.dangdang.com/20159290.html,派老头和捣乱猫的开心故事（共8册）,斯文・诺德奎斯特,2007-04-01,新蕾出版社,31589条评论
266.,http://product.dangdang.com/22937563.html,少年励志小说馆合辑（第1+2辑，全12册）,法国,2013-05-01,湖北少儿出版社,26584条评论
267.,http://product.dangdang.com/23464503.html,奇趣脑力大挑战（全6册）,Usborne出版社,2014-05-01,连环画出版社,18867条评论
268.,http://product.dangdang.com/22764348.html,四大名著儿童版（全4册）,罗贯中,2009-01-01,湖南少年儿童出版社（当当书友会）,34912条评论
269.,http://product.dangdang.com/23638052.html,身边的科学,小石新八,2014-05-01,水利水电出版社,73807条评论
270.,http://product.dangdang.com/22580026.html,植物大战僵尸.武器秘密故事系列（共16册）,葛冰,2012-01-01,中国少年儿童出版社,55385条评论
271.,http://product.dangdang.com/20686501.html,我爱阅读桥梁书：红色系列第1辑（全20册）,克里斯蒂娜・阿侬,2009-09-01,广州出版社,26797条评论
272.,http://product.dangdang.com/22497108.html,平凡的世界（普及本）,路遥,2011-09-01,北京十月文艺出版社,81988条评论
273.,http://product.dangdang.com/23418530.html,万物简史+物种起源：少儿彩绘版,布莱森,2014-01-01,接力出版社,14579条评论
274.,http://product.dangdang.com/21048396.html,幻想数学大战16-20,图画树,2011-04-01,蓝天出版社,29541条评论
275.,http://product.dangdang.com/22932077.html,亚瑟小子双语阅读系列 全18册,马克・布朗,2013-01-01,新疆青少年出版社,19383条评论
276.,http://product.dangdang.com/22807640.html,奇趣大物理,汤姆・亚当斯,2012-09-01,未来出版社,21883条评论
277.,http://product.dangdang.com/23262572.html,漫画中国――漫画上下五千年（全套共12册）,洋洋兔,2013-05-01,北京理工大学出版社,12212条评论
278.,http://product.dangdang.com/24010198.html,罗尔德・达尔作品典藏（12本套装）,罗尔德・达尔,2016-05-06,明天出版社,7728条评论
279.,http://product.dangdang.com/23878838.html,米小圈脑筋急转弯（套装共4册）,北猫,2016-01-01,四川少儿出版社,208837条评论
280.,http://product.dangdang.com/23677835.html,DK儿童人类历史百科全书,英国DK公司,2015-04-20,中国大百科全书出版社,8843条评论
281.,http://product.dangdang.com/23526616.html,大盗贼 (共3册）,奥德弗雷德普鲁士勒,2014-06-01,二十一世纪出版社,63385条评论
282.,http://product.dangdang.com/23947015.html,去野外（博洛尼亚童书金奖、文津图书奖获奖作品）,伊内斯・特谢拉・多罗萨里奥,2016-05-01,广西科学技术出版社,46469条评论
283.,http://product.dangdang.com/23588255.html,好习惯攻略：郑渊洁分享给孩子和家长的好习惯书,郑渊洁,2014-11-01,天津人民出版社,45478条评论
284.,http://product.dangdang.com/23603154.html,皮皮鲁和419宗罪小侦探大百科  套装,郑渊洁,2014-12-01,天津人民,30674条评论
285.,http://product.dangdang.com/23628957.html,允许我流三滴泪系列（套装共5册）,赵静,2015-02-01,河北少年儿童出版社,63971条评论
286.,http://product.dangdang.com/22518526.html,幻想数学大战11-15,图画树,2011-10-11,蓝天出版社,24370条评论
287.,http://product.dangdang.com/23693459.html,钱文忠给孩子的国学励志书系列（全5册）,钱文忠,2015-05-01,接力出版社,15274条评论
288.,http://product.dangdang.com/22640615.html,THIS IS米先生的世界旅游绘本・第一季（全6册）,萨塞克,2012-04-01,安徽少年儿童出版社,35928条评论
289.,http://product.dangdang.com/22632544.html,曹文轩文集精华版（共7册）,曹文轩,2012-01-01,天天出版社,24855条评论
290.,http://product.dangdang.com/20874971.html,世界童话名著连环画（共十卷）,浙江少年儿童出版社,2010-07-01,浙江少年儿童出版社,11127条评论
291.,http://product.dangdang.com/23207507.html,丽声经典故事屋第四级至第六级套装  (外研社英语分级阅读)(可点读),Monica,2013-03-01,外语教学与研究出版社,11958条评论
292.,http://product.dangdang.com/23702136.html,星球大战六部曲青少年小说（套装共6册）,帕特丽夏・C.弗雷德,2015-06-01,人民邮电出版社,4126条评论
293.,http://product.dangdang.com/20931735.html,汤素兰童话・笨狼系列（全5册）,汤素兰,2010-10-01,浙江少年儿童出版社,41728条评论
294.,http://product.dangdang.com/20811232.html,海豚绘本花园第3辑・相处的智慧（全15册）,威廉・史塔克,2009-12-01,上海人民美术出版社,18203条评论
295.,http://product.dangdang.com/20831010.html,林汉达中国历史故事集（美绘版）（5册/套）,林汉达,2008-05-01,中国少年儿童出版社,40314条评论
296.,http://product.dangdang.com/23349408.html,大英儿童百科全书 精装珍藏礼盒版 （全8册）,不列颠百科,2013-09-01,湖南少儿出版社,4037条评论
297.,http://product.dangdang.com/22915006.html,甜心小米合集（第1辑+第2辑）（全6册）,殷健灵,2012-11-01,贵州人民出版社,34516条评论
298.,http://product.dangdang.com/23506925.html,DK儿童动物百科全书（2018年全新修订版）,英国DK公司,2014-05-01,中国大百科全书出版社,21008条评论
299.,http://product.dangdang.com/23696777.html,爱上哲学（共10册）,严・马尔尚,2015-06-01,浙江少年儿童出版社,9637条评论
300.,http://product.dangdang.com/22813381.html,杨红樱画本 校园童话套装（6本）,杨红樱,2012-01-01,湖北少儿出版社,12975条评论
301.,http://product.dangdang.com/23327728.html,有趣的科学（平装全9册）,哈蒙德,2013-01-01,科学普及出版社,9997条评论
302.,http://product.dangdang.com/20688814.html,动物小说大王沈石溪品藏书系第二辑（共四册 ）,科学普及出版社,2009-10-01,浙江少年儿童出版社,39781条评论
303.,http://product.dangdang.com/23810452.html,DK汽车大百科,沈石溪,2015-12-01,北京科学技术出版社,14014条评论
304.,http://product.dangdang.com/23473160.html,沈石溪动物小说系列（6本/套）,浙江少年儿童出版社,2014-05-01,北京少年儿童出版社,11271条评论
305.,http://product.dangdang.com/22907244.html,猫武士四部曲-第四学徒（套装1-6全）,英国DK出版社,2011-07-01,未来出版社,28791条评论
306.,http://product.dangdang.com/23232077.html,妈妈，钱是什么？（全6册）,北京科学技术出版社,2013-04-01,贵州教育出版社,42102条评论
307.,http://product.dangdang.com/20686499.html,我爱阅读桥梁书：蓝色系列第1辑（全20册）,沈石溪,2009-09-01,广州出版社,24291条评论
308.,http://product.dangdang.com/23797284.html,萨默励志・品德故事,北京少年儿童出版社,2015-10-01,接力出版社,9946条评论
309.,http://product.dangdang.com/23713309.html,国际大奖小说（全86册）,艾琳・亨特,2015-05-01,新蕾出版社,684条评论
310.,http://product.dangdang.com/23959484.html,我有一只霸王龙（1-12册）第一辑,未来出版社,2016-05-01,中国大百科全书出版社,3549条评论
311.,http://product.dangdang.com/23949257.html,大英儿童百科全书漫画版（1-10册）,格里・贝利,2016-05-31,湖南少年儿童出版社,3779条评论
312.,http://product.dangdang.com/23432722.html,"沈石溪激情动物小说(全11本,礼盒装）",贵州教育出版社,2014-05-01,少年儿童出版社,10330条评论
313.,http://product.dangdang.com/22736973.html,儿童注音版成语故事（全四册简）,纪蒂・威尔,2012-04-01,中国戏剧出版社,52618条评论
314.,http://product.dangdang.com/23349074.html,我是数学迷（第一、二辑合集，套装共22册）,广州出版社,2013-09-01,外语教学与研究出版社,10420条评论
315.,http://product.dangdang.com/23677352.html,亲亲自然（第二季，共40册）,卡尔・萨默,2015-05-11,福建少年儿童出版社,5441条评论
316.,http://product.dangdang.com/23598324.html,曹文轩水精灵丛书（全5册）,接力出版社,2015-01-19,湖南少儿出版社,11693条评论
317.,http://product.dangdang.com/23708947.html,小公主苏菲亚梦想与成长故事系列1-10（套装共10册）,卡尔森,2014-06-01,人民邮电出版社,11651条评论
318.,http://product.dangdang.com/24005755.html,看里面低幼版1+2辑合集（全8册）,新蕾出版社,2015-08-01,未来出版社,10352条评论
319.,http://product.dangdang.com/20984458.html,培生儿童英语分级阅读 第六级（16册图书 4张DVD 1张CD-ROM）,赵闯,2011-01-01,湖北少儿出版社,20763条评论
320.,http://product.dangdang.com/22889807.html,从小爱音乐（全18册）,中国大百科全书出版社,2012-11-01,湖南少年儿童出版社,15635条评论
321.,http://product.dangdang.com/23696921.html,中国历史故事集（修订版 全10册 ）,林汉达,2015-05-01,中国少年儿童出版社,31310条评论
322.,http://product.dangdang.com/23737985.html,不可思议的旅程：彩虹国度,艾伦・贝克尔,2015-07-01,新星出版社,28673条评论
323.,http://product.dangdang.com/23735425.html,孩子，先别急着吃棉花糖+孩子，假如你吃了棉花糖,乔辛迪波沙达,2015-07-01,青岛出版社,30767条评论
324.,http://product.dangdang.com/23808217.html,儿童英语听说绘本第1级（全8册）,阿格妮斯罗桑斯提耶勒,2015-11-01,长江少年儿童出版社,16780条评论
325.,http://product.dangdang.com/23751088.html,爱丽丝漫游奇境（世界经典立体书珍藏版）,刘易斯卡洛尔,2015-07-01,未来出版社,5300条评论
326.,http://product.dangdang.com/23685263.html,飞鼠传奇,托本・库曼,2015-04-01,新蕾出版社,19136条评论
327.,http://product.dangdang.com/22475134.html,不睡觉世界冠军,�酌�,2011-11-01,新星出版社,49694条评论
328.,http://product.dangdang.com/23574026.html,哈利・波特与死亡圣器(哈利・波特系列十五周年全新纪念珍藏版),J.K.Rowling,2007-10-01,人民文学出版社,82256条评论
329.,http://product.dangdang.com/23689301.html,不列颠少儿百科全书 平装版 礼盒（共4册）,不列颠百科全书公司,2015-05-01,浙江少年儿童出版社,5369条评论
330.,http://product.dangdang.com/23574022.html,哈利・波特与凤凰社(哈利・波特系列十五周年全新纪念珍藏版),J.K.罗琳,2009-04-01,人民文学出版社,28547条评论
331.,http://product.dangdang.com/23205890.html,《装在口袋里的爸爸》系列 第2辑（8-14）,杨鹏,2013-04-01,春风文艺出版社,26179条评论
332.,http://product.dangdang.com/20781424.html,可怕的科学（30本套装）,加纳利,2010-01-01,北京少年儿童出版社,6776条评论
333.,http://product.dangdang.com/23431659.html,让孩子着迷的77×2个经典科学游戏,后藤道夫,2014-03-01,南海出版公司,95156条评论
334.,http://product.dangdang.com/23836220.html,儿童音乐之旅绘本套装,苏萨纳,2016-01-01,吉林美术出版社,3242条评论
335.,http://product.dangdang.com/23190572.html,林格伦儿童文学作品集・典藏版――长袜子皮皮,林格伦,2013-01-01,中国少年儿童出版社,132307条评论
336.,http://product.dangdang.com/24044832.html,耕林童书馆 地球通史 （ 让历史不在枯燥的学习方法）墙书系列,克里斯托弗・劳埃德,2016-11-01,江苏凤凰少年儿童出版社,15981条评论
337.,http://product.dangdang.com/22932004.html,冒险岛数学奇遇记11-15,宋道树,2013-01-01,光明日报出版社,14972条评论
338.,http://product.dangdang.com/23460481.html,DK儿童人体百科全书（2018年全新修订版）,郑伯承,2014-03-01,中国大百科全书出版社,20553条评论
339.,http://product.dangdang.com/23300042.html,小屁孩日记（1-5）套装―中文版,杰夫・金尼,2013-07-01,   ,12231条评论
340.,http://product.dangdang.com/20655486.html,揭秘恐龙（看里面系列）,弗利斯,2009-06-01,未来出版社,61757条评论
341.,http://product.dangdang.com/20921444.html,小牛顿科学馆（第3辑，共6册）,台湾牛顿出版公司,2010-08-01,贵州教育出版社,20664条评论
342.,http://product.dangdang.com/23200283.html,中国记忆・传统节日图画书（全12册）,王早早,2012-01-01,北京师范大学出版社,17321条评论
343.,http://product.dangdang.com/20910678.html,斯凯瑞金色童书 益智游戏（全3册）,理查德斯凯瑞,2010-09-01,贵州人民出版社,48324条评论
344.,http://product.dangdang.com/23498298.html,猫武士一、二、三、四部曲（全套24册）,艾琳・亨特,2014-01-01,未来出版社,4984条评论
345.,http://product.dangdang.com/23576813.html,美国国家地理――环球少年地理 精选集2 (全10册),李茗茗,2015-12-01,青岛出版社,11747条评论
346.,http://product.dangdang.com/23367924.html,中国历史地图绘本,中国历史地图绘本,2013-10-01,中国大百科全书出版社,49291条评论
347.,http://product.dangdang.com/23669732.html,任溶溶经典译丛：杜利特医生故事全集 全插图本（共12册）,休・洛夫廷,2015-03-01,浙江少年儿童出版社,6425条评论
348.,http://product.dangdang.com/23572504.html,冒险岛数学奇遇记26-30,宋道树,2014-11-01,光明日报出版社,10385条评论
349.,http://product.dangdang.com/23438477.html,冒险岛数学奇遇记21-25,宋道树,2014-04-01,光明日报出版社,11801条评论
350.,http://product.dangdang.com/23662426.html,可怕的科学《玩转小学科学》（13本/套）,阿诺德,2013-01-01,北京少年儿童出版社,9238条评论
351.,http://product.dangdang.com/22477448.html,蝴蝶・豌豆花（平装）,冰心,2011-07-01,河北教育出版社,148828条评论
352.,http://product.dangdang.com/22575562.html,小屁孩日记（礼品盒装）,杰夫.金尼,2012-01-01,新世纪出版社,10301条评论
353.,http://product.dangdang.com/22642867.html,失落的一角（新版）,谢尔・希尔弗斯坦,2008-03-01,南海出版公司,91876条评论
354.,http://product.dangdang.com/23686859.html,冒险岛数学奇遇记31-35,宋道树,2015-05-01,光明日报出版社,8938条评论
355.,http://product.dangdang.com/23580692.html,哈利・波特与火焰杯(哈利・波特系列十五周年全新纪念珍藏版),J.K.罗琳,2014-10-01,人民文学出版社,31961条评论
356.,http://product.dangdang.com/23578075.html,与美国小学生一起学英文：有趣的阅读系列,李学权,2014-11-01,蓝天出版社,6261条评论
357.,http://product.dangdang.com/23934577.html,2016年国际安徒生奖得主曹文轩作品精选集（共16册）,曹文轩,2016-04-15,中国少年儿童出版社,4959条评论
358.,http://product.dangdang.com/20945970.html,彼得兔的故事（全12册）,波特,2010-09-01,福建少年儿童出版社,19144条评论
359.,http://product.dangdang.com/22494609.html,外研社丽声拼读故事会 第一级套装（可点读）（配CD-Rom电脑驱动光盘）,Julia,2011-08-01,外语教学与研究出版社,36487条评论
360.,http://product.dangdang.com/23485223.html,全球儿童文学典藏书系盒装珍藏版 红盒装（共20册 ）,克里斯蒂娜・涅丝林格,2014-06-01,   ,4465条评论
361.,http://product.dangdang.com/23376717.html,爱.成长芭比公主励志小说  （全8册）,美国美泰公司,2013-12-01,湖北少儿出版社,15318条评论
362.,http://product.dangdang.com/23453491.html,身体大发现（共16册）,学习研究社,2014-03-01,河北教育出版社,2728条评论
363.,http://product.dangdang.com/22590422.html,(新版)上下五千年(上、中、下),林汉达,2012-01-01,少年儿童出版社,43188条评论
364.,http://product.dangdang.com/23362315.html,小猪唏哩呼噜（升级版 套装全3册）,孙幼军,2013-10-01,春风文艺出版社,27297条评论
365.,http://product.dangdang.com/23390941.html,谢尔.希尔弗斯坦经典作品5册,谢尔・希尔弗斯坦,2014-01-01,   ,10827条评论
366.,http://product.dangdang.com/23770138.html,小王子-世界经典立体书珍藏版,安东尼德圣埃克苏佩里,2015-09-01,陕西人民教育出版社,6806条评论
367.,http://product.dangdang.com/23683324.html,任溶溶系列 没头脑和不高兴（注音版 共5册）,任溶溶,2012-04-01,浙江少年儿童出版社,56522条评论
368.,http://product.dangdang.com/23698918.html,世界第一少年侦探团（第二辑全5册套装）,伊妮德布莱顿,2015-06-01,江苏文艺出版社,29407条评论
369.,http://product.dangdang.com/23228476.html,杨鹏 装在口袋里的爸爸（共6册）,杨鹏,2013-05-01,浙江少年儿童出版社,14869条评论
370.,http://product.dangdang.com/20984456.html,培生儿童英语分级阅读 第四级（16册图书+4张DVD动画光盘+1张CD-ROM 互动光盘+1套单词卡片）,维多森,2011-01-01,湖北少儿出版社,18841条评论
371.,http://product.dangdang.com/23790673.html,英国脑力阶梯训练: 故事版・第1辑（全8册）,苏珊娜・利,2015-10-01,天天出版社有限责任公司,20338条评论
372.,http://product.dangdang.com/23460108.html,儿童情绪管理与性格培养绘本(第11辑):培养孩子自控力(套装共7册),弗兰克,2014-05-01,化学工业出版社,22617条评论
373.,http://product.dangdang.com/20569026.html,彩图版李毓佩数学故事系列（全7册）,李毓佩,2009-03-01,湖北少儿出版社,37637条评论
374.,http://product.dangdang.com/23670686.html,不可不知的科学,约翰范登,2015-04-01,长江少年儿童出版社,54142条评论
375.,http://product.dangdang.com/20883780.html,自然图鉴（全5册）,松冈达英,2010-08-01,贵州人民出版社,43664条评论
376.,http://product.dangdang.com/22885625.html,麦田绘本馆・妈妈发火了,崔�`僖,2012-08-01,天津人民美术出版社,30204条评论
377.,http://product.dangdang.com/23574020.html,哈利・波特与“混血王子” (哈利・波特系列十五周年全新纪念珍藏版),罗琳,2005-10-01,人民文学出版社,28364条评论
378.,http://product.dangdang.com/23238629.html,查理九世第五卷17-20（进级版 共4册）,雷欧幻像,2016-09-01,浙江少年儿童出版社,35714条评论
379.,http://product.dangdang.com/23248816.html,汤素兰主编 彩图注音版:笨狼的故事6本套装,汤素兰,2013-05-01,广州出版社,17570条评论
380.,http://product.dangdang.com/20984457.html,培生儿童英语分级阅读 第五级（16册图书+4张DVD动画光盘+1张CD-ROM 互动光盘+1套单词卡片）,休斯,2011-01-01,湖北少儿出版社,20601条评论
381.,http://product.dangdang.com/23595621.html,美国《国家地理》少儿奇趣小百科全集（共10册 ）,美国国家地理学会,2014-10-01,青岛出版社,4322条评论
382.,http://product.dangdang.com/23813372.html,美国国家地理―环球少年地理 精选集3（全10册）,美国国家地理学会,2015-11-15,青岛出版社,8214条评论
383.,http://product.dangdang.com/23574017.html,哈利・波特与密室(哈利・波特系列十五周年全新纪念珍藏版),J.K.罗琳,2000-09-01,人民文学出版社,45680条评论
384.,http://product.dangdang.com/20569633.html,最美的科普.少年版（全6册）,雅各布,2009-06-01,江苏少年儿童出版社,27789条评论
385.,http://product.dangdang.com/23684501.html,写给儿童的启蒙经典（6册全彩）,华一书局,2015-05-01,贵州教育出版社,6720条评论
386.,http://product.dangdang.com/21006082.html,小熊帕丁顿系列（全6册）,邦德,2010-12-01,接力出版社,24676条评论
387.,http://product.dangdang.com/23939729.html,植物大战僵尸2武器秘密之妙语连珠成语漫画 第一辑 （共4册）,笑江南,2016-04-20,中国少年儿童出版社,27403条评论
388.,http://product.dangdang.com/23292646.html,毛毛(米切尔・恩德作品典藏),米切尔・恩德,2013-06-01,２１世纪出版社,116689条评论
389.,http://product.dangdang.com/23456479.html,叶君健译本：安徒生童话全集（全四册）,安徒生,2014-08-01,天津人民出版社,39633条评论
390.,http://product.dangdang.com/23732064.html,植物大战僵尸2・奇幻爆笑漫画系列 第一辑（共10册）,心传奇工作室,2015-07-01,中国少年儿童出版社,4838条评论
391.,http://product.dangdang.com/22537836.html,培生儿童英语分级阅读 第九级（16册图书 1张CD）,詹姆斯・赖尔登,2011-11-01,湖北少儿出版社,19909条评论
392.,http://product.dangdang.com/23597868.html,最新版美国国家地理少儿百科(修订本) 平装版,美国国家地理学会,2014-10-01,安徽少年儿童出版社,10931条评论
393.,http://product.dangdang.com/23752067.html,DK儿童兴趣百科全书 第二次世界大战,英国DK公司,2015-08-01,中国大百科全书出版社,17028条评论
394.,http://product.dangdang.com/20859065.html,最能打动孩子心灵的世界经典童话―木偶奇遇记（美绘版）,卡洛・科洛迪,2010-05-01,中国少年儿童出版社,84755条评论
395.,http://product.dangdang.com/22873557.html,Words词汇漫画书（1-15）,布赖恩・克利尔瑞,2012-02-01,广西教育出版社,8884条评论
396.,http://product.dangdang.com/23742814.html,酷虫学校（1-9）套装,吴祥敏,2015-07-01,北方妇女儿童出版社,3406条评论
397.,http://product.dangdang.com/21001125.html,杨红樱画本科学童话系列整套（8本）,杨红樱,2011-01-01,湖北少儿出版社,14495条评论
398.,http://product.dangdang.com/22809657.html,看里面系列第三辑--揭秘海洋,戴维斯,2012-06-01,未来出版社,51248条评论
399.,http://product.dangdang.com/23546267.html,吹小号的天鹅（新）,怀特,2014-08-01,上海译文出版社,60677条评论
400.,http://product.dangdang.com/23827532.html,挫折万岁（全6册）,宫川比吕,2015-12-01,长江少年儿童出版社,13417条评论
401.,http://product.dangdang.com/23387972.html,DK科普典藏・礼品套装(星空+海洋+人体+恐龙全4册),英国DK公司,2014-01-01,科学普及出版社,4552条评论
402.,http://product.dangdang.com/20357071.html,动物王国大探秘（全4册）,科学普及出版社,2008-09-01,广州出版社,40932条评论
403.,http://product.dangdang.com/23272971.html,可怕的科学(新九册),茱莉亚・布鲁斯文,2013-01-01,梅瑟・迈尔,9990条评论
404.,http://product.dangdang.com/23985513.html,I CAN READ 经典双语阅读绘本,广州出版社,2016-07-01,Vicky,37586条评论
405.,http://product.dangdang.com/23349071.html,外研社英语分级阅读.丽声冒险故事岛(第一级至第四级)（可点读配光盘）,阿诺德,2013-10-01,吉尔・阿特金斯,4026条评论
406.,http://product.dangdang.com/22537835.html,培生儿童英语分级阅读 第八级（16册图书+1张CD）,梅瑟・迈尔,2011-11-01,李尚培,22505条评论
407.,http://product.dangdang.com/23724428.html,自然科学童话（全12册）,湖南少年儿童出版社,2015-07-01,李燕,8349条评论
408.,http://product.dangdang.com/23338649.html,中华上下五千年（一至四 共4册）彩绘注音版,Vicky,2013-08-01,陈建洲,31532条评论
409.,http://product.dangdang.com/23279721.html,中华人物故事全书 第一辑（共10册）,外语教学与研究出版社,2013-07-01,台湾牛顿出版公司,12191条评论
410.,http://product.dangdang.com/20921445.html,小牛顿科学馆（第4辑，共6册）,吉尔・阿特金斯,2010-08-01,笑江南,16603条评论
411.,http://product.dangdang.com/23465026.html,植物大战僵尸2武器秘密之你问我答科学漫画（第一辑共4册）,湖北少儿出版社,2014-02-01,亚尼内・阿莫斯,18402条评论
412.,http://product.dangdang.com/23759169.html,我能管好自己（全套30本）,李尚培,2016-01-01,李渔,2255条评论
413.,http://product.dangdang.com/23233479.html,中华传统蒙学精华注音全本・声律启蒙・笠翁对韵（第二版）,九州出版社,2013-04-01,笑江南,56871条评论
414.,http://product.dangdang.com/23619636.html,植物大战僵尸2武器秘密之神奇探知 历史漫画（第一辑 共4册）,李燕,2014-11-01,宋道树,13178条评论
415.,http://product.dangdang.com/23246611.html,冒险岛数学奇遇记16-20,２１世纪出版社,2013-06-01,洋洋兔,12502条评论
416.,http://product.dangdang.com/23285720.html,漫画中国――漫画史记（函套共12册）,陈建洲,2013-06-01,伯瑞茨,4166条评论
417.,http://product.dangdang.com/23308528.html,人生第一课 写给孩子的哲学书（全7册）,中国少年儿童出版社,2013-08-01,,22377条评论
418.,http://product.dangdang.com/23390358.html,大红狗克里弗套装（30册）,台湾牛顿出版公司,2014-01-01,理查德・斯凯瑞,4982条评论
419.,http://product.dangdang.com/23040328.html,斯凯瑞双语阅读（全10册）,贵州教育出版社,2013-01-01,杨红樱,29996条评论

421.,http://product.dangdang.com/23289198.html,儿童百问百答 第二辑（共5册）6-10  我的第一本科学漫画书,道奇胜,2013-07-01,２１世纪出版社,13410条评论
422.,http://product.dangdang.com/23343525.html,法布尔昆虫记・注音彩图版（10册礼品装）,２１世纪出版社,2013-08-01,中国大百科全书出版社,4541条评论
423.,http://product.dangdang.com/23802161.html,杜登儿童百科词典（百年德国专业辞书出版社出版，德国小学生人手一本的经典百科全书。字典般精炼的语言，必须掌握的核心信息。）,法布尔,2015-12-01,光明日报出版社,3277条评论
424.,http://product.dangdang.com/23381653.html,你好！哲学 最亲切的儿童思想启蒙图画书（全30册）,中国大百科全书出版社,2013-11-01,湖北少儿出版社,10867条评论
425.,http://product.dangdang.com/20947208.html,李欧・李奥尼经典作品集（第一辑，7册）,昆汀格,2010-09-01,南海出版社,7748条评论
426.,http://product.dangdang.com/23785919.html,故宫里的大怪兽（套装共3册）,光明日报出版社,2015-07-01,知识出版社,9566条评论
427.,http://product.dangdang.com/23401912.html,小屁孩日记（1-6年级）,幼教博士专家团队,2011-11-01,春风文艺出版社,9537条评论
428.,http://product.dangdang.com/23366706.html,芝麻街幼儿英语（预备级和基础级）,湖北少儿出版社,2013-10-01,湖北少儿出版社,7973条评论
429.,http://product.dangdang.com/22650529.html,数独合集（共6册）,李欧・李奥尼,2011-06-01,天天出版社,43253条评论
430.,http://product.dangdang.com/23817773.html,智慧公主马小岚纯美爱藏本（共12册）,南海出版社,2015-08-01,化学工业出版社,3094条评论
431.,http://product.dangdang.com/20855849.html,曹文轩文集（共5册）,常怡,2010-01-01,天天出版社有限责任公司,26931条评论
432.,http://product.dangdang.com/20849322.html,海豚绘本花园第5辑・更好的自己（全15册）,知识出版社,2015-09-01,,15211条评论
433.,http://product.dangdang.com/23784491.html,和老爸一起动手酷发明,黄宇,2011-11-01,南海出版公司,8237条评论
434.,http://product.dangdang.com/22537834.html,培生儿童英语分级阅读 第七级（16册图书+1张CD）,春风文艺出版社,2014-06-01,湖北少儿出版社,21726条评论
435.,http://product.dangdang.com/23490693.html,拉鲁斯趣味科学馆(全7册）,美国芝麻街工作室,2012-05-01,吉林科学技术出版社,10496条评论
436.,http://product.dangdang.com/22781538.html,十万个为什么（全4册）,湖北少儿出版社,2013-03-01,湖北美术出版社,29651条评论
437.,http://product.dangdang.com/23207508.html,丽声经典故事屋第七级至第九级套装 (外研社英语分级阅读)(可点读),谢道台,2008-07-01,外语教学与研究出版社,7376条评论
438.,http://product.dangdang.com/22725911.html,海豚绘本花园第10辑・艺术的盛宴（全15册）,天天出版社,2014-10-01,湖北美术出版社,10865条评论
439.,http://product.dangdang.com/23598551.html,I Can Read Leve 2 (10books+4CDs)汪培廷推荐书单I Can Read第二辑（10本书+4张原版CD）ISBN9780062374820,马翠萝,2015-06-01,HarperCollins,3683条评论
440.,http://product.dangdang.com/23732069.html,郑渊洁给孩子的励志书（美绘版）全10册,化学工业出版社,,天津人民出版社,9398条评论
441.,http://product.dangdang.com/23165906.html,I SPY视觉大发现  第二辑 （全8册）,沃尔特维克,2013-11-10,接力出版社,11158条评论
442.,http://product.dangdang.com/20907956.html,科学全景图（全8册）,接力出版社,2010-08-01,湖北美术出版社,27194条评论
443.,http://product.dangdang.com/22545947.html,我爱阅读桥梁书：黄色系列第2辑（全20册）,尼古拉斯・哈里斯,2011-11-01,湖北美术出版社,16319条评论
444.,http://product.dangdang.com/20831348.html,晚安，大猩猩,湖北美术出版社,2010-06-01,南海出版公司,101266条评论
445.,http://product.dangdang.com/23376714.html,我爱阅读桥梁书：红色系列第3辑（全20册）,拉沙,2013-12-01,湖北少儿出版社,7662条评论
446.,http://product.dangdang.com/23443125.html,丰子恺儿童文学全集（套装共7本）,湖北美术出版社,2014-03-01,海豚出版社,10834条评论
447.,http://product.dangdang.com/22642865.html,阁楼上的光,佩吉・拉特曼,2012-04-01,南海出版公司,35488条评论
448.,http://product.dangdang.com/23450279.html,阅读123系列-进阶版（全10册）,南海出版公司,2014-05-01,贵州人民出版社,8884条评论
449.,http://product.dangdang.com/23668816.html,小猪唏哩呼噜（彩色注音版套装5册）,,2015-05-01,春风文艺出版社,21656条评论
450.,http://product.dangdang.com/24021132.html,团结伙伴一起解决问题（歪歪兔领导力教育系列图画书，全10册）,湖北少儿出版社,2016-10-01,海豚出版社,21150条评论
451.,http://product.dangdang.com/23547030.html,永远的小太阳（林良美文书坊，共七册）,丰子恺,2014-08-01,福建少年儿童出版社,10242条评论
452.,http://product.dangdang.com/20655488.html,揭秘地球（看里面系列）,海豚出版社,2009-06-01,未来出版社,39135条评论
453.,http://product.dangdang.com/23239912.html,《大个子老鼠小个子猫》第二辑（彩色注音版8本）,谢尔・希尔弗斯坦文・图,2013-05-01,春风文艺出版社,10737条评论
454.,http://product.dangdang.com/23498091.html,我的儿子皮卡系列 礼盒装（共10册） 曹文轩作品,南海出版公司,2014-04-01,二十一世纪出版社,16325条评论
455.,http://product.dangdang.com/23522885.html,自然手册（全40册）,林世仁,2014-07-01,江苏少年儿童出版社,5508条评论
456.,http://product.dangdang.com/24018738.html,冒险岛数学奇遇记41-45,贵州人民出版社,2016-09-01,光明日报出版社,9617条评论
457.,http://product.dangdang.com/23701824.html,灾难求生儿童小说（共八册）,孙幼军,2015-05-01,接力出版社,6257条评论
458.,http://product.dangdang.com/22471164.html,哈利・波特百科全书,春风文艺出版社,2011-07-01,北京理工大学出版社,28057条评论
459.,http://product.dangdang.com/22537837.html,培生儿童英语分级阅读 第10-12级（12册图书 3张CD）,歪歪兔关键期早教项目组,2011-11-01,湖北少儿出版社,19230条评论
460.,http://product.dangdang.com/23923578.html,DK儿童科学大百科,海豚出版社,2016-03-21,中信出版社,2964条评论
461.,http://product.dangdang.com/22458767.html,中国传统节日故事全八册,司南,2011-07-01,连环画出版社,29941条评论
462.,http://product.dangdang.com/23657922.html,中国经典获奖童话：黑猫警长（5册套装）,连环画出版社,2015-01-01,江苏美术出版社,18963条评论
463.,http://product.dangdang.com/23780744.html,胡小闹日记第3辑乐多多新作（套装共6册）,余非鱼,2015-10-01,北京联合出版公司,7657条评论
464.,http://product.dangdang.com/23461615.html,小马宝莉教你做最受欢迎的女孩（1-6）（套装共6册）,江苏美术出版社,2013-11-01,人民邮电出版社,17134条评论
465.,http://product.dangdang.com/23763985.html,波西・杰克逊系列十周年完结珍藏版,乐多多,2015-09-01,接力出版社,4336条评论
466.,http://product.dangdang.com/23691235.html,昆虫记,北京联合出版公司,2015-04-01,北京联合出版公司,3081条评论
467.,http://product.dangdang.com/23398249.html,爸爸带我看宇宙,童趣出版有限公司,2013-12-05,接力出版社,46811条评论
468.,http://product.dangdang.com/23743429.html,我的第一本时尚养成书 优雅小淑女,人民邮电出版社,2015-08-01,浙江少年儿童出版社,14235条评论
469.,http://product.dangdang.com/23442536.html,杨红樱淘气包马小跳典藏版大礼盒 附赠签名海报（全20册）,雷克・莱尔顿,2014-01-01,浙江少年儿童出版社,3025条评论
470.,http://product.dangdang.com/20902263.html,田鼠阿佛,接力出版社,2010-09-01,南海出版公司,37899条评论
471.,http://product.dangdang.com/20843555.html,《HOW & WHY》美国经典少儿百科知识全书（第一辑共7册）,法布尔,2010-05-21,广西科学技术出版社,36125条评论
472.,http://product.dangdang.com/20588965.html,德国少年儿童百科知识全书：什么是什么套装1（平装全20册）,北京联合出版公司,2009-06-01,湖北教育出版社,14216条评论
473.,http://product.dangdang.com/23471685.html,安野光雅“美丽的童话绘本”系列,乌尔夫・史塔克,2014-07-01,光明日报出版社,11369条评论
474.,http://product.dangdang.com/22529197.html,海豚绘本花园第8辑・大爱的涵义（全15册）,接力出版社,2009-03-01,湖北美术出版社,12098条评论
475.,http://product.dangdang.com/23487421.html,125游戏提升孩子专注力（第1辑，共3册）,魏晓曦,2014-05-01,青岛出版社,19795条评论
476.,http://product.dangdang.com/23317525.html,十万个为什么 第六版(共18册  热点卷、基础卷、专题卷),浙江少年儿童出版社,2013-08-01,少年儿童出版社,3808条评论
477.,http://product.dangdang.com/23710980.html,胡小闹日记（全10册）,杨红樱,2012-01-01,朝华出版社,1836条评论
478.,http://product.dangdang.com/23469460.html,世界动物百科全书,浙江少年儿童出版社,2005-10-01,明天出版社,6437条评论
479.,http://product.dangdang.com/23461513.html,美国少儿英语分级阅读 第1级,李欧・李奥尼,2014-05-01,吉林出版集团有限责任公司,11358条评论
480.,http://product.dangdang.com/20919755.html,看里面系列第二辑――揭秘太空,南海出版公司,2010-08-01,未来出版社,36592条评论
481.,http://product.dangdang.com/22455936.html,外研社丽声拼读故事会 第四.五.六级套装（可点读）（配CD-Rom电脑驱动光盘）,Julia,2011-06-01,外语教学与研究出版社,10927条评论
482.,http://product.dangdang.com/23444351.html,林格伦作品集・美绘版（全14册）（平装）,林格伦,2014-05-01,中国少年儿童出版社,4757条评论
483.,http://product.dangdang.com/23647842.html,柳林风声,肯尼斯格雷厄姆,2015-01-01,光明日报出版社,14196条评论
484.,http://product.dangdang.com/22618545.html,少年励志小说馆（第1辑，全六册）,克莱蒙,2012-02-01,湖北少儿出版社,43682条评论
485.,http://product.dangdang.com/23687852.html,写给孩子的趣味图解中华上下五千年（全4册）,木头人儿童创想中心,2015-05-01,煤炭工业出版社,23887条评论
486.,http://product.dangdang.com/23289195.html,科学实验王（1-14）我的第一本科学漫画书,韩国小熊工作室,2013-07-01,二十一世纪出版社,8505条评论
487.,http://product.dangdang.com/23818965.html,动手玩转世界,安妮塔加纳利,2015-11-01,陕西人民教育出版社,7478条评论
488.,http://product.dangdang.com/23779734.html,我家门外的自然课（庭院里的花+路边的野花+美味的果实+田间的蔬菜）,南妍汀,2016-03-01,中信出版社,11618条评论
489.,http://product.dangdang.com/22567457.html,孩子，先别急着吃棉花糖 升级版,乔辛.迪.波沙达,2011-12-01,青岛出版社,103775条评论
490.,http://product.dangdang.com/23289199.html,儿童百问百答 第三辑（共5册）11-15 我的第一本科学漫画书,申慧荣,2013-06-01,二十一世纪出版社,10827条评论
491.,http://product.dangdang.com/23535644.html,天才发明家（全10册）,格罗特,2014-07-01,中国少年儿童出版社,5120条评论
492.,http://product.dangdang.com/23745288.html,小马宝莉品格培养图画故事书（5册）,孩之宝,2015-07-01,人民邮电出版社,13234条评论
493.,http://product.dangdang.com/24008167.html,皮皮鲁和鲁西西流星系列（包含驯兔记等共9册）,郑渊洁,2016-06-01,浙江少年儿童出版社,40076条评论
494.,http://product.dangdang.com/22731155.html,阅读123系列・第2辑（全10册）,哲也,2012-06-01,贵州人民出版社,10064条评论
495.,http://product.dangdang.com/23735264.html,魔女宅急便大全集（1-6册）2018年国际安徒生奖得主角野荣子代表作,角野荣子,2015-07-10,新星出版社,7914条评论
496.,http://product.dangdang.com/22494610.html,外研社丽声拼读故事会 第二级套装（可点读）（配CD-Rom电脑驱动光盘）,Julia,2011-06-01,外语教学与研究出版社,17901条评论
497.,http://product.dangdang.com/23248815.html,汤素兰主编 幽默文学系列:笨狼的故事7本套装,汤素兰,2013-01-01,广州出版社,7883条评论
498.,http://product.dangdang.com/23454154.html,小淘气尼古拉的故事（共5册）――尼古拉的故事第一辑,勒内・戈西尼,2014-05-01,中国少年儿童出版社,30414条评论
499.,http://product.dangdang.com/23973813.html,写给儿童的人文小百科（10册套装） 写给儿童的文明史另一版本,陈卫平,2016-05-01,安徽少年儿童出版社,4985条评论
500.,http://product.dangdang.com/23574019.html,哈利・波特与阿兹卡班囚徒(哈利・波特系列十五周年全新纪念珍藏版),J.K.罗琳,2014-10-01,人民文学出版社,32541条评论
