1.,http://product.dangdang.com/23427436.html,写给儿童的中国历史（全14册）,陈卫平,2014-04-01,新世界出版社,555232条评论
2.,http://product.dangdang.com/23521768.html,学会管自己（歪歪兔独立成长童话）,陈梦敏,2014-08-01,海豚出版社,321925条评论
3.,http://product.dangdang.com/23600431.html,笑猫日记（套装共二十册）,杨红樱,2014-10-30,明天出版社,149038条评论
4.,http://product.dangdang.com/23323691.html,曹文轩文集典藏版（全7册）,曹文轩,2013-09-01,天天出版社有限责任公司,256853条评论
5.,http://product.dangdang.com/22937060.html,吴姐姐讲历史故事(精美盒装，青少版，全15册）,吴涵碧,2014-01-12,新世界出版社,93830条评论
6.,http://product.dangdang.com/23162001.html,杨红樱淘气包马小跳典藏版一辑（共10册）,杨红樱,2013-02-01,浙江少年儿童出版社,152341条评论
7.,http://product.dangdang.com/23812473.html,郑渊洁十二生肖童话（全12册）（内含《父与子》这篇文章，央视“朗读者”第2期郑渊洁与父亲郑洪升深情共读）,郑渊洁,2015-12-01,浙江少年儿童出版社,166169条评论
8.,http://product.dangdang.com/23700376.html,米小圈上学记（套装12册）,北猫,2015-01-01,四川少儿出版社,84385条评论
9.,http://product.dangdang.com/23778791.html,少年读史记（套装全5册）,张嘉骅,2015-09-01,青岛出版社,467288条评论
10.,http://product.dangdang.com/23946811.html,写给儿童的成语故事（全10册）,百鹤文化,2016-04-01,贵州教育出版社,86948条评论
11.,http://product.dangdang.com/23828979.html,给孩子读诗（畅销100万册纪念，全新升级AR版，扫码免费收听。闫妮赵子琪等明星推荐！愿孩子人之最初，聆听到世界上最优美的语言）,果麦,2016-01-01,浙江文艺出版社,313313条评论
12.,http://product.dangdang.com/23735524.html,查理九世1-25（共25册）,雷欧幻像,2015-07-01,浙江少年儿童出版社,9809条评论
13.,http://product.dangdang.com/23812468.html,郑渊洁四大名传（全4册）,郑渊洁,2015-12-01,浙江少年儿童出版社,151475条评论
14.,http://product.dangdang.com/23344324.html,儿童文学名家名作随身读（套装共10册）,曹文轩,2013-09-25,新世纪出版社,59676条评论
15.,http://product.dangdang.com/23182528.html,沈石溪激情动物小说系列（共8册）,沈石溪,2013-01-29,少年儿童出版社,80663条评论
16.,http://product.dangdang.com/23824303.html,杨红樱淘气包马小跳系列 典藏版 (套装共23册),杨红樱,2015-12-01,浙江少年儿童出版社,15182条评论
17.,http://product.dangdang.com/23205782.html,杨红樱淘气包马小跳典藏版二辑（共10册）,杨红樱,2013-04-01,浙江少年儿童出版社,60761条评论
18.,http://product.dangdang.com/23929853.html,查理九世1-26（共26册）,雷欧幻像,2016-04-01,浙江少年儿童出版社,4713条评论
19.,http://product.dangdang.com/23509507.html,动物小说大王沈石溪・感悟生命书系（套装共5册）,沈石溪,2014-07-01,人民邮电出版社,92409条评论
20.,http://product.dangdang.com/22913098.html,最美最美的中国童话（全36册礼盒套装）,汉声杂志社,2012-12-01,江苏美术出版社,19213条评论
21.,http://product.dangdang.com/20516559.html,林汉达中国历史故事集（珍藏版）,林汉达,2009-02-01,中国少年儿童出版社,163645条评论
22.,http://product.dangdang.com/23908638.html,皮皮鲁和鲁西西魔方系列（共8册）,郑渊洁,2016-02-01,浙江少年儿童出版社,61823条评论
23.,http://product.dangdang.com/21054899.html,阿凡提经典故事系列丛书（全4册）,艾克拜尔,2011-04-01,新疆青少年出版社,169260条评论
24.,http://product.dangdang.com/23504059.html,小猪唏哩呼噜(注音版上、下),孙幼军,2014-07-01,春风文艺出版社,314724条评论
25.,http://product.dangdang.com/23394105.html,最美最美的中国童话 独家光盘版（全36册礼盒套装),汉声杂志社,2013-12-20,江苏美术出版社,5765条评论
26.,http://product.dangdang.com/23193036.html,大个子老鼠小个子猫 第一辑（注音版1-9),周锐,2013-04-01,春风文艺出版社,48552条评论
27.,http://product.dangdang.com/23257436.html,丁丁当当（全7册）,曹文轩,2013-06-01,中国少年儿童出版社,84204条评论
28.,http://product.dangdang.com/22486116.html,幼学启蒙系列丛书（全20册）,赵镇琬,2011-08-01,新世界出版社,24136条评论
29.,http://product.dangdang.com/23629505.html,有故事的汉字 第1辑（当当独家订制版，全3册）,邱昭瑜,2015-01-06,青岛出版社,122884条评论
30.,http://product.dangdang.com/23778278.html,中国汉字听写大会  我的趣味汉字世界（儿童彩绘版)第一辑(共5册）,中国汉字听写大会,2015-10-01,接力出版社,35050条评论
31.,http://product.dangdang.com/23198676.html,字的童话（全7册）,林世仁,2013-04-01,贵州人民出版社,89069条评论
32.,http://product.dangdang.com/23665432.html,郑渊洁十年未出版的经典童话,郑渊洁,2015-05-01,天津人民出版社,87932条评论
33.,http://product.dangdang.com/23479388.html,动物小说大王沈石溪 品藏书系（共28册）,沈石溪,2012-10-01,浙江少年儿童出版社,30610条评论
34.,http://product.dangdang.com/20386185.html,动物小说大王沈石溪・品藏书系(全6册),沈石溪,2008-11-01,浙江少年儿童出版社,56527条评论
35.,http://product.dangdang.com/23320302.html,笨狼的故事 （全 10册，礼品盒装） 汤素兰 注音版,汤素兰,2013-05-01,广州出版社,40319条评论
36.,http://product.dangdang.com/23560149.html,米小圈上学记三年级套装（共4册）,北猫,2014-09-01,四川少儿出版社,51883条评论
37.,http://product.dangdang.com/23205889.html,《装在口袋里的爸爸》系列 第1辑（1-7）,杨鹏,2013-12-02,春风文艺出版社,63807条评论
38.,http://product.dangdang.com/21005545.html,查理九世第一卷1-4（进级版 共4册）,雷欧幻像,2016-09-01,浙江少年儿童出版社,89872条评论
39.,http://product.dangdang.com/23928971.html,世界儿童历史小说经典（全8册）,马景贤,2016-04-20,贵州教育出版社,15080条评论
40.,http://product.dangdang.com/23267906.html,米小圈上学记一年级套装（4本）,北猫,2012-09-01,四川少儿出版社,56486条评论
41.,http://product.dangdang.com/22916806.html,福尔摩斯探案全集（插图典藏版全四册),柯南・道尔,2013-01-01,中国妇女出版社,54596条评论
42.,http://product.dangdang.com/23662022.html,草房子（当当网定制版）,曹文轩,2015-03-01,天天出版社有限责任公司,206029条评论
43.,http://product.dangdang.com/23428051.html,郑渊洁桥梁书： 舒克和贝塔（共15册）,郑渊洁,2014-03-01,天津人民出版社,27630条评论
44.,http://product.dangdang.com/20937626.html,张秋生小巴掌经典童话注音版品藏（共10册）,张秋生,2010-03-01,浙江少年儿童出版社,37241条评论
45.,http://product.dangdang.com/23460418.html,小猪唏哩呼噜（注音版套装5册）,孙幼军,2014-01-01,春风文艺出版社,45216条评论
46.,http://product.dangdang.com/23649935.html,少年读史记（套装，全5册）,张嘉骅,2015-02-01,青岛出版社,23294条评论
47.,http://product.dangdang.com/23922570.html,杨红樱童话注音本系列（鼹鼠妈妈讲故事+毛毛虫的天空+小人精的故事+偷梦的影子等，套装共10册）,杨红樱,2016-04-01,安徽少年儿童出版社,44212条评论
48.,http://product.dangdang.com/23763515.html,写给儿童的名人故事,章衣萍,2015-09-01,团结出版社,7662条评论
49.,http://product.dangdang.com/22731154.html,阅读123系列・第1辑（全10册）,林哲璋,2012-05-01,贵州人民出版社,30019条评论
50.,http://product.dangdang.com/23705202.html,杨红樱淘气包马小跳系列 典藏版（套装共22册） ,杨红樱,2015-01-01,浙江少年儿童出版社,3814条评论
51.,http://product.dangdang.com/23940916.html,笑猫日记1-22册全套,杨红樱,2016-03-04,明天出版社,1775条评论
52.,http://product.dangdang.com/23794140.html,写给儿童的通俗文学（第一辑，1-10册）,华一书局,2015-10-01,,5158条评论
53.,http://product.dangdang.com/20976501.html,最新版杨红樱非常校园系列（共8册）,杨红缨,2011-01-01,浙江少年儿童出版社,38104条评论
54.,http://product.dangdang.com/23569198.html,曹文轩儿童文学获奖作品（套装全6册）,曹文轩,2014-10-01,安徽少年儿童出版社,40472条评论
55.,http://product.dangdang.com/21130065.html,百岁童谣（全五册）,山曼,2011-08-01,贵州人民出版社,35542条评论
56.,http://product.dangdang.com/23806348.html,中国神话故事（注音全彩修订本套装3本）,聂作平,2015-10-01,春风文艺出版社,68123条评论
57.,http://product.dangdang.com/23798774.html,刘慈欣少年科幻科学小说系列（全五册）,刘慈欣,2016-01-01,广西师范大学出版社,26681条评论
58.,http://product.dangdang.com/22618697.html,没头脑和不高兴 任溶溶注音系列（全3册）,任溶溶,2012-04-01,浙江少年儿童出版社,134112条评论
59.,http://product.dangdang.com/23840223.html,怪物大师（1-16）,雷欧幻像,2016-02-01,接力出版社,3272条评论
60.,http://product.dangdang.com/23649698.html,中外动物小说精品・升级版（全8册）,沈石溪,2015-02-01,安徽少年儿童出版社,11524条评论
61.,http://product.dangdang.com/20627037.html,曹文轩纯美小说：草房子,曹文轩,2009-06-01,江苏少年儿童出版社,133641条评论
62.,http://product.dangdang.com/23267905.html,米小圈上学记二年级套装（4本）,北猫,2013-05-01,四川少儿出版社,36505条评论
63.,http://product.dangdang.com/23806443.html,中国成语大会・我的智慧成语世界1-2（全二册）,中国成语大会,2015-12-01,接力出版社,13881条评论
64.,http://product.dangdang.com/22568563.html,查理九世第三卷9-12（进级版 共4册）,雷欧幻像,2016-09-01,浙江少年儿童出版社,57914条评论
65.,http://product.dangdang.com/9065914.html,成语故事（注音版）――世界儿童共享的经典丛书,庄择,2006-01-01,上海人民美术出版社,81859条评论
66.,http://product.dangdang.com/23831697.html,文白对照少年丛书（套装28册）,孙毓修,2015-12-01,团结出版社,2844条评论
67.,http://product.dangdang.com/21081564.html,查理九世第二卷5-8（全四册）,雷欧幻像,2011-05-01,浙江少年儿童出版社,49465条评论
68.,http://product.dangdang.com/23879066.html,沈石溪激情动物小说系列（12本套装）,沈石溪,2016-01-01,少年儿童出版社,14452条评论
69.,http://product.dangdang.com/23945818.html,动物小说大王沈石溪 品藏书系精选集 签名版（共10册）,沈石溪,2016-01-01,浙江少年儿童出版社,28409条评论
70.,http://product.dangdang.com/22764348.html,四大名著儿童版（全4册）,罗贯中,2009-01-01,湖南少年儿童出版社（当当书友会）,34912条评论
71.,http://product.dangdang.com/22497108.html,平凡的世界（普及本）,路遥,2011-09-01,北京十月文艺出版社,81988条评论
72.,http://product.dangdang.com/23603154.html,皮皮鲁和419宗罪小侦探大百科  套装,郑渊洁,2014-12-01,天津人民,30674条评论
73.,http://product.dangdang.com/22818985.html,冰心奖获奖作家精品书系（全10册）,徐鲁,2012-07-01,安徽少年儿童出版社,21807条评论
74.,http://product.dangdang.com/23693459.html,钱文忠给孩子的国学励志书系列（全5册）,钱文忠,2015-05-01,接力出版社,15274条评论
75.,http://product.dangdang.com/22632544.html,曹文轩文集精华版（共7册）,曹文轩,2012-01-01,天天出版社,24855条评论
76.,http://product.dangdang.com/23708802.html,《中国汉字听写大会 我的趣味汉字世界》 全四册,中国汉字听写大会,2015-06-01,接力出版社,12103条评论
77.,http://product.dangdang.com/20931735.html,汤素兰童话・笨狼系列（全5册）,汤素兰,2010-10-01,浙江少年儿童出版社,41728条评论
78.,http://product.dangdang.com/23825758.html, 不可思议事件簿（1-2）（套装共2册 《午夜游乐园》+《古堡迷踪》）,雷欧幻像,2016-01-01,浙江少年儿童出版社,8120条评论
79.,http://product.dangdang.com/22915006.html,甜心小米合集（第1辑+第2辑）（全6册）,殷健灵,2012-11-01,贵州人民出版社,34516条评论
80.,http://product.dangdang.com/22813381.html,杨红樱画本 校园童话套装（6本）,杨红樱,2012-01-01,湖北少儿出版社,12975条评论
81.,http://product.dangdang.com/20688814.html,动物小说大王沈石溪品藏书系第二辑（共四册 ）,沈石溪,2009-10-01,浙江少年儿童出版社,39781条评论
82.,http://product.dangdang.com/23473160.html,沈石溪动物小说系列（6本/套）,沈石溪,2014-05-01,北京少年儿童出版社,11271条评论
83.,http://product.dangdang.com/23401743.html,有故事的汉字 第1辑（全3册）,邱昭瑜,2014-01-01,青岛出版社,25368条评论
84.,http://product.dangdang.com/23959484.html,我有一只霸王龙（1-12册）第一辑,赵闯,2016-05-01,中国大百科全书出版社,3549条评论
85.,http://product.dangdang.com/22736973.html,儿童注音版成语故事（全四册简）,墨人,2012-04-01,中国戏剧出版社,52618条评论
86.,http://product.dangdang.com/23598324.html,曹文轩水精灵丛书（全5册）,曹文轩,2015-01-19,湖南少儿出版社,11693条评论
87.,http://product.dangdang.com/22770065.html,查理九世第四卷13-16（进级版 共4册）,雷欧幻像,2016-09-01,浙江少年儿童出版社,49998条评论
88.,http://product.dangdang.com/23696921.html,中国历史故事集（修订版 全10册 ）,林汉达,2015-05-01,中国少年儿童出版社,31310条评论
89.,http://product.dangdang.com/23697492.html,火印（入选2018年中版好书“镇社之宝”书单，入选国家新闻出版广电总局2016年向全国青少年推荐的百种优秀出版物）,曹文轩,2015-05-01,天天出版社有限责任公司,71439条评论
90.,http://product.dangdang.com/23205890.html,《装在口袋里的爸爸》系列 第2辑（8-14）,杨鹏,2013-04-01,春风文艺出版社,26179条评论
91.,http://product.dangdang.com/22477448.html,蝴蝶・豌豆花（平装）,冰心,2011-07-01,河北教育出版社,148828条评论
92.,http://product.dangdang.com/23934577.html,2016年国际安徒生奖得主曹文轩作品精选集（共16册）,曹文轩,2016-04-15,中国少年儿童出版社,4959条评论
93.,http://product.dangdang.com/23362315.html,小猪唏哩呼噜（升级版 套装全3册）,孙幼军,2013-10-01,春风文艺出版社,27297条评论
94.,http://product.dangdang.com/23683324.html,任溶溶系列 没头脑和不高兴（注音版 共5册）,任溶溶,2012-04-01,浙江少年儿童出版社,56522条评论
95.,http://product.dangdang.com/23228476.html,杨鹏 装在口袋里的爸爸（共6册）,杨鹏,2013-05-01,浙江少年儿童出版社,14869条评论
96.,http://product.dangdang.com/23238629.html,查理九世第五卷17-20（进级版 共4册）,雷欧幻像,2016-09-01,浙江少年儿童出版社,35714条评论
97.,http://product.dangdang.com/23248816.html,汤素兰主编 彩图注音版:笨狼的故事6本套装,汤素兰,2013-05-01,广州出版社,17570条评论
98.,http://product.dangdang.com/23684501.html,写给儿童的启蒙经典（6册全彩）,华一书局,2015-05-01,贵州教育出版社,6720条评论
99.,http://product.dangdang.com/23649872.html,查理九世第六卷21-24（进级版 共4册）,雷欧幻像,2016-09-01,浙江少年儿童出版社,21478条评论
100.,http://product.dangdang.com/21001125.html,杨红樱画本科学童话系列整套（8本）,杨红樱,2011-01-01,湖北少儿出版社,14495条评论
101.,http://product.dangdang.com/23279721.html,中华人物故事全书 第一辑（共10册）,陈建洲,2013-07-01,中国少年儿童出版社,12191条评论
102.,http://product.dangdang.com/23233479.html,中华传统蒙学精华注音全本・声律启蒙・笠翁对韵（第二版）,李渔,2013-04-01,东南大学出版社,56871条评论
103.,http://product.dangdang.com/23526339.html,杨红樱校园小说系列套装（全5册）,杨红樱,2006-11-01,作家出版社,5881条评论
104.,http://product.dangdang.com/23785919.html,故宫里的大怪兽（套装共3册）,常怡,2015-07-01,知识出版社,9566条评论
105.,http://product.dangdang.com/23401912.html,小屁孩日记（1-6年级）,黄宇,2011-11-01,春风文艺出版社,9537条评论
106.,http://product.dangdang.com/23817773.html,智慧公主马小岚纯美爱藏本（共12册）,马翠萝,2015-08-01,化学工业出版社,3094条评论
107.,http://product.dangdang.com/20855849.html,曹文轩文集（共5册）,曹文轩,2010-01-01,天天出版社有限责任公司,26931条评论
108.,http://product.dangdang.com/23443125.html,丰子恺儿童文学全集（套装共7本）,丰子恺,2014-03-01,海豚出版社,10834条评论
109.,http://product.dangdang.com/23450279.html,阅读123系列-进阶版（全10册）,林世仁,2014-05-01,贵州人民出版社,8884条评论
110.,http://product.dangdang.com/23668816.html,小猪唏哩呼噜（彩色注音版套装5册）,孙幼军,2015-05-01,春风文艺出版社,21656条评论
111.,http://product.dangdang.com/23239912.html,《大个子老鼠小个子猫》第二辑（彩色注音版8本）,周锐,2013-05-01,春风文艺出版社,10737条评论
112.,http://product.dangdang.com/23498091.html,我的儿子皮卡系列 礼盒装（共10册） 曹文轩作品,曹文轩,2014-04-01,二十一世纪出版社,16325条评论
113.,http://product.dangdang.com/23657922.html,中国经典获奖童话：黑猫警长（5册套装）,余非鱼,2015-01-01,江苏美术出版社,18963条评论
114.,http://product.dangdang.com/23780744.html,胡小闹日记第3辑乐多多新作（套装共6册）,乐多多,2015-10-01,北京联合出版公司,7657条评论
115.,http://product.dangdang.com/23442536.html,杨红樱淘气包马小跳典藏版大礼盒 附赠签名海报（全20册）,杨红樱,2014-01-01,浙江少年儿童出版社,3025条评论
116.,http://product.dangdang.com/23710980.html,胡小闹日记（全10册）,乐多多,2012-01-01,朝华出版社,1836条评论
117.,http://product.dangdang.com/23982425.html,怪物大师（1-17）,雷欧幻像,2016-06-16,接力出版社,4910条评论
118.,http://product.dangdang.com/23468816.html,贾里贾梅大系  男生贾里全传,秦文君,2014-05-01,少年儿童出版社,57399条评论
119.,http://product.dangdang.com/20784121.html,曹文轩纯美小说系列--典藏礼盒（套装共9册）,曹文轩,2010-01-01,江苏少年儿童出版社,11249条评论
120.,http://product.dangdang.com/24008167.html,皮皮鲁和鲁西西流星系列（包含驯兔记等共9册）,郑渊洁,2016-06-01,浙江少年儿童出版社,40076条评论
121.,http://product.dangdang.com/22731155.html,阅读123系列・第2辑（全10册）,哲也,2012-06-01,贵州人民出版社,10064条评论
122.,http://product.dangdang.com/23248815.html,汤素兰主编 幽默文学系列:笨狼的故事7本套装,汤素兰,2013-01-01,广州出版社,7883条评论
123.,http://product.dangdang.com/23465785.html,曹文轩画本―草房子套装（全书分9辑）,曹文轩,2014-04-01,湖北少儿出版社,9118条评论
124.,http://product.dangdang.com/24031781.html,杨红樱淘气包马小跳系列 典藏版 礼盒装 （套装共24册）,杨红樱,2016-07-01,浙江少年儿童出版社,68081条评论
125.,http://product.dangdang.com/22609300.html,小企鹅心灵成长故事（4册）,熊磊,2012-02-01,   ,32193条评论
126.,http://product.dangdang.com/23504060.html,小猪唏哩呼噜(彩色注音版上、下),孙幼军,2014-03-01,春风文艺出版社,43052条评论
127.,http://product.dangdang.com/23824727.html,图说中华文化故事・战国成语与赵文化,周功鑫,2015-11-01,上海文艺出版社,1350条评论
128.,http://product.dangdang.com/23772565.html,动物小说大王沈石溪vs西顿金品系列（共八册，含狼王梦，最后一头战象等）,沈石溪,2015-09-01,天天出版社,4144条评论
129.,http://product.dangdang.com/23397007.html,中国传统节日故事（全8册+附赠门神年画）,林良,2014-01-01,贵州人民出版社,15723条评论
130.,http://product.dangdang.com/24015828.html,给孩子的汉字王国,林西莉,2016-08-31,中信出版社,29641条评论
131.,http://product.dangdang.com/23284867.html,动物励志小说（套装共8册）,常新港,2013-07-01,春风文艺出版社,15733条评论
132.,http://product.dangdang.com/23471412.html,笨狼的故事20周年精装纪念版（全6册）,汤素兰,2015-09-29,   ,15064条评论
133.,http://product.dangdang.com/20892775.html,狼图腾：小狼小狼(典藏版）,姜戎,2010-07-01,浙江少年儿童出版社,69320条评论
134.,http://product.dangdang.com/23468111.html,动物小说大王沈石溪・品藏书系：导盲犬迪克,沈石溪,2014-06-01,浙江少年儿童出版社,43097条评论
135.,http://product.dangdang.com/23953627.html,曹文轩纯美小说系列：草房子,曹文轩,2016-04-01,江苏凤凰少年儿童出版社,249592条评论
136.,http://product.dangdang.com/23473126.html,最励志校园小说第三辑套装（4本）,金夏��,2014-05-01,长江少年儿童出版社,12035条评论
137.,http://product.dangdang.com/23520496.html,王一梅七彩童话故事系列（套装共7册）,王一梅,2014-06-01,长江文艺出版社,9156条评论
138.,http://product.dangdang.com/22899465.html,中国绘・国学经典启蒙（套装共6册）,梁培龙,2012-09-01,新世纪出版社,4267条评论
139.,http://product.dangdang.com/23478846.html,四大名著（套装共4册）少儿注音彩绘版、精美彩插、经典名著,吴承恩,2013-11-01,吉林出版集团有限责任公司,20577条评论
140.,http://product.dangdang.com/22501266.html,王一梅最美的童话：鼹鼠的月亮河（共3册）（注音版）,王一梅,2011-09-01,浙江少年儿童出版社,34147条评论
141.,http://product.dangdang.com/20970885.html,中国童谣（毛毛虫童书馆第四辑，全八册）,李光迪,2010-10-01,连环画出版社,17587条评论
142.,http://product.dangdang.com/9174393.html,三国演义（上、下）,罗贯中,2006-05-01,中国少年儿童出版社,42945条评论
143.,http://product.dangdang.com/23933046.html,给孩子的动物寓言,黄永玉,2016-04-28,中信出版社,17824条评论
144.,http://product.dangdang.com/23296927.html,《少年文艺》60年金品典藏书系套装(十本套装),少年文艺,2013-07-01,少年儿童出版社,5707条评论
145.,http://product.dangdang.com/23866661.html,写给儿童的中国历史故事(全书8册),初阳姐姐,2016-01-01,吉林文史出版社,2868条评论
146.,http://product.dangdang.com/23568448.html,曹文轩文集最新作品（共4册，含铁皮狗，鸭宝河，水边的文字屋，青瓦大街）,曹文轩,2014-08-01,天天出版社,9044条评论
147.,http://product.dangdang.com/485915.html,冰心儿童文学全集（上下册）――儿童文学大师全集书系,冰心,2004-06-01,中国少年儿童出版社,37063条评论
148.,http://product.dangdang.com/23726591.html,萌萌鸟系列图书・第一辑（共5册）,曹文轩,2015-10-01,中国少年儿童出版社,5644条评论
149.,http://product.dangdang.com/23855678.html,汤小团两汉传奇卷（套装共8册）,谷清平,2016-01-01,江苏美术出版社,4083条评论
150.,http://product.dangdang.com/23756357.html,当代儿童文学名家精品童话集（套装共10册）,孙幼军,2015-08-10,新世纪出版社,7964条评论
151.,http://product.dangdang.com/23444253.html,最能打动孩子心灵的中国经典童话 鼹鼠的月亮河（美绘版）,王一梅,2014-03-01,中国少年儿童出版社,26654条评论
152.,http://product.dangdang.com/23288485.html,科学家故事100个,叶永烈,2013-06-01,２１世纪出版社,29055条评论
153.,http://product.dangdang.com/23698953.html,杨鹏 装在口袋里的爸爸 典藏版礼盒（共10册）,杨鹏,2015-05-01,浙江少年儿童出版社,4506条评论
154.,http://product.dangdang.com/23851546.html,校园三剑客经典版（套装共10册）,杨鹏,2015-11-01,大连出版社,4502条评论
155.,http://product.dangdang.com/23708984.html,笨狼的故事 : 美绘版(全6册）,汤素兰,2015-09-14,湖南少年儿童出版社,4542条评论
156.,http://product.dangdang.com/23706117.html,寻找鱼王――2015中国好书,张炜,2015-05-15,明天出版社,10954条评论
157.,http://product.dangdang.com/20663335.html,非常小子马鸣加（套装共10册）,郑春华,2009-08-01,,8458条评论
158.,http://product.dangdang.com/23737102.html,字的家族（全3册）,邱昭瑜,2015-07-10,青岛出版社,5173条评论
159.,http://product.dangdang.com/23895286.html,写给儿童的通俗文学（第二辑，11-20册）,华一书局,2016-03-01,贵州教育出版社,2370条评论
160.,http://product.dangdang.com/23744256.html,王一梅童书・经典长篇童话――鼹鼠的月亮河,王一梅,2015-07-01,新蕾出版社,29060条评论
161.,http://product.dangdang.com/23698236.html,曹文轩经典品读书系（套装共4册）,曹文轩,2015-05-01,人民邮电出版社,17476条评论
162.,http://product.dangdang.com/23665180.html,青铜葵花（当当网定制版）,人民邮电出版社,2015-03-01,天天出版社有限责任公司,59190条评论
163.,http://product.dangdang.com/23624754.html,大个子老鼠小个子猫第三辑（注音版10-15）,曹文轩,2015-01-01,春风文艺出版社,11433条评论
164.,http://product.dangdang.com/23334071.html,狼国女王――沈石溪动物小说・感悟生命书系,天天出版社有限责任公司,2013-09-01,人民邮电出版社,42905条评论
165.,http://product.dangdang.com/22936843.html,林海音奶奶讲寓言（全4册）,周锐,2013-01-01,贵州人民出版社,26403条评论
166.,http://product.dangdang.com/21091573.html,动物小说大王沈石溪品藏书系第四辑（共四册）,春风文艺出版社,2011-07-01,浙江少年儿童出版社,20390条评论
167.,http://product.dangdang.com/23438901.html,0～3岁宝宝睡前启蒙故事(注音版)(套装共4册),沈石溪,2014-05-01,化学工业出版社,6563条评论
168.,http://product.dangdang.com/23593575.html,神探阿凡提全4册,人民邮电出版社,2014-11-01,新疆青少年出版社,10719条评论
169.,http://product.dangdang.com/23401719.html,曹文轩非常典雅系列（全8册）,林海音,2014-01-01,青岛出版社,2617条评论
170.,http://product.dangdang.com/23392684.html,0～3岁宝宝睡前启蒙故事――EQ卷――情商童话,贵州人民出版社,2014-01-01,化学工业出版社,29637条评论
171.,http://product.dangdang.com/23309728.html,杨红樱画本 性情童话系列套装（共6本）,沈石溪,2013-08-01,湖北少儿出版社,7665条评论
172.,http://product.dangdang.com/24011914.html,有故事的汉字 第1+2合辑（当当独家订制版，全6册）,浙江少年儿童出版社,2016-08-01,青岛出版社,12066条评论
173.,http://product.dangdang.com/23813104.html,特种兵学校（全8册）,稚子文化,2015-10-01,河北少年儿童出版社,11163条评论
174.,http://product.dangdang.com/20948597.html,一年级的小豌豆、一年级的小蜜瓜,化学工业出版社,2007-03-01,明天出版社,12016条评论
175.,http://product.dangdang.com/20468773.html,最佳儿童文学读本（小学卷）全3册,颜煦之,2009-02-01,明天出版社,30099条评论
176.,http://product.dangdang.com/23522647.html,戴小桥和他的哥们儿（升级版，共5册）,新疆青少年出版社,2014-05-01,新蕾出版社,5933条评论
177.,http://product.dangdang.com/21082844.html,成长三部曲《五三班的坏小子》《漂亮老师和坏小子》《假小子戴安》（套装）,曹文轩,2011-04-01,作家出版社,14249条评论
178.,http://product.dangdang.com/23254612.html,杨红樱画本 纯美童话系列(精装)（20册),青岛出版社,2013-04-01,湖北少儿出版社,4986条评论
179.,http://product.dangdang.com/23357383.html,中国兔子德国草（共6册）,,2013-11-01,浙江少年儿童出版社,10253条评论
180.,http://product.dangdang.com/21079936.html,中国通史故事（全4卷）,化学工业出版社,2011-04-01,中国少年儿童出版社,20183条评论
181.,http://product.dangdang.com/23224531.html,四大名著――中国古典文学名著图文典藏-全本注释版,吴承恩,2013-04-10,中国少年儿童出版社,3373条评论
182.,http://product.dangdang.com/20830049.html,蝴蝶 豌豆花――中国经典童诗,诗歌,2010-04-01,河北教育出版社,33409条评论
183.,http://product.dangdang.com/23560891.html,蒲公英童书馆国际大奖小说系列（全15册）,汤米狄波拉,2014-05-01,贵州人民出版社,6543条评论
184.,http://product.dangdang.com/23641583.html,姜小牙上学记（第一季套装）,北猫,2015-01-01,春风文艺出版社,4567条评论
185.,http://product.dangdang.com/23559593.html,罗克先生(全8册),郑渊洁,2014-11-01,２１世纪出版社,5879条评论
186.,http://product.dangdang.com/23907911.html,草房子（世界著名插画家插图版）央视朗读者曹文轩选读版本,曹文轩,2016-01-01,中国少年儿童出版社,35760条评论
187.,http://product.dangdang.com/23980445.html,装在口袋里的爸爸系列（套装第3辑共7册）,杨鹏,2016-06-01,春风文艺出版社,16545条评论
188.,http://product.dangdang.com/23638891.html,汤小团・东周列国卷（套装共8册）,谷清平,2015-01-01,江苏美术出版社,2552条评论
189.,http://product.dangdang.com/23892654.html,沈石溪动物小说王国（全10册）,沈石溪,2016-03-01,湖南少年儿童出版社,791条评论
190.,http://product.dangdang.com/21032401.html,《你很特别》系列（4册）,陆可铎,2011-02-21,国家开放大学出版社,8476条评论
191.,http://product.dangdang.com/23996820.html,小巴掌童话 吊在月亮下的贪心鬼+ 骑在扫帚上听歌的巫婆+哭泣的巧克力强盗+小鹿的玫瑰花+挂满绿灯笼的院子+寄自床底的信（套装共6册）彩图注音 教育部幼儿基础阅读推荐书目 儿童读物 亲子读物,张秋生,2016-06-01,甘肃少年儿童出版社,15900条评论
192.,http://product.dangdang.com/23265907.html,快乐鸟系列拼音读物套装,孙幼军,2013-06-01,现代出版社,7237条评论
193.,http://product.dangdang.com/23401938.html,大头儿子和小头爸爸（彩图注音版）（套装全4本）,郑春华,2014-01-01,长江文艺出版社,12111条评论
194.,http://product.dangdang.com/23576857.html,舒克送你一支神来笔 神奇的文字世界（全4册）,郑渊洁,2014-10-01,二十一世纪出版社,4160条评论
195.,http://product.dangdang.com/22506351.html,曹文轩文集-根鸟,曹文轩,2011-10-01,天天出版社有限责任公司,54574条评论
196.,http://product.dangdang.com/23612349.html,《儿童文学》名家汇系列・第二辑（全12册）,张之路,2014-10-01,中国少年儿童出版社,972条评论
197.,http://product.dangdang.com/23940185.html,大王书,曹文轩,2016-04-01,接力出版社,4674条评论
198.,http://product.dangdang.com/23393429.html,童年河（平装）,赵丽宏,2014-01-01,福建少年儿童出版社,39082条评论
199.,http://product.dangdang.com/22732563.html,世界金典儿童诗（中国卷、外国卷）（共两册）,谭旭东,2011-03-01,,12253条评论
200.,http://product.dangdang.com/23593535.html,贾里贾梅大系套装（8本套装，作家签名本）,秦文君,2014-12-01,少年儿童出版社,13882条评论
201.,http://product.dangdang.com/23806265.html,甜心小米系列（拼音美绘版）（全6册）,殷健灵,2015-11-01,贵州人民出版社,7037条评论
202.,http://product.dangdang.com/23593589.html,《儿童文学》童书馆：中国童话新势力・第一辑（共12册）,梁慧玲,2014-10-01,中国少年儿童出版社,2510条评论
203.,http://product.dangdang.com/23785826.html,蔡志忠国学启蒙系列（套装共6册）,蔡志忠,2015-09-01,海豚出版社,1409条评论
204.,http://product.dangdang.com/23713907.html,中国美丽故事,绘蔡皋,2015-05-01,湖南少年儿童出版社,9775条评论
205.,http://product.dangdang.com/23232302.html,彩图本中国古典名著（注音版）：西游记,湖蓝美术,2013-01-01,江苏少年儿童出版社,23206条评论
206.,http://product.dangdang.com/20415025.html,唐诗三百首（附光盘）,海谚,2009-01-01,上海人民美术出版社,18611条评论
207.,http://product.dangdang.com/23409143.html,汤素兰暖房子童话・拼音版（全4册）,汤素兰,2013-12-01,   ,5213条评论
208.,http://product.dangdang.com/23695217.html,曹文轩典藏拼音版第三辑(共8册）（大字号拼音读物） ,曹文轩,2015-04-01,   ,5362条评论
209.,http://product.dangdang.com/23525755.html,最励志校园小说第1辑+第2辑+第3辑(套装共12册),韩昌旭,2014-07-01,长江少年儿童出版社,2778条评论
210.,http://product.dangdang.com/23998838.html,查理九世彩图版 不可思议事件簿：海盗王的秘宝（3）,雷欧幻像,2016-07-01,浙江少年儿童出版社,14081条评论
211.,http://product.dangdang.com/23591359.html,中外动物小说精品（第五辑套装全八册）,沈石溪,2014-11-01,安徽少年儿童出版社,2022条评论
212.,http://product.dangdang.com/23288698.html,曹文轩作品（4册）,曹文轩,2013-07-04,明天出版社,3607条评论
213.,http://product.dangdang.com/23796585.html,樱桃园 杨红樱注音童书 精彩礼盒装 （共12册）,杨红樱,2015-09-01,浙江少年儿童出版社,1865条评论
214.,http://product.dangdang.com/23205888.html,一年级的小豆豆+一年级的小朵朵（注音全彩美绘版）,狐狸姐姐,2013-04-01,春风文艺出版社,15524条评论
215.,http://product.dangdang.com/23240866.html,中国儿童文学名家名作典藏（全8册）(全拼音桥梁阅读版本),叶圣陶,2013-05-01,贵州人民出版社,8224条评论
216.,http://product.dangdang.com/20799145.html,少年特种兵第一辑-特战特训系列（全6册）,张永军,2013-11-29,中国少年儿童出版社,10863条评论
217.,http://product.dangdang.com/23475005.html,最美世界童话（少儿彩绘版）,蜗牛爸爸,2014-06-01,煤炭工业出版社,8055条评论
218.,http://product.dangdang.com/20874972.html,动物小说大王沈石溪品藏书系第三辑（共4册）,沈石溪,2010-08-01,浙江少年儿童出版社,14903条评论
219.,http://product.dangdang.com/23268404.html,杨红樱画本・注音书系列套装（共4本),杨红樱,2011-01-01,湖北少儿出版社,16903条评论
220.,http://product.dangdang.com/23509508.html,同桌冤家走天下 欢乐畅游装,伍美珍,2014-07-01,人民邮电出版社,3706条评论
221.,http://product.dangdang.com/20663333.html,最具阅读价值的中国儿童文学（共六册）,曹文轩,2009-03-01,少年儿童出版社,10321条评论
222.,http://product.dangdang.com/22604786.html,曹文轩文集-山羊不吃天堂草,曹文轩,2012-01-01,天天出版社有限责任公司,41829条评论
223.,http://product.dangdang.com/20659704.html,古典四大名著（美绘少年版）,罗贯中,2009-01-01,新疆青少年出版社,9417条评论
224.,http://product.dangdang.com/20655461.html,百年百部中国儿童文学经典书系珍藏版（全20册）,管桦,2009-08-01,湖北少儿出版社,4520条评论
225.,http://product.dangdang.com/23949032.html,曹文轩纯美小说：青铜葵花,曹文轩,2016-04-01,江苏少年儿童出版社,202826条评论
226.,http://product.dangdang.com/22781756.html,《儿童文学・故事》第一辑（12册/套）,谢华良,2011-07-01,中国少年儿童出版社,4478条评论
227.,http://product.dangdang.com/23592201.html,中国绘・三国演义（上、中、下） 套装,罗贯中,2014-09-19,新世纪出版社,3499条评论
228.,http://product.dangdang.com/23652371.html,林海音儿童文学全集（套装共8册）,林海音,2015-01-01,海豚出版社,5255条评论
229.,http://product.dangdang.com/23355103.html,大自然幻想微童话系列(套装共十册）,冰波,2013-10-01,,4679条评论
230.,http://product.dangdang.com/22608418.html,小布头奇遇记（彩色注音版）,孙幼军,2012-01-01,春风文艺出版社,31709条评论
231.,http://product.dangdang.com/23475164.html,怪物大师（1-12）,雷欧幻像,2014-07-01,接力出版社,5858条评论
232.,http://product.dangdang.com/23815640.html,魔法学校（新版套装全8册）,葛竞,2015-10-01,春风文艺出版社,3202条评论
233.,http://product.dangdang.com/23468110.html,动物小说大王沈石溪・品藏书系：刀疤豺母,沈石溪,2014-06-01,浙江少年儿童出版社,22593条评论
234.,http://product.dangdang.com/23692270.html,丁丁当当系列典藏版（共7册）,曹文轩,2015-05-01,中国少年儿童出版社,1053条评论
235.,http://product.dangdang.com/23933798.html,小熊包子系列（6本套装）,宇志飞翔,2015-08-01,少年儿童出版社,2999条评论
236.,http://product.dangdang.com/23593460.html,调皮的日子（套装4本）,秦文君,2014-01-01,春风文艺出版社,5545条评论
237.,http://product.dangdang.com/22736972.html,儿童注音版成语故事（全四册精）,墨人,2012-05-01,中国戏剧出版社,9849条评论
238.,http://product.dangdang.com/20692396.html,最美儿童文学读本（全3册）,殷健灵,2009-10-01,贵州人民出版社,24206条评论
239.,http://product.dangdang.com/22740381.html,百年百部儿童文学经典书系精选纪念版套装（10本 ）,林海音,2006-12-01,湖北少儿出版社,8706条评论
240.,http://product.dangdang.com/22781511.html,讲给孩子的文学经典系列(套装共5册),侯会,2012-06-01,团结出版社,2499条评论
241.,http://product.dangdang.com/23797246.html,小屁孩上学记 拼音版（共6册）一年级，我来了/我喜欢去学校/寒假很快乐/完美新学期/找啊找朋友/暑假真好玩,黄宇,2015-09-01,二十一世纪出版社,3789条评论
242.,http://product.dangdang.com/23573302.html,台湾儿童文学馆・林良美文书坊――小太阳,林良,2014-07-01,福建少年儿童出版社,12721条评论
243.,http://product.dangdang.com/23301992.html,王一梅“爱与成长”童话系列（全5册）,王一梅,2013-06-01,贵州人民出版社,6551条评论
244.,http://product.dangdang.com/23703330.html,沈石溪动物小说鉴赏 8本套装（塑封）,沈石溪,2015-05-01,北京少年儿童出版社,1820条评论
245.,http://product.dangdang.com/23825760.html,查理九世彩图版 不可思议事件簿：古堡迷踪（2）,雷欧幻像,2016-01-01,浙江少年儿童出版社,10906条评论
246.,http://product.dangdang.com/23579653.html,小香咕全传（套装共15册）,秦文君,2014-05-01,北京日报出版社（原同心出版社）,1609条评论
247.,http://product.dangdang.com/23724548.html,中国种子世界花（全四册）,曹文轩,2015-05-01,   ,1192条评论
248.,http://product.dangdang.com/23707189.html,怪物大师（1-14）,雷欧幻象,2012-07-01,接力出版社,925条评论
249.,http://product.dangdang.com/23816621.html,“我在这儿”成长阅读丛书（套装共8册）,曹文轩,2015-11-01,江苏少年儿童出版社,2992条评论
250.,http://product.dangdang.com/20799144.html,四大名著（白话美绘版）,张韧,2010-01-01,中国少年儿童出版社,4967条评论
251.,http://product.dangdang.com/23921969.html,阳光姐姐最小说（套装共8册）,伍美珍,2016-01-01,国家开放大学出版社,3471条评论
252.,http://product.dangdang.com/23612350.html,《儿童文学》童书馆：中国童话新势力・第二辑（共12册）,陈诗哥,2014-10-01,中国少年儿童出版社,1130条评论
253.,http://product.dangdang.com/23444248.html,最能打动孩子心灵的中国经典童话  小巴掌童话（美绘版）,张秋生,2014-03-01,中国少年儿童出版社,17249条评论
254.,http://product.dangdang.com/23610818.html,一定要看的中国经典童话故事书（套装共20册）,赵芳芳,2015-01-01,安徽少年儿童出版社,3795条评论
255.,http://product.dangdang.com/21087793.html,［全新版］中国名家经典童话―叶圣陶专集,叶圣陶,2011-04-01,北京日报出版社（原同心出版社）,14973条评论
256.,http://product.dangdang.com/23825759.html,查理九世彩图版 不可思议事件簿：午夜游乐园（1）,雷欧幻像,2016-01-01,浙江少年儿童出版社,12658条评论
257.,http://product.dangdang.com/23530317.html,皮皮鲁童话成长悦读系列套装（共2辑，共30册）,郑渊洁,2014-03-01,   ,1544条评论
258.,http://product.dangdang.com/23830066.html,童立方印刻小书院典藏儿童国学系列之民国课本系列：晨诵（集数十位名家之精品，收录百套民国老课本之精华）,姚青锋,2015-11-01,北京联合出版公司,6202条评论
259.,http://product.dangdang.com/23810854.html,至美童话殿堂系列（套装共10册）,安徒生,2015-10-01,北京联合出版公司,681条评论
260.,http://product.dangdang.com/23748590.html,美绘生活（全4册 ）,林丽琪,2015-10-01,青岛出版社,802条评论
261.,http://product.dangdang.com/23525070.html,中国汉字听写大会 我的趣味汉字世界 全2册（1-2）,中国汉字听写大会,2014-08-01,接力出版社,9218条评论
262.,http://product.dangdang.com/20893955.html,漂亮老师和坏小子（新版）,接力出版社,2010-07-01,作家出版社,18186条评论
263.,http://product.dangdang.com/23834167.html,彩虹书系：许未来一个更美好的你（全7册）,杨红樱,2016-01-01,接力出版社,1619条评论
264.,http://product.dangdang.com/23742499.html,汉字奇兵,作家出版社,2015-06-01,新蕾出版社,13256条评论
265.,http://product.dangdang.com/23681987.html,庞婕蕾・风信子悦读坊（套装9册）,秦文君,2015-02-01,明天出版社,998条评论
266.,http://product.dangdang.com/23593473.html,冰波纯美童话-月光下的肚肚狼（注音全彩修订本）,接力出版社,2014-10-01,春风文艺出版社,18514条评论
267.,http://product.dangdang.com/23953629.html,曹文轩纯美小说：山羊不吃天堂草,张之路,2016-04-01,江苏少年儿童出版社,78588条评论
268.,http://product.dangdang.com/23654578.html,马嘉恺幻想电影院（少年时代三部曲）,新蕾出版社,2014-12-01,接力出版社,3250条评论
269.,http://product.dangdang.com/23471409.html,童诗中国系列（全4册）,庞婕蕾,2014-05-01,   ,2615条评论
270.,http://product.dangdang.com/23768914.html,大师童书系列/冰心儿童文学全集,明天出版社,2015-08-01,南京大学出版社,2321条评论
271.,http://product.dangdang.com/23355104.html,大自然温馨微童话集：（微童话注音美绘版）（套装共10册）,冰波,2013-10-01,   ,3921条评论
272.,http://product.dangdang.com/23365158.html,《儿童文学》名家汇系列・第一辑（全12册）,春风文艺出版社,2013-10-01,中国少年儿童出版社,584条评论
273.,http://product.dangdang.com/23591019.html,中国绘・三国演义（上、中、下）（精装）,曹文轩,2014-09-19,新世纪出版社,996条评论
274.,http://product.dangdang.com/23454029.html,中国古典小说少年版丛书（套装共四十册）,江苏少年儿童出版社,2014-01-01,明天出版社,371条评论
275.,http://product.dangdang.com/23210403.html,陈伯吹儿童文学奖获奖精品集（6本套装）,马嘉恺,2013-03-25,少年儿童出版社,2603条评论
276.,http://product.dangdang.com/23776359.html,阳光姐姐全新校园系列（共8册）,接力出版社,2015-09-01,百花文艺出版社,615条评论
277.,http://product.dangdang.com/23460422.html,周锐幽默儿童文学精选：幽默三国/西游/水浒/红楼精选：套装4本,萧萍,2014-05-01,春风文艺出版社,5300条评论
278.,http://product.dangdang.com/23836223.html,林焕彰童诗绘本（全5册）,   ,2015-06-01,福建少年儿童出版社,4601条评论
279.,http://product.dangdang.com/23441280.html,青蛙探长和小狗探员（全4册）,冰心,2014-04-01,贵州人民出版社,4849条评论
280.,http://product.dangdang.com/23916898.html,中外动物小说精品・升级版 第二辑（猎犬之魂+霞谷山鹰+绝境血狼+丹顶鹤悲歌等，套装共8册）,南京大学出版社,2016-03-01,安徽少年儿童出版社,7212条评论
281.,http://product.dangdang.com/23681986.html,绝佳拍档（套装共14册）,商晓娜,2015-02-02,明天出版社,679条评论
282.,http://product.dangdang.com/23657946.html,中国经典获奖童话：葫芦兄弟（5册套装）,余非鱼,2015-01-01,江苏美术出版社,9457条评论
283.,http://product.dangdang.com/20627032.html,曹文轩纯美小说：红瓦黑瓦,曹文轩,2009-06-01,江苏少年儿童出版社,22699条评论
284.,http://product.dangdang.com/23541263.html,嘭嘭嘭（全7册）（童喜喜新幻想系列，作家签名本）,童喜喜,2014-08-01,中国少年儿童出版社,4206条评论
285.,http://product.dangdang.com/23680205.html,动物小说大王沈石溪精品集・拼音版（套装共5册）,沈石溪,2015-03-01,安徽少年儿童出版社,4393条评论
286.,http://product.dangdang.com/23249715.html,最具阅读价值的中国儿童文学 名家短篇小说卷（十本套装）,沈石溪,2013-06-01,少年儿童出版社,2598条评论
287.,http://product.dangdang.com/23840225.html,怪物大师:第四辑（13-16）,雷欧幻像,2016-02-01,接力出版社,2529条评论
288.,http://product.dangdang.com/23911291.html,绘本中华故事・十二生肖,郑勤砚,2016-03-01,北京联合出版公司,1869条评论
289.,http://product.dangdang.com/23573642.html,秦文君小香草系列美绘本（全三册）,秦文君,2014-10-01,湖南少儿出版社,3898条评论
290.,http://product.dangdang.com/22847833.html,追踪小绿人三部曲（精装）,金波,2012-04-01,江苏少年儿童出版社,8480条评论
291.,http://product.dangdang.com/20811719.html,张秋生小巴掌经典童话注音版（共6册）,张秋生,2010-03-01,浙江少年儿童出版社,9579条评论
292.,http://product.dangdang.com/20796787.html,中国儿童散文诗画丛（全8册）,圣野,2010-03-01,贵州人民出版社,12953条评论
293.,http://product.dangdang.com/23462091.html,冰心小说、散文、诗歌精选集最新修订版（套装全3册）,冰心,2014-05-01,   ,2549条评论
294.,http://product.dangdang.com/23453224.html,曹文轩精品集,曹文轩,2014-03-01,   ,4338条评论
295.,http://product.dangdang.com/23355226.html,新创儿童文学系列 书香传承 （共10册）,冰心,2013-10-18,中国少年儿童出版社,5896条评论
296.,http://product.dangdang.com/23807645.html,狐狸的魔法画笔（我自己读系列第一辑?注音版全6册）,阿万纪美子,2015-10-01,青岛出版社,2738条评论
297.,http://product.dangdang.com/20830354.html,最经典的365夜睡前故事--春之卷,刘洪霞,2010-05-01,化学工业出版社,24357条评论
298.,http://product.dangdang.com/23701548.html,汤素兰“小巫婆真美丽”系列 （2册，全彩美绘签名版）,汤素兰,2015-06-02,湖南少年儿童出版社,5330条评论
299.,http://product.dangdang.com/23694046.html,沈石溪作品--吃狼奶的羊,沈石溪,2015-05-01,明天出版社,8947条评论
300.,http://product.dangdang.com/23849255.html,动物小说大王沈石溪经典作品・荣誉珍藏版：狼王梦【精装纪念版】,沈石溪,2018-08-01,浙江少年儿童出版社,9042条评论
301.,http://product.dangdang.com/23681979.html,辫子姐姐心灵花园（套装18册）,郁雨君,2015-02-01,明天出版社,691条评论
302.,http://product.dangdang.com/23714779.html,绘本中华故事 名人 圣人（套装共10册）,中国传统文化课题组,2015-08-01,北京联合出版公司,1305条评论
303.,http://product.dangdang.com/23998837.html,查理九世彩图版 不可思议事件簿（1-3）（套装共3册 《午夜游乐园》+《古堡迷踪》+《海盗王的秘宝》）,雷欧幻像,2016-07-01,浙江少年儿童出版社,6591条评论
304.,http://product.dangdang.com/21002432.html,少年特种兵第二辑-丛林特种战系列（全6册）,张永军,2010-12-24,中国少年儿童出版社,8554条评论
305.,http://product.dangdang.com/23818247.html,曹文轩精品全集,曹文轩,2015-09-01,吉林出版集团有限责任公司,1195条评论
306.,http://product.dangdang.com/23939969.html,中国名娃・小皮卡（12种）,曹文轩,2016-04-18,作家出版社,1255条评论
307.,http://product.dangdang.com/20830050.html,打开诗的翅膀,林良,2010-04-01,中国民族摄影艺术出版社,11014条评论
308.,http://product.dangdang.com/23778012.html,午读――童立方印刻小书院典藏儿童国学系列之民国课本系列,姚青锋,2015-08-01,北京联合出版公司,4353条评论
309.,http://product.dangdang.com/23780097.html,三年级的小豆豆和三年级的小朵朵,狐狸姐姐,2015-10-01,春风文艺出版社,5926条评论
310.,http://product.dangdang.com/23639986.html,杨红樱画本 注音书系列第二辑套装（共4本）,杨红樱,2015-01-01,长江少年儿童出版社,5378条评论
311.,http://product.dangdang.com/22801835.html,怪物大师系列（第一辑全4册）,雷欧幻像,2012-07-01,接力出版社,16129条评论
312.,http://product.dangdang.com/23780095.html,二年级的小豆豆和二年级的小朵朵,狐狸姐姐,2015-10-01,春风文艺出版社,8047条评论
313.,http://product.dangdang.com/23568295.html,课外侦探组系列(全19册),谢鑫,2014-05-01,河北少年儿童出版社,2730条评论
314.,http://product.dangdang.com/23520437.html,我的家在紫禁城（普及版礼盒）,赵广超,2014-06-01,广西师范大学出版社,456条评论
315.,http://product.dangdang.com/23179364.html,我的儿子皮卡（共8册）,曹文轩,2010-10-01,２１世纪出版社,7453条评论
316.,http://product.dangdang.com/23051442.html,怪物大师（第二辑4本）,雷欧幻像,2013-01-01,接力出版社,15927条评论
317.,http://product.dangdang.com/23668694.html,诗流双汇集（共两册）,屠岸,2015-03-01,天天出版社有限责任公司,3764条评论
318.,http://product.dangdang.com/9168294.html,水浒传（上、下）,施耐庵,2006-05-01,中国少年儿童出版社,21192条评论
319.,http://product.dangdang.com/23923675.html,杨红樱童话注音本系列（毛毛虫的天空+会走路的小房子+背着房子的蜗牛+七个小淘气+乖狐狸等，套装共5册）,杨红樱,2016-04-01,安徽少年儿童出版社,2028条评论
320.,http://product.dangdang.com/23260519.html,故事奇想树 林哲璋专辑 第1辑（全4册）,林哲璋,2013-04-01,青岛出版社,4238条评论
321.,http://product.dangdang.com/23760673.html,桂花雨,曹文轩,2015-08-01,作家出版社,6264条评论
322.,http://product.dangdang.com/23953626.html,曹文轩纯美小说系列：红瓦黑瓦,曹文轩,2016-04-01,江苏少年儿童出版社,50625条评论
323.,http://product.dangdang.com/23641683.html,郑渊洁阅读启蒙书启蒙版 旗旗号巡洋舰,郑渊洁,2015-02-01,天津人民出版社,1748条评论
324.,http://product.dangdang.com/23760394.html,让孩子受益一生的中国故事（历史、神话、成语、民间、寓言故事全5册）,袁野,2015-09-01,新疆青少年出版社发行部（教辅）,2468条评论
325.,http://product.dangdang.com/23641195.html,童话庄子：华文新童话系列（套装共4册）,哲也,2012-06-01,五洲传播出版社,1150条评论
326.,http://product.dangdang.com/23837274.html,少年特种兵第八辑・高原特种战系列（全4册）,张永军,2016-01-01,中国少年儿童出版社,2962条评论
327.,http://product.dangdang.com/23475165.html,怪物大师（第三辑全4册）,雷欧幻像,2014-07-01,,4749条评论
328.,http://product.dangdang.com/23343971.html,《植物大战僵尸谍战版长篇小说》（升级版）+《植物学校》，共10册,萧袤,2013-10-01,中国少年儿童出版社,3546条评论
329.,http://product.dangdang.com/8841474.html,中国童话,黄蓓佳,2004-04-01,江苏少年儿童出版社,9481条评论
330.,http://product.dangdang.com/8996800.html,叶圣陶儿童文学全集（上下册）（精装）,叶圣陶,2005-04-01,中国少年儿童出版社,14757条评论
331.,http://product.dangdang.com/23341080.html,林汉达中国历史故事 大字彩图版（全4册）,林汉达,2013-09-01,中国少年儿童出版社,4960条评论
332.,http://product.dangdang.com/23764592.html,小书房.世界经典文库:四大名著(注音美绘版)(专供网店),吴承恩,2015-08-01,外语教学与研究出版社,4947条评论
333.,http://product.dangdang.com/23949031.html,曹文轩纯美小说：细米,曹文轩,2016-04-01,江苏少年儿童出版社,45561条评论
334.,http://product.dangdang.com/23452183.html,少年与海,张炜,2014-04-01,安徽少年儿童出版社,13991条评论
335.,http://product.dangdang.com/23277806.html,调皮的日子( 彩色注音版4本),秦文君,2013-06-01,春风文艺出版社,6457条评论
336.,http://product.dangdang.com/23830067.html,童立方印刻小书院典藏儿童国学系列之民国课本系列：暮省 （集数十位名家之精品，收录百套民国老课本之精华）,姚青锋,2015-11-01,北京联合出版公司,3628条评论
337.,http://product.dangdang.com/23838512.html,童诗嘉年华（全2册）,林世仁,2015-10-31,接力出版社,4839条评论
338.,http://product.dangdang.com/23397927.html,大头儿子和小头爸爸 原著经典故事（套装，全10册）,郑春华,2014-01-01,接力出版社,3123条评论
339.,http://product.dangdang.com/23773355.html,睡前故事3-6岁（套装共4册）,金童话,2015-09-01,化学工业出版社,4685条评论
340.,http://product.dangdang.com/23879007.html,写给儿童的通俗文学（全集，1-20册）,华一书局,2016-03-01,贵州教育出版社,588条评论
341.,http://product.dangdang.com/23524358.html,沈石溪激情动物小说拼音版系列（共6册）,沈石溪,2014-09-01,少年儿童出版社,3092条评论
342.,http://product.dangdang.com/20840765.html,黄蓓佳最新系列长篇儿童小说（《草镯子》《白棉花》《星星索》《黑眼睛》《平安夜》）,黄蓓佳,2010-06-01,江苏人民出版社,1828条评论
343.,http://product.dangdang.com/23444252.html,最能打动孩子心灵的中国经典童话  乌丢丢的奇遇（美绘版）,金波,2014-03-01,中国少年儿童出版社,12771条评论
344.,http://product.dangdang.com/23629786.html,长青藤・奇迹成长教育书系：我是一支爱写作的铅笔,斯沃普,2015-01-01,北京联合出版公司,7011条评论
345.,http://product.dangdang.com/23838699.html,冰波童话 蓝鲸的眼睛 晚安，我的星星 花背小乌龟 秋千，秋千 窗下的树皮小屋 文学版（套装全5册）,冰波,2016-01-01,广州出版社,2353条评论
346.,http://product.dangdang.com/23957595.html,杨红樱成长小说系列--女生日记,杨红樱,2016-06-03,明天出版社,24606条评论
347.,http://product.dangdang.com/23526340.html,杨红樱童话系列套装（全7册）,杨红樱,2014-05-01,作家出版社,2131条评论
348.,http://product.dangdang.com/23992851.html,中华上下五千年 少年彩图版  套装共6册,童超,2016-08-01,海豚出版社,1857条评论
349.,http://product.dangdang.com/23577620.html,阳光姐姐小说总动员第四季（全四册）,伍美珍,2014-09-01,河北少年儿童出版社,3029条评论
350.,http://product.dangdang.com/23480215.html,会飞的狗合集（第1季+第2季+第3季）,张之路,2014-05-01,中国少年儿童出版社,2765条评论
351.,http://product.dangdang.com/23582575.html,汤汤精灵童话：美人树,汤汤,2014-09-01,江苏少年儿童出版社,11388条评论
352.,http://product.dangdang.com/23694780.html,酷男生靓女生系列（全7册）,汤素兰,2015-11-16,湖南少年儿童出版社,601条评论
353.,http://product.dangdang.com/23683137.html,同桌冤家吃货课堂系列(套装4本),伍美珍,2015-04-01,北京少年儿童出版社,2351条评论
354.,http://product.dangdang.com/23767373.html,三国演义(注音版),韩雪,2015-09-01,化学工业出版社,17632条评论
355.,http://product.dangdang.com/23335565.html,郑渊洁桥梁书： 皮皮鲁和魔方大厦（共15册）,郑渊洁,2013-10-01,２１世纪出版社,7781条评论
356.,http://product.dangdang.com/23540021.html,汤素兰 笨狼的故事（共6册 ）,汤素兰,2014-06-01,浙江少年儿童出版社,5393条评论
357.,http://product.dangdang.com/23916750.html,神奇少年桑桑系列・一辑（含《奥当女孩》《里娅传奇》《新月当空》三册）,虹影,2016-03-01,贵州人民出版社,2779条评论
358.,http://product.dangdang.com/23468814.html,贾里贾梅大系  女生贾梅全传,秦文君,2014-05-01,少年儿童出版社,22074条评论
359.,http://product.dangdang.com/20893057.html,《少年文艺》30年原创精品文库 （套装共6册）,少年文艺,2008-07-01,江苏少年儿童出版社,16068条评论
360.,http://product.dangdang.com/24007536.html,有故事的汉字 第2辑（当当独家订制版，全3册）,苏真,2016-07-25,青岛出版社,8786条评论
361.,http://product.dangdang.com/20897590.html,张之路品藏书系（套装共6册）,张之路,2010-08-01,浙江少年儿童出版社,2958条评论
362.,http://product.dangdang.com/23704256.html,少年特种兵第七辑・雪域特种战系列（全4册）,张永军,2015-06-01,中国少年儿童出版社,3247条评论
363.,http://product.dangdang.com/21055737.html,曹文轩纯美小说*野风车,曹文轩,2009-06-01,江苏少年儿童出版社,13226条评论
364.,http://product.dangdang.com/23318962.html,兔子什么都知道，叫一声我的名字好吗？,Q歪歪,2013-09-01,北京联合出版公司,6713条评论
365.,http://product.dangdang.com/22820327.html,吹小号的天鹅,E.B.怀特,2012-08-01,上海译文出版社,8317条评论
366.,http://product.dangdang.com/23911290.html,绘本中华故事・神话传说,郑勤砚,2016-03-01,北京联合出版公司,1114条评论
367.,http://product.dangdang.com/23622211.html,曹文轩小说馆(共5册）小酒店里的怪客/野鸭河/谁为奶奶哭泣/九叔的船恨/沉默的小号,曹文轩,2015-01-01,,1820条评论
368.,http://product.dangdang.com/23740003.html,波西・杰克逊奥林匹斯英雄系列5：奥林匹斯之血,雷克・莱尔顿,2015-07-01,接力出版社,3396条评论
369.,http://product.dangdang.com/23989232.html,喜宝成长记（全六册）亚洲好书榜 第三名! 超值赠全套精英游戏，扫码看系列公仔剧,天涯莫名,2016-06-01,武汉大学出版社,557条评论
370.,http://product.dangdang.com/23840185.html,曹文轩小说馆(共5册）老铜匠的儿子/愤怒的浴室/三斧头/冰项链/独臂男孩,曹文轩,2015-10-01,二十一世纪出版社,3454条评论
371.,http://product.dangdang.com/22543872.html,杨红樱画本.好性格系列（10本）,杨红樱,2011-10-01,湖北少儿出版社,5628条评论
372.,http://product.dangdang.com/23675147.html,诗意童年（套装共8册）,金波,2015-01-01,江苏少年儿童出版社,1153条评论
373.,http://product.dangdang.com/23670961.html,冰心儿童文学新作奖获奖作品集 2010-2014年（共5册）,浙江少年儿童出版社,2014-12-01,浙江少年儿童出版社,1325条评论
374.,http://product.dangdang.com/23722236.html,我也有过小时候――任溶溶寄小读者（九旬高龄儿童文学泰斗的快乐逗趣童年回忆书，父与子首度合作，内附小儿子任荣炼手绘50余幅温暖插图）,任溶溶,2015-07-01,浙江大学出版社,10969条评论
375.,http://product.dangdang.com/23469019.html,少年的荣耀,李东华,2014-03-01,希望出版社,12025条评论
376.,http://product.dangdang.com/22772447.html,杨红樱画本.好性格系列第二辑（10本）,杨红樱,2012-04-01,   ,4798条评论
377.,http://product.dangdang.com/23513159.html,赛尔号 战神联盟（1-10 套装共10册）,绯然,2014-07-01,浙江少年儿童出版社,1977条评论
378.,http://product.dangdang.com/23923676.html,杨红樱童话注音本系列（小蝌蚪成长记+鼹鼠妈妈讲故事+骆驼爸爸讲故事+小人精的故事+偷梦的影子等，套装共5册）,杨红樱,2016-04-01,安徽少年儿童出版社,2878条评论
379.,http://product.dangdang.com/23602451.html,红蜻蜓暖爱长篇小说（共8册）,许友彬,2014-11-01,浙江少年儿童出版社,1400条评论
380.,http://product.dangdang.com/22479017.html,中国四大经典名著--西游记(全书注音),吴承恩,2011-08-01,化学工业出版社,13233条评论
381.,http://product.dangdang.com/23907912.html,青铜葵花（世界著名插画家插图版）,曹文轩,2016-01-01,中国少年儿童出版社,9728条评论
382.,http://product.dangdang.com/22839793.html,狼獾河（新版）,格日勒其木格.黑鹤,2012-07-01,接力出版社,7242条评论
383.,http://product.dangdang.com/23762159.html,小书房.世界经典文库(注音美绘版):西游记,吴承恩,2015-08-04,外语教学与研究出版社,21173条评论
384.,http://product.dangdang.com/20399415.html,孙幼军童话精选--小布头奇遇记,孙幼军,2008-12-01,中国少年儿童出版社,19885条评论
385.,http://product.dangdang.com/23924504.html,大王鸽文库（共6册） 曹文轩 编,曹文轩,2016-01-01,天天出版社有限责任公司,897条评论
386.,http://product.dangdang.com/23443121.html,丰子恺儿童文学全集（精装）（套装共3本）,丰子恺,2014-03-01,海豚出版社,1079条评论
387.,http://product.dangdang.com/23815641.html,装在口袋里的爸爸(20周年精选10册套装),杨鹏,2015-11-01,春风文艺出版社,328条评论
388.,http://product.dangdang.com/23487062.html,中华人物故事全书 第二辑（共4册）,冯广裕,2014-06-01,中国少年儿童出版社,1798条评论
389.,http://product.dangdang.com/23581401.html,曹文轩纯美小说系列*天黑了,曹文轩,2014-07-01,江苏少年儿童出版社,5360条评论
390.,http://product.dangdang.com/23635881.html,幸运兔精灵（全8册）套装,葛竞,2015-01-01,中国少年儿童出版社,1159条评论
391.,http://product.dangdang.com/21073459.html,杨红樱校园小说《女生日记》《男生日记》（函套书号）,杨红樱,2006-11-01,作家出版社,13176条评论
392.,http://product.dangdang.com/23560002.html,常新港成长物语系列（全4册）,常新港,2014-09-01,   ,2825条评论
393.,http://product.dangdang.com/23624305.html,汤素兰动物历险童话典藏版（共4册）,汤素兰,2014-12-01,浙江少年儿童出版社,3330条评论
394.,http://product.dangdang.com/23394104.html,最美最美的中国童话传统节日篇,汉声杂志社,2014-01-01,江苏美术出版社,4058条评论
395.,http://product.dangdang.com/23311853.html,老舍儿童文学作品选・散文卷,老舍,2013-09-01,湖南文艺出版社,17100条评论
396.,http://product.dangdang.com/23592663.html,中国古典四大名著 拼音美绘版（套装全四册）,吴承恩,2014-04-01,江西高校出版社,3880条评论
397.,http://product.dangdang.com/23526617.html,新教育的一年级第一辑 (共6册）8月-1月,童喜喜,2014-07-01,,1963条评论
398.,http://product.dangdang.com/23959365.html,当代儿童文学小说名家精选集（10册）套装,沈石溪,2016-05-01,新世纪出版社,1956条评论
399.,http://product.dangdang.com/23949030.html,曹文轩纯美小说：野风车,曹文轩,2016-04-01,江苏少年儿童出版社,27968条评论
400.,http://product.dangdang.com/23761682.html,女儿的故事（全集）,梅子涵,2015-07-01,少年儿童出版社,19721条评论
401.,http://product.dangdang.com/23548592.html,汤素兰主编 第1辑 彩图注音版:笨狼的故事套装 全5册:笨狼找宝藏/最棒的学生/移民月球/晾尾巴/半朵大红花,汤素兰,2014-07-01,甘肃少年儿童出版社,2037条评论
402.,http://product.dangdang.com/23954194.html,《妹妹的红雨鞋》,林焕彰,2016-04-01,长江少年儿童出版社,21811条评论
403.,http://product.dangdang.com/23664488.html,幼学启蒙丛书――中国古代神话1  盘古开天地（中英对照）,赵镇琬,2015-01-01,新世界出版社,9399条评论
404.,http://product.dangdang.com/20738380.html,狼图腾・小狼小狼,姜戎,2010-01-01,浙江少年儿童出版社,20024条评论
405.,http://product.dangdang.com/23665141.html,美冠纯美阅读书系(经典彩绘本）（套装共8册）,朱自清,2015-01-01,北京日报出版社（原同心出版社）,667条评论
406.,http://product.dangdang.com/23687536.html,《儿童文学》金牌作家书系：徐玲・“我的爱”系列――全世界请原谅我,徐玲,2015-05-01,中国少年儿童出版社,6827条评论
407.,http://product.dangdang.com/23526059.html,奥当女孩(神奇少年桑桑系列①）,虹影,2014-08-01,贵州人民出版社,10723条评论
408.,http://product.dangdang.com/23691206.html,影响孩子一生的大科学家（第二版，套装共六册！）,陈鸣,2015-05-01,中国宇航出版社,2136条评论
409.,http://product.dangdang.com/23741753.html,灵狐少年,彭懿,2015-05-01,云南出版集团公司 晨光出版社,4699条评论
410.,http://product.dangdang.com/23818844.html,常新港励志成长系列（套装共4册）,常新港,2014-09-10,青岛出版社,1686条评论
411.,http://product.dangdang.com/23960946.html,商晓娜暖心阅读・可不可以不再见,商晓娜,2016-04-04,明天出版社,4414条评论
412.,http://product.dangdang.com/23957599.html,杨红樱成长小说系列--男生日记,杨红樱,2016-06-03,明天出版社,25009条评论
413.,http://product.dangdang.com/23775562.html,故事奇想树 注音版 *辑（全5册）,林哲璋,2015-04-01,青岛出版社,1267条评论
414.,http://product.dangdang.com/23168613.html,世界通史故事（全4卷）,段启增,2013-01-15,中国少年儿童出版社,4264条评论
415.,http://product.dangdang.com/23401913.html,1-2年级小豆豆小朵朵（套装4本）,.狐狸姐姐,2011-05-01,春风文艺出版社,2389条评论
416.,http://product.dangdang.com/20598537.html,黄蓓佳倾情小说系列(全8册）,黄蓓佳,2009-03-01,江苏少年儿童出版社,2168条评论
417.,http://product.dangdang.com/23522577.html,中国孩子的梦,谷应,2014-06-01,,1306条评论
418.,http://product.dangdang.com/23813105.html,特种兵学校第2季4册（5-8）,八路,2015-10-01,河北少年儿童出版社,3443条评论
419.,http://product.dangdang.com/23384398.html,少年特种兵第四辑・沙漠特种战系列（全4册）,张永军,2014-01-01,中国少年儿童出版社,4989条评论
420.,http://product.dangdang.com/23826245.html,阳光姐姐小说总动员第二季（套装共4册）,伍美珍,2016-01-01,河北少年儿童出版社,1432条评论
421.,http://product.dangdang.com/23960947.html,红鞋子（全新精装典藏版）,汤素兰,2016-05-01,天天出版社有限责任公司,8012条评论
422.,http://product.dangdang.com/23691472.html,杨鹏 校园三剑客（共4册）,杨鹏,2015-05-01,浙江少年儿童出版社,2301条评论
423.,http://product.dangdang.com/22504156.html,讲给孩子的中国文学经典（上下册）,侯会,2011-08-01,团结出版社,4080条评论
424.,http://product.dangdang.com/23602147.html,少年特种兵第六辑・城市特种战系列（全4册）,张永军,2015-01-01,中国少年儿童出版社,4432条评论
425.,http://product.dangdang.com/23517652.html,智慧公主马小岚（套装共12册）,马翠萝,2014-07-01,化学工业出版社,1430条评论
426.,http://product.dangdang.com/23444254.html,最能打动孩子心灵的中国经典童话  笨狼的故事（美绘版）,汤素兰,2014-03-01,中国少年儿童出版社,7861条评论
427.,http://product.dangdang.com/23805820.html,儿童美绘版*唐诗三百首・古诗词三百首,夏晨妮,2015-10-01,吉林大学出版社,12112条评论
428.,http://product.dangdang.com/23775552.html,故事奇想树 非注音版 *辑（全5册）,赖晓珍,2015-04-01,青岛出版社,1114条评论
429.,http://product.dangdang.com/23922161.html,《小溪流》35周年典藏书系（全6册）,小溪流杂志社,2016-03-20,湖南少年儿童出版社,237条评论
430.,http://product.dangdang.com/23692853.html,阿笨猫全传（套装共5册）,冰波,2016-01-01,江苏少年儿童出版社,3534条评论
431.,http://product.dangdang.com/23916896.html,郑渊洁阅读启蒙书桥梁版：309暗室（全15册）,郑渊洁,2016-04-01,天津人民出版社,2468条评论
432.,http://product.dangdang.com/23252823.html,彩乌鸦中文原创系列礼盒（共20册）,程玮,2011-06-01,２１世纪出版社,1408条评论
433.,http://product.dangdang.com/22560023.html,爸妈不是我的佣人――胡小闹日记①,乐多多,2012-01-01,朝华出版社,9210条评论
434.,http://product.dangdang.com/23981239.html,曹文轩纯美小说：蜻蜓眼,曹文轩,2016-06-01,江苏少年儿童出版社,29315条评论
435.,http://product.dangdang.com/24015923.html,曹文轩经典作品（插画典藏版）（全3册）,曹文轩,2016-08-01,中国少年儿童出版社,802条评论
436.,http://product.dangdang.com/22832040.html,大王书（美幻版）（1―5）,曹文轩,2012-08-01,接力出版社,2183条评论
437.,http://product.dangdang.com/23740991.html,大中华寻宝记（1-4册）博物馆惊魂/神隐三夹水/八臂哪吒城/神秘的海眼,孙家裕,2015-06-01,,2639条评论
438.,http://product.dangdang.com/23684576.html,沈石溪画本（第一辑）套装,沈石溪,2015-04-01,长江少年儿童出版社,1282条评论
439.,http://product.dangdang.com/23953080.html,《儿童文学》金牌作家书系・“我的爱”系列小说――给你我的所有,徐玲,2016-04-01,中国少年儿童出版社,4490条评论
440.,http://product.dangdang.com/22864600.html,动物小说大王沈石溪品藏书系第六辑（共四册）,沈石溪,2012-08-30,浙江少年儿童出版社,7425条评论
441.,http://product.dangdang.com/23763869.html,梁山伯与祝英台,唐亚明,2015-09-01,中信出版社,2448条评论
442.,http://product.dangdang.com/23815260.html,常新港励志成长系列・我想长成一棵葱,常新港,2014-09-10,青岛出版社,11096条评论
443.,http://product.dangdang.com/22820321.html,精灵鼠小弟（夏洛书屋）,怀特,2012-08-01,上海译文出版社,8777条评论
444.,http://product.dangdang.com/23671104.html,曹文轩儿童文学作品精选(套装共2册),曹文轩,2014-03-01,化学工业出版社,1598条评论
445.,http://product.dangdang.com/23507274.html,365夜睡前故事（套装4册）,孔倩,2014-06-01,化学工业出版社,1265条评论
446.,http://product.dangdang.com/23581400.html,曹文轩纯美小说系列*单行街,曹文轩,2014-07-01,江苏少年儿童出版社,4625条评论
447.,http://product.dangdang.com/23797253.html,森林里的小火车(特帧本）――2015中国好书,彭学军,2015-08-01,二十一世纪出版社,1677条评论
448.,http://product.dangdang.com/23178398.html,沈石溪动物小说感悟生命书系（套装三册）,沈石溪,2013-01-01,人民邮电出版社,8223条评论
449.,http://product.dangdang.com/23570651.html,快乐鸟系列拼音读物：第六辑,金波,2014-10-01,现代出版社,1289条评论
450.,http://product.dangdang.com/23261532.html,汤汤奇异童话系列(3本套装）,汤汤,2013-01-30,少年儿童出版社,4913条评论
451.,http://product.dangdang.com/23591442.html,名家励志导读（套装共5册）,黄蓓佳,2014-07-01,吉林出版集团有限责任公司,1073条评论
452.,http://product.dangdang.com/23456095.html,彩虹桥名家散文诗,徐鲁,2014-03-01,福建少年儿童出版社,1069条评论
453.,http://product.dangdang.com/23548593.html,汤素兰主编 第2辑 彩图注音版:笨狼的故事套装 全5册,汤素兰,2014-07-01,甘肃少年儿童出版社,1752条评论
454.,http://product.dangdang.com/23838848.html,自然之子黑鹤精品书系 珍藏版(共4册),格日勒其木格・黑鹤,2015-12-01,浙江少年儿童出版社,453条评论
455.,http://product.dangdang.com/23799620.html,四大名著（拼音插图版）（套装共4册）,韩雪,2015-09-01,化学工业出版社,777条评论
456.,http://product.dangdang.com/23173782.html,百年百首优秀儿童诗,樊发稼,2013-01-01,河北少年儿童出版社,2911条评论
457.,http://product.dangdang.com/23657936.html,睡前5分钟小童话（套装共9册）,格林兄弟,2015-01-01,江苏美术出版社,1700条评论
458.,http://product.dangdang.com/23301626.html,我是夏蛋蛋系列（全6册）,彭懿,2013-08-01,接力出版社,3801条评论
459.,http://product.dangdang.com/23831645.html,非常小子马鸣加注音全彩美绘版（套装全10册）,郑春华,2016-01-01,春风文艺出版社,750条评论
460.,http://product.dangdang.com/23725760.html,阳光姐姐小说派（套装共4册）,伍美珍,2015-07-01,人民邮电出版社,1055条评论
461.,http://product.dangdang.com/23709668.html,渔童（赵丽宏新作）,赵丽宏,2015-05-01,福建少年儿童出版社,4856条评论
462.,http://product.dangdang.com/9168293.html,红楼梦（上、下）――中国古典文学名著・白话美绘版,曹雪芹,2006-05-01,中国少年儿童出版社,12355条评论
463.,http://product.dangdang.com/23615965.html,狼图腾：影像青少版,姜戎,2014-12-01,浙江摄影出版社,4777条评论
464.,http://product.dangdang.com/23819768.html,大盗贼 彩色注音版（共3册会唱歌的咖啡磨、奇幻水晶球、危险的沼泽地）,奥德弗雷德普鲁士勒,2015-10-01,二十一世纪出版社,1966条评论
465.,http://product.dangdang.com/23929043.html,野芒坡（入选2018年中版好书“镇社之宝”书单）,殷健灵,2016-04-01,天天出版社有限责任公司,16011条评论
466.,http://product.dangdang.com/23450692.html,奇妙学校（拼音版）十本套装,郑春华,2014-01-01,少年儿童出版社,1830条评论
467.,http://product.dangdang.com/22591801.html,动物小说大王沈石溪品藏书系第五辑（共四册）,沈石溪,2012-01-01,   ,8860条评论
468.,http://product.dangdang.com/23779335.html,《儿童文学》金牌作家书系――我是你的守护星5：奔弦之箭,晏菁,2015-09-01,中国少年儿童出版社,3225条评论
469.,http://product.dangdang.com/23480216.html,小男生小豆包全三季（共9册）,董宏猷,2015-06-01,,2641条评论
470.,http://product.dangdang.com/23387036.html,快乐鸟系列拼音读物套装（三）,孙幼军,2013-12-09,现代出版社,1411条评论
471.,http://product.dangdang.com/23664503.html,幼学启蒙丛书――中国民俗故事1  年除夕的故事（中英对照）,赵镇琬,2015-02-01,新世界出版社,8203条评论
472.,http://product.dangdang.com/23815816.html,男生贾里全传（美绘珍藏版）,秦文君,2016-01-01,少年儿童出版社,5094条评论
473.,http://product.dangdang.com/23791497.html,调皮的日子（套装5本）,秦文君,2015-10-01,春风文艺出版社,5392条评论
474.,http://product.dangdang.com/23463965.html,九月的冰河――纯真生命系列,薛涛,2014-04-01,新蕾出版社,13110条评论
475.,http://product.dangdang.com/23177220.html,雪山神犬 藏地传奇：最后的獒王,杨志军,2013-02-01,浙江少年儿童出版社,8566条评论
476.,http://product.dangdang.com/23836231.html,花和蝴蝶（精）――台湾儿童文学馆・林焕彰童诗绘本,林焕彰,2015-11-01,福建少年儿童出版社,5317条评论
477.,http://product.dangdang.com/23942072.html,中国名娃・小皮卡：会飞的帐篷,曹文轩,2016-04-20,作家出版社,2362条评论
478.,http://product.dangdang.com/20820474.html,冰心儿童文学全集（美绘版）（全4册）――大师儿童文学书系,冰心,2005-10-01,中国少年儿童出版社,2593条评论
479.,http://product.dangdang.com/20630893.html,最佳少年文学读本（初中卷3册）,方卫平,2009-06-01,明天出版社,10285条评论
480.,http://product.dangdang.com/23918758.html,海绵儿童分级阅读（共12册，6～12岁适用）,王蕾,2016-03-01,化学工业出版社,311条评论
481.,http://product.dangdang.com/23392683.html,0～3岁宝宝睡前启蒙故事--品德童话,稚子文化,2014-01-01,化学工业出版社,5255条评论
482.,http://product.dangdang.com/23965710.html,写给儿童的德育课本（全8册）,蒙正童书馆,2016-06-01,团结出版社,854条评论
483.,http://product.dangdang.com/23291399.html,神秘的女老师（升级版）,杨红樱,2013-06-01,作家出版社,5614条评论
484.,http://product.dangdang.com/22633437.html,《儿童文学》淘・乐・酷丛书--萝铃的魔力（第一二三四部，新加番外篇）,陈柳环,2012-03-21,   ,3711条评论
485.,http://product.dangdang.com/23423470.html,《儿童文学》金牌作家书系――如果星星开满树,赵菱,2014-02-01,中国少年儿童出版社,10965条评论
486.,http://product.dangdang.com/23798396.html,中国童话绘本(第一辑 套装共八册),洪汛涛,2015-07-01,上海教育出版社,278条评论
487.,http://product.dangdang.com/23775761.html,蔬菜学校系列（全5册）,黄宇,2015-09-01,中国少年儿童出版社,1267条评论
488.,http://product.dangdang.com/23838111.html,大师童书系列/叶圣陶儿童文学全集,叶圣陶,2015-10-01,南京大学出版社,2600条评论
489.,http://product.dangdang.com/24045620.html,妈妈菩萨孩子佛（附赠童言笔记本+佛心书签）,粲然,2016-10-10,贵州人民出版社,2654条评论
490.,http://product.dangdang.com/23754046.html,经典童话立体剧场书 全10册,皮耶罗卡塔内奥,2015-06-01,未来出版社,201条评论
491.,http://product.dangdang.com/23732713.html,动物小说大王沈石溪 奇幻书系（套装共4册）,沈石溪,2015-07-01,浙江少年儿童出版社,3929条评论
492.,http://product.dangdang.com/23753903.html,王一梅童书・经典长篇童话――木偶的森林,王一梅,2015-07-01,新蕾出版社,8083条评论
493.,http://product.dangdang.com/23993424.html,笨狼的故事注音版（全8本）,汤素兰,2016-06-01,湖南少年儿童出版社,11845条评论
494.,http://product.dangdang.com/23800540.html,幼学启蒙・ 中国成语故事（中英对照全四册）,赵镇琬,2016-02-02,HarperCollins UK,1401条评论
495.,http://product.dangdang.com/23343430.html,“快乐鸟”系列拼音读物套装Ⅱ,洪汛涛,2013-09-01,   ,1634条评论
496.,http://product.dangdang.com/23487063.html,2013年全国优秀儿童文学精选集（全3册）,毕淑敏,2014-07-01,中国少年儿童出版社,1670条评论
497.,http://product.dangdang.com/23800541.html,幼学启蒙・中国古代传说（中英对照全四册）,赵镇琬,2016-02-02,新世界出版社,1582条评论
498.,http://product.dangdang.com/23474635.html,汤素兰奇迹系列（全8册）,汤素兰,2014-06-01,   ,1036条评论
499.,http://product.dangdang.com/23790563.html,沈石溪获奖作品第二辑（全3册）,沈石溪,2015-10-01,湖南少年儿童出版社,674条评论
500.,http://product.dangdang.com/23557618.html,《儿童文学》・牧铃・“一个人的牧场”系列四部曲（全4册）,牧铃,2014-10-01,中国少年儿童出版社,1484条评论
