1.,http://product.dangdang.com/25062481.html,诺奖少年版（全套30册）2018当当童书畅销书，日销售ZUI高达50000册，系列销量突破3500000册。含新课标书目,海明威,2017-04-01,辽宁少年儿童出版社,282953条评论
2.,http://product.dangdang.com/23580693.html,哈利・波特 （全集1-7册）全新版套装中文版,J.K.罗琳,2014-11-01,人民文学出版社,165316条评论
3.,http://product.dangdang.com/25099944.html,小读客・梅格时空大冒险（套装全5册）（含《时间的折皱》[又名《时间的皱折》《时间的皱纹》]、《银河的裂缝》等）,马德琳・英格,2017-07-01,文汇出版社,143372条评论
4.,http://product.dangdang.com/20481551.html,国际大奖小说系列（共53册）,卡尔森,2005-01-01,新蕾出版社（天津）有限公司（当当书友会）,74732条评论
5.,http://product.dangdang.com/21085963.html,神奇校车・阅读版（全16册）,乔安娜柯尔,2011-06-01,贵州人民出版社,246125条评论
6.,http://product.dangdang.com/23375954.html,玛蒂娜故事书（全新版）,�岳逞盼�,2013-12-01,贵州教育出版社,59285条评论
7.,http://product.dangdang.com/23950912.html,多莱尔的希腊神话书（畅销千万册，纽约公共图书馆“百年百佳书”）,英格丽,2016-06-01,江苏教育出版社,97951条评论
8.,http://product.dangdang.com/23975315.html,罗尔德・达尔作品典藏（13本套装）,罗尔德・达尔,2014-07-04,明天出版社,120597条评论
9.,http://product.dangdang.com/23963837.html,小屁孩日记（1-20）平装套装,杰夫・金尼�M,2016-06-01,新世纪出版社,41277条评论
10.,http://product.dangdang.com/23301970.html,柳林风声,肯尼斯格雷厄姆,2013-08-01,贵州人民出版社,111006条评论
11.,http://product.dangdang.com/23578711.html,世界第一少年侦探团（第一辑全5册套装）,伊妮德布莱顿,2014-10-01,北京联合出版公司,66113条评论
12.,http://product.dangdang.com/23177807.html,窗边的小豆豆套装（全六册）,黑柳彻子,2012-11-01,南海出版公司,162771条评论
13.,http://product.dangdang.com/23953205.html,荒野求生少年生存小说系列（贝尔授权签名本，全9册）,贝尔・格里尔斯,2016-05-04,接力出版社,47179条评论
14.,http://product.dangdang.com/8964881.html,安徒生童话全集（200周年超级典藏本）,安徒生,2005-01-01,浙江少年儿童出版社,42666条评论
15.,http://product.dangdang.com/22923244.html,猫头鹰王国套装（共15册）,拉丝基,2009-09-01,湖北少儿出版社,28880条评论
16.,http://product.dangdang.com/23454155.html,小淘气尼古拉的故事全集（全11册）,勒内・戈西尼,2014-05-01,中国少年儿童出版社,45330条评论
17.,http://product.dangdang.com/20810568.html,安房直子幻想小说系列（共6册）,安房直子,2010-06-01,少年儿童出版社,91570条评论
18.,http://product.dangdang.com/22474387.html,纳尼亚传奇(全辑共7册),刘易斯,2011-08-01,译林出版社,107776条评论
19.,http://product.dangdang.com/22534125.html,我爱阅读桥梁书：黄色系列1辑+2辑（全40册）,克里斯蒂娜・帕吕伊,2011-01-01,广州出版社,50638条评论
20.,http://product.dangdang.com/22541581.html,我爱阅读桥梁书：红色40册1辑+2辑（全40册）,拉沙,2011-11-08,广州出版社,34472条评论
21.,http://product.dangdang.com/23546266.html,夏洛的网（新）,怀特,2014-08-01,上海译文出版社,564352条评论
22.,http://product.dangdang.com/23451558.html,人文第一课 最美的民间故事（全4册）,肖莎娜,2014-04-01,湖南少年儿童出版社,40522条评论
23.,http://product.dangdang.com/20999128.html,窗边的小豆豆,黑柳彻子,2011-01-01,南海出版公司,755554条评论
24.,http://product.dangdang.com/21121570.html,神奇校车人文版（共3册）,乔安娜柯尔,2011-07-01,贵州人民出版社,129706条评论
25.,http://product.dangdang.com/24242339.html,爱的朗读・诗与故事（全3册，曹文轩推荐，中英双语朗读莎士比亚等巨匠经典诗作，每一位父母都是爱的朗读者。赠全彩英文原诗，扫码免费听）,杰姬・莫里斯,2017-04-01,湖南少年儿童出版社,15090条评论
26.,http://product.dangdang.com/23484133.html,晴天有时下猪系列（全9册),矢玉四郎,2014-05-01,二十一世纪出版社,83305条评论
27.,http://product.dangdang.com/23421075.html,一个孩子的诗园,罗伯特・路易斯・斯蒂文森,2014-02-01,湖北美术出版社,44543条评论
28.,http://product.dangdang.com/22534124.html,我爱阅读桥梁书：蓝色系列1辑+2辑（全40册）,拉沙,2011-11-08,广州出版社,42812条评论
29.,http://product.dangdang.com/23698918.html,世界第一少年侦探团（第二辑全5册套装）,伊妮德布莱顿,2015-06-01,江苏文艺出版社,29407条评论
30.,http://product.dangdang.com/24161061.html,世界第一少年侦探团（第三辑全5册套装）,伊妮德.布莱顿,2016-12-31,江苏文艺出版社,23596条评论
31.,http://product.dangdang.com/22583358.html,安房直子月光童话系列（全5册）,安房直子,2012-01-01,接力出版社,59587条评论
32.,http://product.dangdang.com/23797242.html,我和小姐姐克拉拉（共3册）1.2.3 经典完全本,迪米特尔茵可夫,2015-09-01,二十一世纪出版社,116804条评论
33.,http://product.dangdang.com/23465222.html,非常小公主系列（全10册）,马西尼,2014-05-01,译林出版社,36341条评论
34.,http://product.dangdang.com/20923655.html,劳拉的星星（全7册）,鲍姆加特,2010-07-01,中国少年儿童出版社,52550条评论
35.,http://product.dangdang.com/20686500.html,我爱阅读桥梁书：黄色系列第1辑（全20册）,克里斯蒂娜・帕吕伊,2009-09-01,广州出版社,36767条评论
36.,http://product.dangdang.com/23380883.html,手斧男孩（套装：1-5本）,盖瑞`伯森,2013-11-27,吉林文史出版社,41980条评论
37.,http://product.dangdang.com/23624833.html,名著名译名绘版 十册套装,马克,2015-01-01,接力出版社,6693条评论
38.,http://product.dangdang.com/23260538.html,小屁孩日记（1-14）套装,杰夫・金尼,2013-06-01,新世纪出版社,37053条评论
39.,http://product.dangdang.com/23386166.html,少年励志小说馆（第1―4辑，全24册）,琳达优本,2013-12-06,湖北少儿出版社,13722条评论
40.,http://product.dangdang.com/20203259.html,彩乌鸦系列(全20册),米切尔,2008-05-01,二十一世纪出版社,57785条评论
41.,http://product.dangdang.com/24044345.html,哈利・波特与被诅咒的孩子（哈利波特8）,J.K.罗琳,2016-10-31,人民文学出版社,49824条评论
42.,http://product.dangdang.com/23292645.html,永远讲不完的故事(新译本),米切尔・恩德,2013-06-01,２１世纪出版社,143543条评论
43.,http://product.dangdang.com/24169703.html,诺奖少年版（含萌芽卷、启迪卷、成长卷共18册。当当2017新锐童书奖！含新课标书目，适合中小学生阅读）,海明威,2016-10-01,辽宁少年儿童出版社,282746条评论
44.,http://product.dangdang.com/23371019.html,希腊神话（全十二册）,斯蒂芬尼德斯,2013-11-01,中译出版社（原中国对外翻译出版公司）,20472条评论
45.,http://product.dangdang.com/22916806.html,福尔摩斯探案全集（插图典藏版全四册),柯南・道尔,2013-01-01,中国妇女出版社,54596条评论
46.,http://product.dangdang.com/23370059.html,科瓦奇讲植物、动物、天文与地理（全三册）,查尔斯・科瓦奇,2013-12-01,贵州教育出版社,26868条评论
47.,http://product.dangdang.com/23574026.html,哈利・波特与死亡圣器(哈利・波特系列十五周年全新纪念珍藏版),J.K.Rowling,2007-10-01,人民文学出版社,82256条评论
48.,http://product.dangdang.com/23333476.html,疯狂学校（套装全六册）,古特曼,2013-08-01,江苏少年儿童出版社,66405条评论
49.,http://product.dangdang.com/20503986.html,猫武士一部曲（全6册）,艾琳・亨特,2009-03-01,中国少年儿童出版社,48598条评论
50.,http://product.dangdang.com/20686501.html,我爱阅读桥梁书：红色系列第1辑（全20册）,克里斯蒂娜・阿侬,2009-09-01,广州出版社,26797条评论
51.,http://product.dangdang.com/24105222.html,胡椒罐大楼的小侦探（全3册）,克里斯・里德尔,2016-11-20,长江少年儿童出版社,10049条评论
52.,http://product.dangdang.com/22598006.html,全球儿童文学典藏书系(珍藏经典版，共20册),埃格纳,2012-03-01,湖南少年儿童出版社（当当书友会）,25352条评论
53.,http://product.dangdang.com/20557038.html,蒲公英国际大奖小说系列（共6册）,汤米,2009-05-01,贵州人民出版社,48302条评论
54.,http://product.dangdang.com/23282221.html,绝境狼王系列（全6册）,凯瑟琳・拉丝基,2013-08-01,接力出版社,39489条评论
55.,http://product.dangdang.com/23221594.html,最励志校园小说第1辑+第2辑（共8册）,韩昌旭,2013-04-09,湖北少儿出版社,40779条评论
56.,http://product.dangdang.com/23454154.html,小淘气尼古拉的故事（共5册）――尼古拉的故事第一辑,勒内・戈西尼,2014-05-01,中国少年儿童出版社,30414条评论
57.,http://product.dangdang.com/23579622.html,A to Z 神秘案件（A to Z Mysteries，共26册，中英双语）,罗恩・罗伊,2014-10-01,连环画出版社,11261条评论
58.,http://product.dangdang.com/23456479.html,叶君健译本：安徒生童话全集（全四册）,安徒生,2014-08-01,天津人民出版社,39633条评论
59.,http://product.dangdang.com/23776722.html,红城王国珍藏套装（共6册）,布赖恩・雅克,2015-09-01,天天出版社,6058条评论
60.,http://product.dangdang.com/20686499.html,我爱阅读桥梁书：蓝色系列第1辑（全20册）,纪蒂・威尔,2009-09-01,广州出版社,24291条评论
61.,http://product.dangdang.com/23368941.html,佐贺的超级阿嬷,岛田洋七,2013-11-01,南海出版公司,151559条评论
62.,http://product.dangdang.com/25107647.html,《怪兽国》（全8册）,南海出版公司,2017-07-01,河北少年儿童出版社,6326条评论
63.,http://product.dangdang.com/24010198.html,罗尔德・达尔作品典藏（12本套装）,卡塔琳娜,2016-05-06,明天出版社,7728条评论
64.,http://product.dangdang.com/20760766.html,猫武士二部曲-新预言（套装1-6全）,河北少年儿童出版社,2010-01-01,未来出版社,52271条评论
65.,http://product.dangdang.com/23418061.html,国际大奖小说――爱德华的奇妙之旅（精装本）,罗尔德・达尔,2014-02-01,新蕾出版社,139549条评论
66.,http://product.dangdang.com/23574021.html,哈利・波特与魔法石,明天出版社,2000-09-01,人民文学出版社,139306条评论
67.,http://product.dangdang.com/23719883.html,小虎神探队（套装1-10册）,艾琳・亨特,2015-07-01,人民邮电出版社,17015条评论
68.,http://product.dangdang.com/23498298.html,猫武士一、二、三、四部曲（全套24册）,未来出版社,2014-01-01,未来出版社,4984条评论
69.,http://product.dangdang.com/23987566.html,绿野仙踪(经典名家全译本，精装全彩珍藏版),迪卡米洛,2016-06-30,云南人民出版社,26120条评论
70.,http://product.dangdang.com/20850436.html,猫武士三部曲-三力量（套装1-6全）,新蕾出版社,2010-05-01,未来出版社,50219条评论
71.,http://product.dangdang.com/23526616.html,大盗贼 (共3册）,罗琳,2014-06-01,二十一世纪出版社,63385条评论
72.,http://product.dangdang.com/23964227.html,扎克24小时特工系列(套装共17册）,人民文学出版社,2016-05-01,云南出版集团公司 晨光出版社,2485条评论
73.,http://product.dangdang.com/25088349.html,小读客・碟形世界：猫和少年魔笛手（比《哈利波特》和《魔戒》加起来还好看的，可能只有《碟形世界》）,托马斯・布热齐纳,2017-06-01,文汇出版社,38440条评论
74.,http://product.dangdang.com/23246855.html,哈利・波特（精装本）（全七册）,人民邮电出版社,2013-01-01,人民文学出版社,4977条评论
75.,http://product.dangdang.com/22545947.html,我爱阅读桥梁书：黄色系列第2辑（全20册）,艾琳・亨特,2011-11-01,湖北美术出版社,16319条评论
76.,http://product.dangdang.com/23376715.html,我爱阅读桥梁书：黄色系列第3辑（全20册）,未来出版社,2013-12-01,湖北少儿出版社,9066条评论
77.,http://product.dangdang.com/24004391.html,猫武士五部曲-族群黎明(套装1-6全),莱曼・弗兰克・鲍姆,2016-07-01,未来出版社,13019条评论
78.,http://product.dangdang.com/23376714.html,我爱阅读桥梁书：红色系列第3辑（全20册）,云南人民出版社,2013-12-01,湖北少儿出版社,7662条评论
79.,http://product.dangdang.com/23829467.html,（注音版）西顿动物记（全10册，赠送朗读光盘）,艾琳・亨特,2015-12-01,北京科学技术出版社,9636条评论
80.,http://product.dangdang.com/23812987.html,战马（（精装典藏版）,未来出版社,2016-01-01,南海出版公司,54335条评论
81.,http://product.dangdang.com/22937563.html,少年励志小说馆合辑（第1+2辑，全12册）,法国,2013-05-01,湖北少儿出版社,26584条评论
82.,http://product.dangdang.com/22907244.html,猫武士四部曲-第四学徒（套装1-6全）,艾琳・亨特,2011-07-01,未来出版社,28791条评论
83.,http://product.dangdang.com/23743104.html,我爱阅读桥梁书：红色系列第4辑（全20册）,弗洛朗斯雷诺,2015-07-01,长江少年儿童出版社,5856条评论
84.,http://product.dangdang.com/24041820.html,诺奖少年版（萌芽卷6册）,法朗士,2016-10-01,辽宁少年儿童出版社,282793条评论
85.,http://product.dangdang.com/23735264.html,魔女宅急便大全集（1-6册）2018年国际安徒生奖得主角野荣子代表作,角野荣子,2015-07-10,新星出版社,7914条评论
86.,http://product.dangdang.com/23224792.html,天天读经典・世界儿童文学名著精读本（全22册）,圣埃克苏佩里,2012-06-01,天天出版社,16565条评论
87.,http://product.dangdang.com/25067457.html,世界文学大师名著少年精选（全套3辑共18册，含新课标必读书目，儿童文学大咖梅子涵主编）,埃克苏佩里,2017-04-01,辽宁少年儿童出版社,15469条评论
88.,http://product.dangdang.com/24017020.html,不老泉文库（1-10册）第一辑 礼盒装 不老泉/银顶针的夏天/时代广场的蟋蟀/丽芙卡的信/苏菲的航海日志,娜塔莉,2016-07-01,二十一世纪出版社,5498条评论
89.,http://product.dangdang.com/23444351.html,林格伦作品集・美绘版（全14册）（平装）,林格伦,2014-05-01,中国少年儿童出版社,4757条评论
90.,http://product.dangdang.com/23574022.html,哈利・波特与凤凰社(哈利・波特系列十五周年全新纪念珍藏版),J.K.罗琳,2009-04-01,人民文学出版社,28547条评论
91.,http://product.dangdang.com/23945989.html,日记背后的历史（共8册）,维维亚娜・柯尼希,2016-05-01,浙江少年儿童出版社,3973条评论
92.,http://product.dangdang.com/23485223.html,全球儿童文学典藏书系盒装珍藏版 红盒装（共20册 ）,克里斯蒂娜・涅丝林格,2014-06-01,   ,4465条评论
93.,http://product.dangdang.com/20859068.html,最能打动孩子心灵的世界经典童话―吹牛大王历险记（美绘版）,拉斯伯.毕尔格,2010-05-01,中国少年儿童出版社,58646条评论
94.,http://product.dangdang.com/21006082.html,小熊帕丁顿系列（全6册）,邦德,2010-12-01,接力出版社,24675条评论
95.,http://product.dangdang.com/20859065.html,最能打动孩子心灵的世界经典童话―木偶奇遇记（美绘版）,卡洛・科洛迪,2010-05-01,中国少年儿童出版社,84755条评论
96.,http://product.dangdang.com/23190572.html,林格伦儿童文学作品集・典藏版――长袜子皮皮,林格伦,2013-01-01,中国少年儿童出版社,132306条评论
97.,http://product.dangdang.com/24195305.html,不一样的大个子米妮 桥梁书（16册/套）,克里斯蒂娜・涅斯特林格,2017-03-01,中国少年儿童出版社,1617条评论
98.,http://product.dangdang.com/22545948.html,我爱阅读桥梁书：红色系列第2辑（全20册）,肖朗,2011-11-01,湖北美术出版社,10809条评论
99.,http://product.dangdang.com/22471164.html,哈利・波特百科全书,哈利・波特百科全书,2011-07-01,北京理工大学出版社,28057条评论
100.,http://product.dangdang.com/25067898.html,长青藤国际大奖小说套装系列（全10册 当当精选）,杰里,2017-03-01,云南出版集团公司 晨光出版社,32831条评论
101.,http://product.dangdang.com/22618545.html,少年励志小说馆（第1辑，全六册）,克莱蒙,2012-02-01,湖北少儿出版社,43682条评论
102.,http://product.dangdang.com/22510282.html,狐狸福斯和兔子哈斯(全5册),湖北少儿出版社,2011-10-01,贵州人民出版社,30893条评论
103.,http://product.dangdang.com/24041811.html,诺奖少年版（成长卷1，共6册）,比利时,2016-10-01,辽宁少年儿童出版社,27143条评论
104.,http://product.dangdang.com/23696288.html,雾中的奇幻小镇（全3册）,贵州人民出版社,2015-05-01,南海出版公司,14504条评论
105.,http://product.dangdang.com/23580692.html,哈利・波特与火焰杯(哈利・波特系列十五周年全新纪念珍藏版),海明威,2014-10-01,人民文学出版社,31961条评论
106.,http://product.dangdang.com/21066375.html,小木屋的故事系列(全9册)--纽伯瑞儿童文学奖作品,辽宁少年儿童出版社,2011-04-01,安徽教育出版社,11909条评论
107.,http://product.dangdang.com/23376716.html,我爱阅读桥梁书：蓝色系列第3辑（全20册）,柏叶幸子,2013-12-01,湖北少儿出版社,5683条评论
108.,http://product.dangdang.com/24006781.html,老鼠记者全球版 礼盒装 第一辑（1-5） 当当网专享,南海出版公司,2016-06-01,二十一世纪出版社,23157条评论
109.,http://product.dangdang.com/23743105.html,我爱阅读桥梁书：黄色系列第4辑（全20册）,J.K.罗琳,2015-07-01,长江少年儿童出版社,5418条评论
110.,http://product.dangdang.com/20945970.html,彼得兔的故事（全12册）,人民文学出版社,2010-09-01,福建少年儿童出版社,19144条评论
111.,http://product.dangdang.com/23713309.html,国际大奖小说（全86册）,怀德,2015-05-01,新蕾出版社,684条评论
112.,http://product.dangdang.com/23414181.html,纳尼亚传奇 全译本 典藏礼套（共7册）,安徽教育出版社,2014-01-01,浙江少年儿童出版社,14529条评论
113.,http://product.dangdang.com/24044466.html,爱心树国际大奖小说精选（全10册）,,2016-10-15,南海出版社,2514条评论
114.,http://product.dangdang.com/23574020.html,哈利・波特与“混血王子” (哈利・波特系列十五周年全新纪念珍藏版),湖北少儿出版社,2005-10-01,人民文学出版社,28364条评论
115.,http://product.dangdang.com/22919532.html,格林童话全集：二百周年纪念版经典插图珍藏本,杰罗尼摩,2012-09-01,中国三峡出版社,33264条评论
116.,http://product.dangdang.com/24019875.html,小球先生住在樱桃街（共六册） 畅销十余年的经典童书，波兰IBBY年度图书奖提名，波兰驻华大使馆文化处特别推荐。适合4～8岁孩子作为桥梁书或家长读给孩子的大声朗读读物,二十一世纪出版社,2016-08-22,北京联合出版公司,4946条评论
117.,http://product.dangdang.com/20744945.html,借东西的小人,奥利维埃穆勒,2009-10-01,译林出版社,14933条评论
118.,http://product.dangdang.com/22893625.html,西顿动物小说全集(套装共6册）,长江少年儿童出版社,2012-10-01,安徽教育出版社,13938条评论
119.,http://product.dangdang.com/23481216.html,幻梦小公主环球历险记（全12册）,波特,2014-06-01,中国少年儿童出版社,5032条评论
120.,http://product.dangdang.com/23722257.html,荒野求生少年生存小说系列（全8册）,福建少年儿童出版社,2015-07-01,接力出版社,25872条评论
121.,http://product.dangdang.com/23486368.html,荒野求生少年生存小说系列（第一辑，全3册）,贝尔・格里尔斯,2014-06-01,接力出版社,40548条评论
122.,http://product.dangdang.com/23763985.html,波西・杰克逊系列十周年完结珍藏版,雷克・莱尔顿,2015-09-01,接力出版社,4336条评论
123.,http://product.dangdang.com/23780625.html,我爱阅读桥梁书：橙色系列（全13册）,克里斯蒂娜・帕吕伊,2015-10-01,长江少年儿童出版社,3361条评论
124.,http://product.dangdang.com/23426358.html,斯凯瑞的365故事,理查德斯凯瑞,2014-03-01,贵州人民出版社,9075条评论
125.,http://product.dangdang.com/23532901.html,超级姥姥系列（共9册）,盖勒森,2014-09-01,中国少年儿童出版社,2868条评论
126.,http://product.dangdang.com/23716023.html,《亲爱的小熊》（全5册）,埃尔斯・霍姆伦德・米纳里克,2015-07-01,贵州人民出版社,10635条评论
127.,http://product.dangdang.com/23928239.html,黑猫三五郎・儿童冒险文学（全5册）,竹下文子,2016-04-01,贵州人民出版社,4209条评论
128.,http://product.dangdang.com/23546267.html,吹小号的天鹅（新）,怀特,2014-08-01,上海译文出版社,60676条评论
129.,http://product.dangdang.com/23454156.html,拉塞―玛娅侦探所（全20册）（含第一辑10册+第二辑10册）,马丁,2014-05-01,中国少年儿童出版社,7198条评论
130.,http://product.dangdang.com/25112687.html,猫武士一、二、三、四、五部曲（全套30册）,艾琳・亨特,2017-08-08,未来出版社,990条评论
131.,http://product.dangdang.com/20859072.html,最能打动孩子心灵的世界经典童话―小鹿斑比（美绘版）,萨尔腾,2010-05-01,中国少年儿童出版社,50065条评论
132.,http://product.dangdang.com/23669732.html,任溶溶经典译丛：杜利特医生故事全集 全插图本（共12册）,休・洛夫廷,2015-03-01,浙江少年儿童出版社,6425条评论
133.,http://product.dangdang.com/23163352.html,黄色小水桶（全5册）,森山京,2013-04-01,贵州人民出版社,11784条评论
134.,http://product.dangdang.com/23574017.html,哈利・波特与密室(哈利・波特系列十五周年全新纪念珍藏版),J.K.罗琳,2000-09-01,人民文学出版社,45680条评论
135.,http://product.dangdang.com/22576734.html,蒲公英国际大奖小说 第二辑（全3册）,埃莉诺埃斯特,2011-12-21,贵州人民出版社,12302条评论
136.,http://product.dangdang.com/23201271.html,小淘气尼古拉绝版故事（共5册）――尼古拉的故事第二辑,勒内戈西尼,2013-04-01,中国少年儿童出版社,34345条评论
137.,http://product.dangdang.com/24041825.html,诺奖少年版（启迪卷1，共6册）,汉姆生,2016-10-01,辽宁少年儿童出版社,282675条评论
138.,http://product.dangdang.com/23812148.html,是谁在摇铃（日本桥梁书精选）（全4册）,安房直子,2016-01-01,贵州人民出版社,7465条评论
139.,http://product.dangdang.com/23690050.html,淘气的阿柑系列（全4册）,莎拉潘尼培克,2015-05-01,贵州人民出版社,6699条评论
140.,http://product.dangdang.com/23757043.html,最能打动孩子心灵的世界经典童话――小狐狸买手套（美绘版）,新美南吉,2015-08-01,中国少年儿童出版社,23658条评论
141.,http://product.dangdang.com/23743106.html,我爱阅读桥梁书：蓝色系列第4辑（全20册）,贝尔特朗费舒,2015-07-01,长江少年儿童出版社,3440条评论
142.,http://product.dangdang.com/23403588.html,一年级大个子二年级小个子系列,古田足日,2014-01-07,接力出版社,24000条评论
143.,http://product.dangdang.com/23784501.html,哈利・波特与魔法石（珍藏版全彩绘本）,J.K.罗琳,2015-10-10,人民文学出版社,22762条评论
144.,http://product.dangdang.com/25086078.html,荒野求生绝命战机系列,贝尔・格里尔斯,2017-06-01,接力出版社,6953条评论
145.,http://product.dangdang.com/24045991.html,罗尔德达尔电影小套（6册）,罗尔德・达尔,2009-10-02,明天出版社,4704条评论
146.,http://product.dangdang.com/21027064.html,波西・杰克逊系列（全5册）,雷克莱尔顿,2011-01-01,接力出版社,18293条评论
147.,http://product.dangdang.com/23907320.html,夏洛的网（精装版）,E.B.怀特,2016-01-01,上海译文出版社,32097条评论
148.,http://product.dangdang.com/9215031.html,当世界年纪还小的时候,舒比格,2006-10-01,四川少儿出版社,66031条评论
149.,http://product.dangdang.com/25173757.html,给孩子的诗集（精装）,杰姬莫里斯,2017-10-31,湖南少年儿童出版社,4108条评论
150.,http://product.dangdang.com/22545946.html,我爱阅读桥梁书：蓝色系列第2辑（全20册）,斯塔尔克兹,2011-11-01,湖北美术出版社,11033条评论
151.,http://product.dangdang.com/23748460.html,长青藤国际大奖小说书系・第一辑（套装共6册）,赖清河,2013-08-01,云南出版集团公司 晨光出版社,10539条评论
152.,http://product.dangdang.com/24025625.html,宝宝蛋*福尔摩斯探案集（1-10）套装,阿瑟・柯南・道尔,2016-04-01,武汉大学出版社,3891条评论
153.,http://product.dangdang.com/25097010.html,给孩子讲莎士比亚（1-10册）（全彩）,罗益民,2017-06-01,电子工业出版社,5493条评论
154.,http://product.dangdang.com/23574019.html,哈利・波特与阿兹卡班囚徒(哈利・波特系列十五周年全新纪念珍藏版),J.K.罗琳,2014-10-01,人民文学出版社,32541条评论
155.,http://product.dangdang.com/21089937.html,贝贝熊系列丛书校园故事（全六册）,博丹,2011-06-01,新疆青少年出版社,19584条评论
156.,http://product.dangdang.com/25067469.html,小王子（新课标，教育部、清华附小推荐必读书目，入选苏教版语文教材。被译成300多种语言，销量高达5亿册，阅读量仅次于《圣经》）,埃克苏佩里,2017-04-01,辽宁少年儿童出版社,74396条评论
157.,http://product.dangdang.com/23974281.html,晴天有时下猪系列（全10册）,矢玉四郎,2016-06-01,二十一世纪出版社,3550条评论
158.,http://product.dangdang.com/20102830.html,德国当代儿童文学经典作品集（全两辑）,奥特弗里德・普罗伊斯勒,2012-07-01,海燕出版社,21949条评论
159.,http://product.dangdang.com/23898251.html,彼得・潘（央视新闻#世界读书日#TFBOYS-王源倾情朗读）,詹姆斯.马修.巴利,2016-04-01,云南人民出版社,19665条评论
160.,http://product.dangdang.com/22820325.html,夏洛的网（夏洛书屋）,E.B.怀特,2012-08-01,上海译文出版社,31523条评论
161.,http://product.dangdang.com/24220944.html,猫武士外传（1-7套装）,艾琳・亨特,2017-03-06,未来出版社,2660条评论
162.,http://product.dangdang.com/23540855.html,精灵鼠小弟（新）,怀特,2014-08-01,上海译文出版社,44100条评论
163.,http://product.dangdang.com/23647842.html,柳林风声,肯尼斯格雷厄姆,2015-01-01,光明日报出版社,14195条评论
164.,http://product.dangdang.com/22822302.html,最能打动孩子心灵的世界经典童话  小飞侠彼得・潘（美绘版）,詹姆斯巴里,2012-07-01,中国少年儿童出版社,33895条评论
165.,http://product.dangdang.com/23433185.html,福尔摩斯探案集・少儿版（全4册）,柯南道尔,2014-03-01,安徽教育出版社,8845条评论
166.,http://product.dangdang.com/25112519.html,纳尼亚传奇（全译本 套装共7册）[The Chronicles of Narnia],C.S.刘易斯,2017-08-01,中国华侨出版社,9405条评论
167.,http://product.dangdang.com/20937090.html,当世界年纪还小的时候（套装全2册）,舒比格,2010-09-21,,18982条评论
168.,http://product.dangdang.com/23420028.html,“我长大了”儿童社会认知启蒙丛书（全7册）・小橘灯桥梁书,韩镇守,2014-01-01,中国少年儿童出版社,5665条评论
169.,http://product.dangdang.com/20859069.html,最能打动孩子心灵的世界经典童话―骑鹅旅行记（美绘版）,拉格洛夫,2010-06-01,中国少年儿童出版社,39450条评论
170.,http://product.dangdang.com/24163495.html,哈利・波特与密室（全彩绘本）,J.K.罗琳,2017-01-01,人民文学出版社,9358条评论
171.,http://product.dangdang.com/23681419.html,暴风雨之夜（全7册）,木村裕一,2015-04-01,连环画出版社,5281条评论
172.,http://product.dangdang.com/24013270.html,美国国家地理神话故事：希腊埃及（套装共2册）,唐娜,2016-07-30,北京联合出版公司,3296条评论
173.,http://product.dangdang.com/25158931.html,小读客・碟形世界2：实习女巫和小小自由人(比《哈利波特》和《魔戒》加起来还好看的，可能只有《碟形世界》！),特里・普拉切特,2017-09-15,文汇出版社,14642条评论
174.,http://product.dangdang.com/23780626.html,遇见美好的我-给孩子的生活启蒙童话书（全12册）,法国,2015-11-01,长江少年儿童出版社,2754条评论
175.,http://product.dangdang.com/23349341.html,少年励志小说馆（第3辑，全六册）,法国,2013-10-01,湖北少儿出版社,8011条评论
176.,http://product.dangdang.com/23785520.html,小读客・百科全书小布朗（第一辑套装全10册）(三亿美国人的益智启蒙书),唐纳索博尔,2015-10-01,江苏文艺出版社,3388条评论
177.,http://product.dangdang.com/23904128.html,小虎神探队（11-18）,托马斯・布热齐纳,2016-01-01,人民邮电出版社,4904条评论
178.,http://product.dangdang.com/22465923.html,闪亮的莎士比亚（套装6册）,�z英国�{安德鲁马修斯,2014-03-01,,9874条评论
179.,http://product.dangdang.com/25169716.html,小读客・碟形世界3：实习女巫和空帽子（比《哈利・波特》和《魔戒》加起来还好看的，可能只有《碟形世界》！）,特里・普拉切特,2017-10-01,文汇出版社,13250条评论
180.,http://product.dangdang.com/24201798.html,荒野求生少年生存小说系列（第四辑，全3册）,贝尔・格里尔斯,2017-04-17,接力出版社,7534条评论
181.,http://product.dangdang.com/25169717.html,小读客・碟形世界4：实习女巫和冬神（比《哈利・波特》和《魔戒》加起来还好看的，可能只有《碟形世界》！）,特里・普拉切特,2017-10-01,文汇出版社,12470条评论
182.,http://product.dangdang.com/23573850.html,“我长大了”儿童职业启蒙故事丛书（全15册）・小橘灯桥梁书,李美爱,2014-08-01,中国少年儿童出版社,2948条评论
183.,http://product.dangdang.com/23520086.html,洞,路易斯・萨奇尔,2014-08-01,南海出版公司,33217条评论
184.,http://product.dangdang.com/23827184.html,大侦探福尔摩斯（套装10册）1-10册,柯南,2015-05-01,湖北教育出版社,3447条评论
185.,http://product.dangdang.com/24180956.html,奇想国的小豆豆,黑柳彻子,2017-01-01,南海出版公司,11352条评论
186.,http://product.dangdang.com/22820953.html,蒲公英国际大奖小说 第三辑（全4册）,詹妮弗L霍尔姆,2012-07-25,贵州人民出版社,12364条评论
187.,http://product.dangdang.com/24102098.html,小读客・五年级神探小布朗下辑（套装共10册）（乔布斯、比尔・盖茨、马斯克等美国近50年来所有“聪明脑袋”的思考模式启蒙书。）,唐纳・索博尔,2016-10-01,江苏文艺出版社,6690条评论
188.,http://product.dangdang.com/23975930.html,小虎神探队（套装19-25）,托马斯・布热齐纳,2016-07-01,人民邮电出版社,5333条评论
189.,http://product.dangdang.com/23554094.html,罗大里儿童文学全集・美绘系列（共5册）,贾尼・罗大里,2014-08-01,中国少年儿童出版社,3093条评论
190.,http://product.dangdang.com/23300042.html,小屁孩日记（1-5）套装―中文版,杰夫・金尼,2013-07-01,   ,12231条评论
191.,http://product.dangdang.com/23354900.html,蓝熊船长的13条半命,莫尔斯,2002-01-01,人民文学出版社,24008条评论
192.,http://product.dangdang.com/23736746.html,我亲爱的甜橙树（最新版）,若泽.毛罗.德瓦斯康塞洛斯,2015-07-01,人民文学出版社,55878条评论
193.,http://product.dangdang.com/24006782.html,老鼠记者全球版 礼盒装 第一辑（6-10） 当当网专享,杰罗尼摩,2016-06-01,二十一世纪出版社,12162条评论
194.,http://product.dangdang.com/22630448.html,麻辣女生基地・第一辑（8册/套）,杰奎琳威尔逊,2012-03-01,中国少年儿童出版社,13069条评论
195.,http://product.dangdang.com/23990150.html,小虎神探队大合辑（套装1-25）,托马斯・布热齐纳,2016-07-01,人民邮电出版社,734条评论
196.,http://product.dangdang.com/23753560.html,小木屋系列丛书,罗兰・英格斯・怀德,2015-08-01,天地出版社,2342条评论
197.,http://product.dangdang.com/24224329.html,神奇动物在哪里（原创电影剧本）,J.K.罗琳,2017-04-01,人民文学出版社,8843条评论
198.,http://product.dangdang.com/24229068.html,小读客・五年级神探小布朗上辑（套装共10册）（乔布斯、比尔・盖茨、马斯克等美国近50年来所有“聪明脑袋”的思考模式启蒙书。）,唐纳・索博尔,2017-03-01,江苏文艺出版社,12288条评论
199.,http://product.dangdang.com/23544209.html,国际大奖儿童小说（共10册）,达恩・葛帕・默克奇,2014-08-01,   ,4724条评论
200.,http://product.dangdang.com/24193536.html,埃里希・凯斯特纳作品典藏（9册套装）,埃里希・凯斯特纳,2017-03-02,明天出版社,2064条评论
201.,http://product.dangdang.com/25084607.html,贾德哲学启蒙少儿书系（全7册）,乔斯坦・贾德,2017-06-01,接力出版社,2159条评论
202.,http://product.dangdang.com/23719909.html,追梦少年系列（全6册）,霍瑞修・爱尔杰,2015-06-01,湖南少年儿童出版社,3268条评论
203.,http://product.dangdang.com/22609411.html,彼得・潘,詹姆斯,2012-02-01,北京联合出版公司,31665条评论
204.,http://product.dangdang.com/25094229.html,国际大奖小说注音版（20册）,洛特・金仕可菲,2017-06-01,新蕾出版社,10741条评论
205.,http://product.dangdang.com/20859070.html,最能打动孩子心灵的世界经典童话―王尔德童话（美绘版）,奥斯卡.王尔德,2010-05-01,中国少年儿童出版社,27172条评论
206.,http://product.dangdang.com/23748649.html,河合雅雄动物记（全6册）,草山万兔,2015-08-01,贵州人民出版社,1853条评论
207.,http://product.dangdang.com/24105882.html,大侦探福尔摩斯（第6辑）套装全4册,厉河,2016-11-01,湖北教育出版社,5450条评论
208.,http://product.dangdang.com/22725156.html,四眼田鸡小玛诺林（全七册）,艾尔薇拉・林多,2012-05-01,未来出版社,8451条评论
209.,http://product.dangdang.com/22561477.html,神奇的收费亭,贾斯特,2012-01-01,南海出版公司,52576条评论
210.,http://product.dangdang.com/24194337.html,世界文学大师名著少年精选・童话寓言集（6册）,安徒生,2017-03-01,辽宁少年儿童出版社,2819条评论
211.,http://product.dangdang.com/24042677.html,老鼠记者全球版 礼盒装 第二辑（11-15）当当网专享,杰罗尼摩,2016-07-01,二十一世纪出版社,9115条评论
212.,http://product.dangdang.com/23688435.html,小木屋系列――草原上的小木屋,罗兰英格斯怀德,2015-04-01,天地出版社,22865条评论
213.,http://product.dangdang.com/24162321.html,荒野求生少年生存小说系列11：狼獾冰原的疯狂追踪,贝尔・格里尔斯,2017-01-06,接力出版社,12244条评论
214.,http://product.dangdang.com/24230181.html,世界儿童文学名著：绿野仙踪+木偶奇遇记+爱丽丝漫游奇境（套装共3册）,莱曼,2017-03-01,云南人民出版社,1965条评论
215.,http://product.dangdang.com/22733311.html,迪克・金-史密斯动物小说（12册）,迪克・金,2012-04-27,新蕾出版社,8792条评论
216.,http://product.dangdang.com/9109044.html,伊索寓言（注音版）――世界儿童共享的经典丛书,黎矜蕊,2006-01-01,上海人民美术出版社,18554条评论
217.,http://product.dangdang.com/24016972.html,不老泉文库（11-20册）第二辑 礼盒装(给孩子们的故事/多米尼克的冒险/找寻美味/一只老鼠的传奇,霍尔特,2016-08-01,二十一世纪出版社,2173条评论
218.,http://product.dangdang.com/20716031.html,林格伦作品集・美绘版――小飞人卡尔松,林格伦,2009-10-01,中国少年儿童出版社,26586条评论
219.,http://product.dangdang.com/24022774.html,歪歪路小学（全3册）,路易斯・萨奇尔,2016-08-15,百花文艺出版社,5993条评论
220.,http://product.dangdang.com/22926306.html,怪医杜利特系列:纽伯瑞儿童文学奖金奖作品（套装共10册）,洛夫廷,2012-12-01,安徽教育出版社,4553条评论
221.,http://product.dangdang.com/23581368.html,世界经典桥梁书爱藏本（共8册，第三辑）,加古里子,2014-09-01,新蕾出版社,3690条评论
222.,http://product.dangdang.com/25062484.html,诺奖少年版（成长卷2共6册）,恰佩克,2017-04-01,辽宁少年儿童出版社,21125条评论
223.,http://product.dangdang.com/23853812.html,莫波格现实题材儿童小说系列（全6册）,麦克・莫波格,2016-01-01,贵州人民出版社,3403条评论
224.,http://product.dangdang.com/23533777.html,荒野求生少年生存小说系列（第二辑，全3册）,格里尔斯,2014-08-01,接力出版社,14184条评论
225.,http://product.dangdang.com/21058759.html,守护者系列（5册/套）（两种封面随机发货）,上桥菜穗子,2011-04-01,中国少年儿童出版社,6429条评论
226.,http://product.dangdang.com/23957348.html,阅读起步走.利奥叔叔历险记(套装共5册)(专供),亚纳兹・利维,2016-05-05,外语教学与研究出版社,2861条评论
227.,http://product.dangdang.com/23615508.html,荒野求生少年生存小说系列（1-7）,贝尔・格里尔斯,2014-12-01,接力出版社,22369条评论
228.,http://product.dangdang.com/23701824.html,灾难求生儿童小说（共八册）,劳伦塔西斯,2015-05-01,接力出版社,6257条评论
229.,http://product.dangdang.com/22857079.html,拉塞―玛娅侦探所第一辑（全10册）,马丁・维德马克,2012-08-01,中国少年儿童出版社,22831条评论
230.,http://product.dangdang.com/23702136.html,星球大战六部曲青少年小说（套装共6册）,帕特丽夏・C.弗雷德,2015-06-01,人民邮电出版社,4126条评论
231.,http://product.dangdang.com/24049359.html,荒野求生少年生存小说系列：10巨蜥荒岛的致命毒牙,贝尔・格里尔斯,2016-11-01,接力出版社,13401条评论
232.,http://product.dangdang.com/23746792.html,老鼠记者六周年纪念版 1 礼盒装  （1-10）（限量版公仔+动漫光盘+游戏手册+全套卡牌）,杰罗尼摩・斯蒂顿,2015-07-01,二十一世纪出版社,1766条评论
233.,http://product.dangdang.com/20859062.html,最能打动孩子心灵的世界经典童话―丛林故事（美绘版）,吉卜林,2010-05-01,中国少年儿童出版社,25589条评论
234.,http://product.dangdang.com/23429871.html,名著名译名绘版《秘密花园》（精装全译插画版）,伯内特,2014-01-01,接力出版社,5457条评论
235.,http://product.dangdang.com/23915490.html,大侦探福尔摩斯（第五辑 ）：全4册,厉河,2016-06-01,湖北教育出版社,4129条评论
236.,http://product.dangdang.com/24058281.html,耕林童书馆 莎士比亚通史 （写作功底好，必读文学名著绕不过）墙书系列,克里斯托弗,2016-11-01,江苏凤凰少年儿童出版社,2337条评论
237.,http://product.dangdang.com/23963845.html,小屁孩日记（19.20）套装,杰夫,2016-05-01,新世纪出版社,9940条评论
238.,http://product.dangdang.com/22510280.html,小矮人（大开本软精装，收藏版）,威尔海根,2011-10-01,贵州人民出版社,7110条评论
239.,http://product.dangdang.com/24166869.html,忠犬八公,路易斯・普拉茨,2016-11-01,广西师范大学出版社,22251条评论
240.,http://product.dangdang.com/20859067.html,最能打动孩子心灵的世界经典童话―小熊温尼・菩（美绘版）,A・A・米尔恩,2010-06-01,中国少年儿童出版社,30660条评论
241.,http://product.dangdang.com/23629507.html,疯狂科学探险队（全6册）,伯特兰・R,2015-01-01,贵州人民出版社,6647条评论
242.,http://product.dangdang.com/24197179.html,棚车少年・第4辑(中英双语)(套装共8册)(附CD),华娜,2016-03-01,长江少年儿童出版社,4436条评论
243.,http://product.dangdang.com/23732838.html,帕瓦娜的守候 阿富汗儿童小说系列,黛博拉・艾里斯,2015-07-01,光明日报出版社,3485条评论
244.,http://product.dangdang.com/23560779.html,蒲公英海外优秀儿童文学书系 第二季（全4册）,安房直子,2014-09-01,贵州人民出版社,3173条评论
245.,http://product.dangdang.com/23953204.html,荒野求生少年生存小说系列：9中国雨林的惊天一跃,贝尔・格里尔斯,2016-05-04,接力出版社,18355条评论
246.,http://product.dangdang.com/20716026.html,林格伦作品集・美绘版――大侦探小卡莱,林格伦,2009-10-01,中国少年儿童出版社,20476条评论
247.,http://product.dangdang.com/24239907.html,向着明亮那方（第3版）,金子美玲,2017-03-27,新星出版社,38332条评论
248.,http://product.dangdang.com/24017021.html,不老泉文库（21-30册）第三辑 礼盒装(路易斯安那的天空/骑鸽之旅/蟋蟀的新家/亨利猫和塔克鼠/萨顿的精灵,乔治,2016-08-01,二十一世纪出版社,2007条评论
249.,http://product.dangdang.com/20461343.html,向着明亮那方,金子美玲,2009-01-01,新星出版社,20449条评论
250.,http://product.dangdang.com/23827183.html,大侦探福尔摩斯（套装10册）11-20册,柯南,2015-10-01,湖北教育出版社,1880条评论
251.,http://product.dangdang.com/23534495.html,长青藤国际大奖小说书系：妖精的小孩,埃洛伊塞・麦格劳,2014-07-01,云南出版集团公司 晨光出版社,28037条评论
252.,http://product.dangdang.com/24200896.html,洋葱头博士系列（共3册）  晴天下猪文库,矢玉四郎,2017-03-01,二十一世纪出版社,5793条评论
253.,http://product.dangdang.com/9118808.html,安徒生童话,汉斯克里斯蒂安・安徒生,2006-01-01,四川少儿出版社,32760条评论
254.,http://product.dangdang.com/23480566.html,花袜子小乌鸦成长故事书（全10册）,奈乐莫斯特,2014-06-01,长江少年儿童出版社,2667条评论
255.,http://product.dangdang.com/24154955.html,绿野仙踪全集（共14册）,莱曼,2016-12-01,北京时代华文书局,1243条评论
256.,http://product.dangdang.com/24006735.html,爱丽丝漫游奇境（“哈利波特”译者马爱农经典译本，独特的蒸汽朋克风插画，荒诞奇妙的地下世界，探寻自我的疯狂梦境）,刘易斯・卡罗尔,2016-09-15,云南人民出版社,5658条评论
257.,http://product.dangdang.com/25067456.html,彼得・潘（新课标，《哈利・波特》作者在伦敦奥运会开幕式上倾心朗读）,詹姆斯・马修・巴利,2017-03-01,辽宁少年儿童出版社,25430条评论
258.,http://product.dangdang.com/23502771.html,迷失的安德鲁系列（全18册）,格林博格,2014-07-01,贵州人民出版社,2624条评论
259.,http://product.dangdang.com/20189192.html,斯凯瑞最棒的故事集,斯凯瑞,2008-04-01,贵州人民出版社,18057条评论
260.,http://product.dangdang.com/9109045.html,一千零一夜（注音版）――世界儿童共享的经典丛书,路慧,2006-01-01,上海人民美术出版社,28109条评论
261.,http://product.dangdang.com/23648744.html,怪怪特工记（11册）,马丁维德马克,2015-01-01,中国少年儿童出版社,4372条评论
262.,http://product.dangdang.com/23929072.html,汤姆索亚历险记,马克・吐温,2016-03-16,江苏文艺出版社,12086条评论
263.,http://product.dangdang.com/25101137.html,诺奖少年版（成长卷1-2共12册）,恰佩克,2016-10-01,辽宁少年儿童出版社,2353条评论
264.,http://product.dangdang.com/22775061.html,绿野仙踪,鲍姆,2012-05-01,接力出版社,5970条评论
265.,http://product.dangdang.com/22921509.html,夏洛的艺术日记（全4册）,琼麦克费尔奈特,2012-11-01,贵州人民出版社,7033条评论
266.,http://product.dangdang.com/22937562.html,少年励志小说馆（第2辑，全六册）,温喜乐,2012-11-01,湖北少儿出版社,13272条评论
267.,http://product.dangdang.com/24038435.html,战马经典励志套装,迈克尔・莫波格,2016-09-20,南海出版社,3136条评论
268.,http://product.dangdang.com/25062493.html,诺奖少年版 （启迪卷2，共6册）,黛莱达,2017-04-01,辽宁少年儿童出版社,19597条评论
269.,http://product.dangdang.com/23368508.html,彼得兔的童话世界 120周年经典纪念注音版,毕翠克丝・波特,2013-10-01,华东师范大学出版社,10346条评论
270.,http://product.dangdang.com/24168007.html,国富论:少儿彩绘版(少儿万有经典文库 ),李晓鹏,2017-01-01,接力出版社,5827条评论
271.,http://product.dangdang.com/23953280.html,动物家庭,兰德尔・贾雷尔,2016-04-01,贵州人民出版社,3169条评论
272.,http://product.dangdang.com/23550164.html,周末图书馆,加里・施密特,2014-09-01,南海出版公司,16645条评论
273.,http://product.dangdang.com/24184693.html,特别的女生萨哈拉（献给孩子们和渴望了解孩子内心城市的大人们）,爱斯米・科德尔,2017-03-31,湖南文艺出版社,16535条评论
274.,http://product.dangdang.com/22822304.html,最能打动孩子心灵的世界经典童话―列那狐的故事（美绘版）,吉罗夫人,2012-07-01,中国少年儿童出版社,21672条评论
275.,http://product.dangdang.com/20958597.html,小时候就在想的事（“窗边的小豆豆”系列第2部）,黑柳彻子,2010-09-01,南海出版公司,39262条评论
276.,http://product.dangdang.com/22937532.html,玩转历史（第二辑）11本套装,辛普森,2012-10-01,海燕出版社,2581条评论
277.,http://product.dangdang.com/23573851.html,“我长大了”儿童启蒙故事全集（共35册）・小橘灯桥梁书,李贤周,2014-10-01,中国少年儿童出版社,638条评论
278.,http://product.dangdang.com/20497034.html,福尔摩斯探案全集（精装收藏版，全四册）,柯南道尔,2003-11-01,中国少年儿童出版社,14866条评论
279.,http://product.dangdang.com/22853006.html,听见颜色的女孩,莎朗.德蕾珀,2012-08-01,接力出版社,46232条评论
280.,http://product.dangdang.com/23369737.html,我亲爱的甜橙树（三部曲）,若泽毛罗德瓦斯康塞洛斯,2013-10-01,人民文学出版社,5556条评论
281.,http://product.dangdang.com/25121454.html,金子美玲童谣诗集（全三册）,金子美玲,2017-07-01,北京理工大学出版社,7601条评论
282.,http://product.dangdang.com/25067464.html,绿山墙的安妮（新课标，央美教授手绘插画。迷倒两位英国首相的“Zui甜蜜的儿童小说”，被译成50多种语言全世界发行）,露西・蒙格玛,2017-04-01,辽宁少年儿童出版社,18792条评论
283.,http://product.dangdang.com/25110014.html,罗尔德・达尔作品典藏 女巫,罗尔德・达尔,2017-05-01,明天出版社,100470条评论
284.,http://product.dangdang.com/23416268.html,“国际安徒生奖”获奖作家作品书系（全10册）世界儿童文学奖项，又称“小诺贝尔奖”,托芙扬松,2014-01-01,湖南教育出版社,2107条评论
285.,http://product.dangdang.com/21039940.html,国际大奖小说・升级版――橡树上的逃亡,丰拜勒,2011-01-01,新蕾出版社,21868条评论
286.,http://product.dangdang.com/23269849.html,红松鼠文学书・第二辑（10册),小多,2013-06-01,广西教育出版社,4634条评论
287.,http://product.dangdang.com/24104257.html,弗朗兹故事全集（全18册）,克里斯蒂娜,2016-08-01,二十一世纪出版社,1806条评论
288.,http://product.dangdang.com/23757345.html,灯塔之家（精装全5册）,辛西娅劳伦特,2015-05-01,新蕾出版社,3285条评论
289.,http://product.dangdang.com/24009703.html,洋葱头儿童文学精选（7册/套）,贾尼,2016-06-01,中国少年儿童出版社,2621条评论
290.,http://product.dangdang.com/23735605.html,电话里的童话第1辑（全8册）,贾尼・罗大里,2015-07-01,北京联合出版公司,6653条评论
291.,http://product.dangdang.com/23534561.html,长青藤国际大奖小说书系・第三辑（套装共6册）,弗吉尼亚・索伦森,2014-07-01,晨光出版社（当当书友会）,4744条评论
292.,http://product.dangdang.com/24042678.html,老鼠记者全球版 礼盒装 第二辑（16-20）当当网专享,杰罗尼摩,2016-07-01,二十一世纪出版社,6445条评论
293.,http://product.dangdang.com/23790771.html,大侦探福尔摩斯（第四辑）：全4册,柯南道尔,2015-11-01,湖北教育出版社,4736条评论
294.,http://product.dangdang.com/23484807.html,总有一天会长大（夏洛书屋第三辑）,托摩脱・蒿根,2014-04-01,上海译文出版社,6411条评论
295.,http://product.dangdang.com/24201799.html,荒野求生少年生存小说系列12：猎豹幽谷的双重潜伏,贝尔・格里尔斯,2017-04-01,接力出版社,9378条评论
296.,http://product.dangdang.com/25064353.html,国际大奖小说升级版――屋顶上的小孩,奥黛莉・克伦毕斯,2011-01-01,新蕾出版社,43587条评论
297.,http://product.dangdang.com/24163338.html,雾灵三部曲（全三册）,苏珊・谢德,2016-12-30,贵州人民出版社,8381条评论
298.,http://product.dangdang.com/23685929.html,《大侦探福尔摩斯（第三辑）：全4册  》,柯南道尔,2015-06-01,湖北教育出版社,3496条评论
299.,http://product.dangdang.com/23738727.html,奥兹国仙境奇遇记 共14本,弗兰克鲍姆,2015-07-01,东方出版社,1418条评论
300.,http://product.dangdang.com/24026415.html,狗武士（6册/套）,艾琳,2016-10-01,中国少年儿童出版社,1355条评论
301.,http://product.dangdang.com/24004877.html,一年一班萌学园(套装共8册）,后藤龙二,2016-07-01,河北少年儿童出版社,3282条评论
302.,http://product.dangdang.com/23774237.html,复仇者联盟小幻灯故事书,荣信文化,2014-01-01,未来出版社,1351条评论
303.,http://product.dangdang.com/23831644.html,国内大奖书系-小巴掌童话(套装5册）,张秋生,2016-01-01,春风文艺出版社,2156条评论
304.,http://product.dangdang.com/23426449.html,游乐场三部曲（全3册）,蒂莫帕尔韦拉,2014-03-01,贵州人民出版社,3461条评论
305.,http://product.dangdang.com/23964186.html,留住故事系列：全球一流作家共同参与只想为孩子讲述的文学经典（第二辑）,戴夫・艾格斯,2016-06-01,上海人民出版社,456条评论
306.,http://product.dangdang.com/25063147.html,大侦探福尔摩斯（第七辑 ）：全4册（新品上市随书附赠笔记本+贴纸，数量有限，售完为止）,厉河,2017-05-01,湖北教育出版社,3759条评论
307.,http://product.dangdang.com/24015031.html,《帕瓦娜的守候》阿富汗儿童小说系列（全四册）,黛博拉・艾里斯,2016-08-01,光明日报出版社,1463条评论
308.,http://product.dangdang.com/23484175.html,国际安徒生奖大奖书系（文学作品系列第一辑下 共9册）,方卫平,2014-05-01,安徽少年儿童出版社,3143条评论
309.,http://product.dangdang.com/23464271.html,十四张奇画的十四个故事,斯蒂芬,2014-05-01,接力出版社,5663条评论
310.,http://product.dangdang.com/23487950.html,天才少年维克多,乔辛,2014-06-01,南海出版公司,14259条评论
311.,http://product.dangdang.com/24059070.html,希腊神话故事（ 注音 全彩 修订本 套装4本）,聂作平,2016-10-01,春风文艺出版社,3941条评论
312.,http://product.dangdang.com/23361222.html,西顿动物小说全集（彩绘拼音版合集）（共12册）,西顿,2012-05-01,新时代出版社,1116条评论
313.,http://product.dangdang.com/23697636.html,彼得兔的故事（套装3册）,比阿特丽克斯・波特,2015-05-01,化学工业出版社,3341条评论
314.,http://product.dangdang.com/23211085.html,红色羊齿草的故乡,罗尔斯,2013-04-01,南海出版公司,19820条评论
315.,http://product.dangdang.com/23917893.html,大卫・少年幽默小说系列 (1-6册）,大卫・威廉姆斯,2016-02-01,接力出版社,1389条评论
316.,http://product.dangdang.com/23532950.html,帕瓦娜的守候,艾里斯,2014-09-01,光明日报出版社,11431条评论
317.,http://product.dangdang.com/23369748.html,少年励志小说馆（第4辑，全六册）,琳达优本,2013-11-08,湖北少儿出版社,6499条评论
318.,http://product.dangdang.com/22641700.html,听妈妈讲那圣经里的故事：圣经史话修订版,冯罗敦希尔,2012-06-01,世界知识出版社,4262条评论
319.,http://product.dangdang.com/22576735.html,蒲公英海外优秀儿童文学书系（全3册）（蒲公英童书馆出品）,厄休拉莫莉威廉姆斯,2012-01-01,贵州人民出版社,5719条评论
320.,http://product.dangdang.com/9065901.html,安徒生童话（注音版）――世界儿童共享的经典丛书,陈筱,2006-01-01,上海人民美术出版社,11231条评论
321.,http://product.dangdang.com/23386809.html,一千零一夜（少年版全集）,王瑞琴,2013-11-01,人民文学出版社,6726条评论
322.,http://product.dangdang.com/24039314.html,电话里的童话系列套装（全21册）,贾尼・罗达,2015-10-01,北京联合出版公司,2208条评论
323.,http://product.dangdang.com/23375898.html,欧美当代经典文库（全9册）,邦瑟尔斯,2013-11-01,河北少年儿童出版社,2858条评论
324.,http://product.dangdang.com/24134762.html,尼姆的老鼠系列（全3册）,罗伯特・奥布赖恩,2016-11-20,湖南少年儿童出版社,2075条评论
325.,http://product.dangdang.com/23373876.html,长青藤国际大奖小说书系・第二辑（套装共4册）,罗德曼・菲尔布里克,2014-01-01,   ,7725条评论
326.,http://product.dangdang.com/23416599.html,格林童话,格林兄弟,2014-01-01,四川少儿出版社,6628条评论
327.,http://product.dangdang.com/25075674.html,写给孩子的莎士比亚,卡罗琳・吉约,2017-05-01,贵州教育出版社,4239条评论
328.,http://product.dangdang.com/23178639.html,三个淘气包之快乐探险(全14册),雪野由美子,2011-06-01,东方出版社,3590条评论
329.,http://product.dangdang.com/24104259.html,不老泉作者娜塔莉巴比特纪念套装（共6册）不老泉/怪兽山/沉船的眼睛/找寻美味/魔鬼的故事/古德大宅,娜塔莉,2016-11-01,二十一世纪出版社,1470条评论
330.,http://product.dangdang.com/23913009.html,谁杀死了河马亨利,斯图亚特・吉布斯,2016-02-01,贵州人民出版社,3495条评论
331.,http://product.dangdang.com/20708906.html,彼得兔绘本全集：小兔彼得和他的朋友们（全3册）,波特,2009-10-01,安徽教育出版社,12907条评论
332.,http://product.dangdang.com/25062901.html,四眼田鸡小玛诺林（8册/套）,艾尔薇拉・林多,2017-05-08,未来出版社,3422条评论
333.,http://product.dangdang.com/23690045.html,《我爱吕西安》帕特里夏青少年成长福音故事系列,帕特里夏・圣约翰,2015-04-01,团结出版社,11575条评论
334.,http://product.dangdang.com/24197836.html,克莱门斯校园小说系列(全10册）,安德鲁,2017-03-15,天津教育出版社,1780条评论
335.,http://product.dangdang.com/20859879.html,迪士尼公主经典故事爱藏本1-10,美国迪士尼公司,2010-06-01,童趣出版社(当当书友会),4780条评论
336.,http://product.dangdang.com/23736499.html,莫波格经典成长小说系列（全5册),麦克・莫波格,2015-06-01,光明日报出版社,4242条评论
337.,http://product.dangdang.com/25110970.html,美国国家地理经典神话系列：希腊、埃及、北欧（共三册）,唐娜,2017-07-31,北京联合出版公司,1497条评论
338.,http://product.dangdang.com/22575562.html,小屁孩日记（礼品盒装）,杰夫.金尼,2012-01-01,新世纪出版社,10301条评论
339.,http://product.dangdang.com/23408927.html,森林童话,彼得,2014-02-01,安徽少年儿童出版社,5663条评论
340.,http://product.dangdang.com/21040903.html,丢三落四的小豆豆,黑柳彻子,2010-08-01,南海出版公司,29887条评论
341.,http://product.dangdang.com/23948859.html,冰龙,乔治.R.R.马丁,2016-04-01,长江少年儿童出版社,6218条评论
342.,http://product.dangdang.com/24038843.html,达洋猫动物小说・奇幻冒险五部曲,池田晶子,2016-10-01,九州出版社,1746条评论
343.,http://product.dangdang.com/23476584.html,国际获奖画家插画本,安徒生,2014-05-01,天天出版社有限责任公司,3652条评论
344.,http://product.dangdang.com/25067470.html,爱的教育（新课标，国际安徒生奖《青少年必读书目》，全球畅销超2000万册）,亚米契斯,2017-04-01,辽宁少年儿童出版社,21190条评论
345.,http://product.dangdang.com/23610759.html,驯龙高手（1―10典藏版）,克蕾西达・考威尔,2015-01-01,青岛出版社,3445条评论
346.,http://product.dangdang.com/25067468.html,爱丽丝漫游奇境（新课标，被译成120多种语言，重版300多次的永恒经典）,刘易斯・卡罗尔,2017-04-01,辽宁少年儿童出版社,12481条评论
347.,http://product.dangdang.com/22737858.html,玩转历史----大腕传记书系（全十册）    这套丛书巧妙地将厚重的历史融入天真的童趣之中，使读者在对历史的品读中获得美的享受和对历史的解读，实为少年儿童的读物中不可多得的传记文学佳作,戈德史密斯,2011-09-01,   ,3328条评论
348.,http://product.dangdang.com/23949228.html,安琪拉的灰烬（2016版）,弗兰克・迈考特,2016-05-01,南海出版公司,7009条评论
349.,http://product.dangdang.com/20533277.html,幻想大师文学书系 永远讲不完的故事,恩德,2009-03-01,２１世纪出版社,21486条评论
350.,http://product.dangdang.com/23920039.html,宫泽贤治最美作品集（套装共8册）,宫泽贤治,2016-02-01,清华大学出版社,1693条评论
351.,http://product.dangdang.com/23835239.html,驯狮少年 全三册（包括：逃出马戏团、奇幻威尼斯、孤岛营救）,祖祖科德,2016-01-01,现代出版社,3022条评论
352.,http://product.dangdang.com/23478800.html,贝贝熊系列丛书 侦探故事 纪念版（全6册）,斯坦・博丹,2014-05-01,   ,4596条评论
353.,http://product.dangdang.com/23310066.html,铁路边的孩子们（夏洛书屋 精选版）,伊迪斯,2013-08-01,上海译文出版社,11386条评论
354.,http://product.dangdang.com/21085080.html,小兔彼得和他的朋友们1(注音版)/小兔彼得的故事(共6册),波特,2011-05-01,安徽教育出版社,5852条评论
355.,http://product.dangdang.com/24008406.html,我们是穷得开朗，所以不用担心,岛田洋七,2016-07-01,南海出版公司,7181条评论
356.,http://product.dangdang.com/23809823.html,异世界童话之旅1：许愿魔咒（上下2册）,克里斯・柯尔弗,2015-11-01,江苏文艺出版社,9636条评论
357.,http://product.dangdang.com/23711775.html,长青藤国际大奖小说书系・第四辑（套装共6册）,辛西娅・角�x,2015-05-01,云南出版集团公司 晨光出版社,3197条评论
358.,http://product.dangdang.com/23747449.html,小王子(汉英法对照）,圣埃克絮佩里,2015-06-01,上海译文出版社,6414条评论
359.,http://product.dangdang.com/23654883.html,小屁孩日记（17.18）套装,杰夫・金尼,2015-03-01,新世纪出版社,13553条评论
360.,http://product.dangdang.com/23934121.html,我们的校长是超人（全6册）,戴夫・皮尔奇,2016-03-03,新星出版社,2164条评论
361.,http://product.dangdang.com/22921718.html,星期三的战争,施密特,2013-01-01,南海出版公司,10608条评论
362.,http://product.dangdang.com/23600848.html,课外阅读必读经典书目第二辑（启发童话小巴士桥梁书共5册）,村上诗子,2014-11-01,河北教育出版社,3814条评论
363.,http://product.dangdang.com/23818593.html,圣诞老爸的幸福礼物（《圣诞老爸的来信》+《幸福先生》套装共两册）,J.R.R,2015-12-01,上海人民出版社,3956条评论
364.,http://product.dangdang.com/23639231.html,特种部队少年生存小说系列,克里斯・瑞恩,2015-01-01,接力出版社,4352条评论
365.,http://product.dangdang.com/25081591.html,战虫部队（全6册）,杰克・佩顿,2017-04-01,广西师范大学出版社,1897条评论
366.,http://product.dangdang.com/23837779.html,世界文学名著典藏・全译本：悲惨世界（上、下）,维克多雨果,2015-09-01,花城出版社,2943条评论
367.,http://product.dangdang.com/23567109.html,玛蒂娜全集礼包,吉贝尔德莱雅,2014-06-01,贵州教育出版社,914条评论
368.,http://product.dangdang.com/25180752.html,不老泉文库（1-10册）第一辑 礼盒装 不老泉/银顶针的夏天/时代广场的蟋蟀/丽芙卡的信/苏菲的航海日志,娜塔莉・巴比特,2017-09-01,二十一世纪出版社,15200条评论
369.,http://product.dangdang.com/24144214.html,老鼠记者全球版 礼盒装 第三辑 (21-25),杰罗尼摩,2016-10-01,二十一世纪出版社,4737条评论
370.,http://product.dangdang.com/23886807.html,绝非普通人系列（全6册）,弗雷德里克李维,2016-02-01,北京时代华文书局,4874条评论
371.,http://product.dangdang.com/23269851.html,红松鼠文学书・第一辑（6册),小多,2013-06-01,广西教育出版社,4550条评论
372.,http://product.dangdang.com/23690693.html,国际大奖小说――独一无二的伊凡,凯瑟琳艾波盖特,2015-01-01,新蕾出版社,8342条评论
373.,http://product.dangdang.com/24157235.html,彩虹鸽（纽伯瑞儿童文学奖金奖／信鸽之王养成记）,戈帕尔,2017-01-19,浙江文艺出版社,3959条评论
374.,http://product.dangdang.com/23644141.html,希腊神话（全五册）,伊万・波莫,2015-02-01,广西师范大学出版社,2118条评论
375.,http://product.dangdang.com/23515136.html,纳尼亚传奇（套装7册）,C.S.刘易斯,2014-05-01,译林出版社,2884条评论
376.,http://product.dangdang.com/25092122.html,黑湖小学历险记（套装全23册）,迈克・塞勒,2017-06-01,北京联合出版公司,1496条评论
377.,http://product.dangdang.com/25165055.html,哈利 波特（典藏版 全七册）,J.K,2017-10-01,人民文学出版社,845条评论
378.,http://product.dangdang.com/24145774.html,圣诞妈妈,东野圭吾,2016-11-25,新星出版社,4409条评论
379.,http://product.dangdang.com/24191747.html,深夜小狗神秘事件,马克・哈登,2017-04-01,百花文艺出版社,19231条评论
380.,http://product.dangdang.com/25067467.html,绿野仙踪（新课标，美国版《西游记》，稳居美国童书畅销榜首长达24个月）,弗兰克・鲍姆,2017-04-01,辽宁少年儿童出版社,15413条评论
381.,http://product.dangdang.com/23285255.html,课外阅读必读经典书目第一辑（启发童话小巴士桥梁书共5册）,中川千寻,2013-05-01,河北教育出版社,4718条评论
382.,http://product.dangdang.com/23907256.html,吹小号的天鹅（精装）,E.B.怀特,2016-01-01,上海译文出版社,5338条评论
383.,http://product.dangdang.com/9164689.html,绿山墙的安妮（全译本）,蒙哥玛利,2006-04-01,中国少年儿童出版社,22648条评论
384.,http://product.dangdang.com/25067462.html,木偶奇遇记（新课标，意大利首个长篇童话形象，入选法国《读书》杂志“影响我成长的10本书”）,卡洛・科洛迪,2017-04-01,辽宁少年儿童出版社,14211条评论
385.,http://product.dangdang.com/24146218.html,断了角的奥拉夫（套装全3册）,福尔格・克里戈尔,2016-11-15,北京联合出版公司,1440条评论
386.,http://product.dangdang.com/23399307.html,林格伦作品精选・注音美绘版（全8册）,阿斯特丽德,2014-01-01,中国少年儿童出版社,846条评论
387.,http://product.dangdang.com/22775064.html,名著名译名绘版《爱丽丝漫游奇境》,卡罗尔,2012-05-01,接力出版社,4309条评论
388.,http://product.dangdang.com/24188551.html,伊妮德・布莱顿作品精选集,伊妮德・布莱顿,2017-01-01,吉林美术出版社,378条评论
389.,http://product.dangdang.com/23779602.html,《齿轮之心》（上、下）,马修・柯比,2015-10-01,贵州人民出版社,3434条评论
390.,http://product.dangdang.com/23534498.html,长青藤国际大奖小说书系：芒果猫,马斯,2014-07-01,云南出版集团公司 晨光出版社,13649条评论
391.,http://product.dangdang.com/23784564.html,柳林风声,肯尼斯格雷厄姆,2015-09-01,江苏文艺出版社,6814条评论
392.,http://product.dangdang.com/23190571.html,林格伦儿童文学作品集・精装典藏版――淘气包埃米尔,林格伦,2013-02-01,中国少年儿童出版社,16182条评论
393.,http://product.dangdang.com/23964390.html,小树苗绘本馆：我的幸运一天,庆子凯萨兹,2016-04-01,江苏少年儿童出版社,7763条评论
394.,http://product.dangdang.com/23606744.html,圣诞老爸的来信,J.R.R,2015-01-01,上海人民出版社,9055条评论
395.,http://product.dangdang.com/21002431.html,木槿花丛书（3册/套）<韩国>・国花系列,黄善美,2011-01-01,中国少年儿童出版社,3478条评论
396.,http://product.dangdang.com/23235899.html,马洛丽成长记（14册）,劳丽,2013-04-01,浙江文艺出版社,12082条评论
397.,http://product.dangdang.com/23948871.html,我们做朋友吧：男孩保尔科,卡塔琳・塞盖迪,2016-05-01,化学工业出版社,11229条评论
398.,http://product.dangdang.com/23461821.html,国际大奖小说成长版――诺福镇的奇幻夏天,杰克・甘托斯,2014-04-01,新蕾出版社,13807条评论
399.,http://product.dangdang.com/23582626.html,岩村和朗大自然童话 美文诵读版（全8册）,岩村和朗,2014-11-01,接力出版社,1073条评论
400.,http://product.dangdang.com/24043318.html,福尔摩斯探案全集（套装3册）,柯南・道尔,2016-10-01,化学工业出版社,2645条评论
401.,http://product.dangdang.com/22469160.html,老鼠记者新译本  第5季 盒装 （共5册21-25）,斯蒂顿,2011-08-01,２１世纪出版社,9334条评论
402.,http://product.dangdang.com/23486254.html,小王子(译文经典),圣埃克絮佩里,2005-05-01,上海译文出版社,10726条评论
403.,http://product.dangdang.com/23721384.html,彩色世界儿童文学名著（全9册）,科洛迪,2015-06-01,贵州教育出版社,606条评论
404.,http://product.dangdang.com/25111804.html,一座特别的房子,露丝・克劳斯,2017-06-23,贵州人民出版社,2460条评论
405.,http://product.dangdang.com/23584986.html,我能跳过水洼,马绍尔,2014-01-01,北京少年儿童出版社,9129条评论
406.,http://product.dangdang.com/24049101.html,儿童必读经典名著：全4册 安徒生童话、格林童话、一千零一夜、伊索寓言,瑞雅,2016-10-01,HarperCollins UK,12488条评论
407.,http://product.dangdang.com/24018308.html,异世界童话之旅套装（1-4本全10册）,克里斯・柯尔弗,2016-07-01,江苏文艺出版社,759条评论
408.,http://product.dangdang.com/23054620.html,“我长大了”儿童启蒙故事（13册/套）・小橘灯桥梁书,李贤周,2013-01-01,中国少年儿童出版社,1205条评论
409.,http://product.dangdang.com/23833587.html,让孩子受益一生的世界经典名著：(拼音版共8册海底两万里、爱丽丝漫游奇境、格列佛游记、鲁滨逊漂流记、绿山墙的安妮、秘密花园、尼尔斯骑鹅旅行、小王子）,凡尔纳,2016-01-01,新疆青少年出版社发行部（教辅）,2180条评论
410.,http://product.dangdang.com/23931993.html,国际安徒生奖大奖书系（文学作品系列第二辑 共8册）,依列娜・法吉恩,2016-04-01,安徽少年儿童出版社,1515条评论
411.,http://product.dangdang.com/9065902.html,格林童话（注音版）――世界儿童共享的经典丛书,肖晓涵,2006-01-01,上海人民美术出版社,7970条评论
412.,http://product.dangdang.com/23534497.html,长青藤国际大奖小说书系――阿比琳的夏天,克莱尔・范德普尔,2014-07-01,云南出版集团公司 晨光出版社,10071条评论
413.,http://product.dangdang.com/23397670.html,无敌钥匙奶奶（全8册）,手岛悠介,2014-01-01,东方出版社,2276条评论
414.,http://product.dangdang.com/25067461.html,柳林风声（新课标，美国总统罗斯福连读三遍的经典）,肯尼斯・格雷厄姆,2017-04-01,辽宁少年儿童出版社,13578条评论
415.,http://product.dangdang.com/25111803.html,在那遥远的地方,莫里斯・桑达克,2017-06-29,贵州人民出版社,2062条评论
416.,http://product.dangdang.com/23754219.html,老鼠记者六周年纪念版6 礼盒装（51-60）,杰罗尼摩・斯蒂顿,2015-07-01,二十一世纪出版社,1279条评论
417.,http://product.dangdang.com/24161566.html,重温世界经典童话：亲子共读（大师绘本套装）,刘易斯・卡罗尔,2017-01-01,北京美术摄影出版社,313条评论
418.,http://product.dangdang.com/23666356.html,绘画是一个人的旅行,安野光雅,2015-04-01,新星出版社,5724条评论
419.,http://product.dangdang.com/25067459.html,秘密花园（新课标，豆瓣9.5高分推荐，教育部、清华附小推荐新课标必读，影响艾略特和劳伦斯等两位诺奖得主的文学经典 ）,弗朗西丝・伯内特,2017-04-01,辽宁少年儿童出版社,15693条评论
420.,http://product.dangdang.com/23953754.html,大师经典哲学绘本--国际大奖短篇小说 ・ 哲学卷（套装4册 擦亮路牌的人 /当颜色被禁止的时候/ 画家城市和大海/收集思想的人） 小学、初中生推荐课外图书世界名著。,莫妮卡・菲特,2016-06-01,江苏少年儿童出版社,14055条评论
421.,http://product.dangdang.com/20716027.html,林格伦作品集・美绘版――疯丫头马迪根,林格伦,2009-10-01,中国少年儿童出版社,13687条评论
422.,http://product.dangdang.com/23507971.html,凯特迪卡米洛作品典藏（共6册）,凯特・迪卡米洛,2014-07-01,新蕾出版社,4778条评论
423.,http://product.dangdang.com/23688516.html,世界经典桥梁书爱藏本（共6册，第四辑）,迪克金,2015-03-01,新蕾出版社,2731条评论
424.,http://product.dangdang.com/25067460.html,世界文学大师名著少年精选・长篇童话集（6册）,埃克苏佩里,2017-04-01,辽宁少年儿童出版社,1695条评论
425.,http://product.dangdang.com/23809824.html,异世界童话之旅2：女巫归来（上中下3册）,克里斯柯尔弗,2015-11-01,江苏文艺出版社,3796条评论
426.,http://product.dangdang.com/23587411.html,我爸爸的小飞龙(全三册）,鲁思・斯泰尔斯・甘尼特,2014-10-01,南海出版公司,4886条评论
427.,http://product.dangdang.com/23591550.html,百年国际大奖小说(第一辑共6册),罗兰英格斯怀德,2014-10-01,   ,2046条评论
428.,http://product.dangdang.com/23764256.html,格林童话全集（共4册）,格林兄弟,2015-04-01,２１世纪出版社,2026条评论
429.,http://product.dangdang.com/23292719.html,我的成长日记系列：淘气猴的妙趣日记（全12册）,麦克・卡瑞斯卡托,2013-06-01,湖北少儿出版社,3193条评论
430.,http://product.dangdang.com/20859071.html,最能打动孩子心灵的世界经典童话―水孩子（美绘版）,金斯莱,2010-05-01,中国少年儿童出版社,14962条评论
431.,http://product.dangdang.com/23722011.html,荒野求生少年生存小说系列：8雪豹险峰的神秘洞穴,贝尔・格里尔斯,2015-07-01,接力出版社,17457条评论
432.,http://product.dangdang.com/23710257.html,查理日记（全1-6册）,西西弗斯,2015-06-01,江苏文艺出版社,1513条评论
433.,http://product.dangdang.com/24025488.html,繁梦大街26号的故事（全八册）,汤米・狄波拉,2016-09-01,贵州人民出版社,2623条评论
434.,http://product.dangdang.com/23813812.html,国际大奖小说注音版――苹果树上的外婆,米拉・洛贝,2015-11-01,新蕾出版社,7155条评论
435.,http://product.dangdang.com/25067458.html,童年（新课标，央美教授手绘插画，清华附小推荐，入选北师大版、苏教版语文教材）,高尔基,2017-04-01,辽宁少年儿童出版社,9698条评论
436.,http://product.dangdang.com/23864116.html,哈利・波特与魔法石（全彩绘本）,J.K.罗琳,2016-01-01,人民文学出版社,2156条评论
437.,http://product.dangdang.com/23265985.html,安徒生童话全集,安徒生,2013-05-01,湖南少儿出版社,7096条评论
438.,http://product.dangdang.com/23483574.html,国际安徒生奖大奖书系（文学作品系列第一辑上 共9册）,克里斯蒂娜・涅斯特林格,2014-05-01,安徽少年儿童出版社,2561条评论
439.,http://product.dangdang.com/23487060.html,兽之奏者（套装全5册）,上桥菜穗子,2014-06-01,中国少年儿童出版社,1861条评论
440.,http://product.dangdang.com/24044796.html,险境生存（全套4册）（少年极限生存小说！RPG游戏阅读模式！一念一条命！全球引爆畅销，顶级安全专家提供权威安全秘籍）,赫纳,2016-10-01,天地出版社,1310条评论
441.,http://product.dangdang.com/23986172.html,国际大奖小说（升级版）--魔法灰姑娘,盖尔・卡森・乐文,2016-06-01,新蕾出版社,5067条评论
442.,http://product.dangdang.com/24219821.html,国际大奖小说注音版・第二辑（共10册）,凯特・迪卡米洛,2017-02-01,新蕾出版社,1796条评论
443.,http://product.dangdang.com/23360781.html,魔法树的故事（套装共3册）,布莱顿,2013-05-01,吉林美术出版社,3740条评论
444.,http://product.dangdang.com/25069948.html,来自帕丁顿的爱,迈克尔,2017-05-04,接力出版社,1910条评论
445.,http://product.dangdang.com/23908405.html,渡过雪原,宫泽贤治,2016-01-01,清华大学出版社,5055条评论
446.,http://product.dangdang.com/23749722.html,小熊帕丁顿系列(全12册）,迈克尔邦德,2014-06-01,接力出版社,1219条评论
447.,http://product.dangdang.com/25163123.html,小读客・从前有条喷火龙（第一辑套装全10册）（没有什么困难，是乐观战胜不了的）,凯特・麦克马伦,2017-09-11,文汇出版社,917条评论
448.,http://product.dangdang.com/22883480.html,驭风少年,马拉维,2012-10-01,南海出版公司,18144条评论
449.,http://product.dangdang.com/25093211.html,世界插画大师英诺森提作品・铁丝网上的小花,克里斯托夫・格莱兹,2017-05-01,明天出版社,18982条评论
450.,http://product.dangdang.com/23932357.html,格里格里砰！或生活中一定还有别的什么,莫里斯・桑达克,2016-04-01,贵州人民出版社,3039条评论
451.,http://product.dangdang.com/23959674.html,摆渡船当代世界儿童文学金奖书系 全四辑（20册盒装）,托尔・赛特勒,2016-05-01,北京少年儿童出版社,258条评论
452.,http://product.dangdang.com/25110011.html,罗尔德・达尔作品典藏 好心眼儿巨人,罗尔德・达尔,2017-05-01,明天出版社,67012条评论
453.,http://product.dangdang.com/23295389.html,重读经典 影响孩子一生的童话绘本（精装版）（全彩）,戴维森,2013-06-01,电子工业出版社,2065条评论
454.,http://product.dangdang.com/23504281.html,小熊帕丁顿系列第二辑(全六册）,迈克尔邦德,2014-06-01,   ,2476条评论
455.,http://product.dangdang.com/22790393.html,老鼠记者新译本  第7季 盒装 （共5册31-35）,斯蒂顿,2012-06-01,２１世纪出版社,7883条评论
456.,http://product.dangdang.com/23597899.html,米切尔 恩德作品典藏  十三海盗,米切尔恩德,2014-11-01,２１世纪出版社,8044条评论
457.,http://product.dangdang.com/23792886.html,留住故事系列：全球一流作家共同参与只想为孩子讲述的文学经典,亚伯拉罕・B.约书亚,2015-08-01,上海人民出版社,761条评论
458.,http://product.dangdang.com/25108748.html,国际大奖小说・注音版--苹果树上的外婆,米拉・洛贝,2015-10-01,新蕾出版社,34558条评论
459.,http://product.dangdang.com/24171402.html,名著名译名绘版《胡桃夹子》,E.T.A.霍夫曼,2017-01-01,接力出版社,3130条评论
460.,http://product.dangdang.com/24162308.html,星球大战四十周年典藏礼盒,迪士尼公司,2017-01-01,人民邮电出版社,344条评论
461.,http://product.dangdang.com/23289221.html,老鼠记者新译本  第9季 盒装 （共5册41-45）,杰罗尼摩.斯蒂顿,2013-07-01,２１世纪出版社,8054条评论
462.,http://product.dangdang.com/23661653.html,木偶奇遇记,科洛迪,1980-05-01,人民文学出版社,7979条评论
463.,http://product.dangdang.com/23666501.html,狼群中的朱莉,珍・克雷赫德・乔治,2015-04-01,光明日报出版社,8323条评论
464.,http://product.dangdang.com/9164699.html,爱的教育（全译本）,亚米契斯,2006-04-01,中国少年儿童出版社,24332条评论
465.,http://product.dangdang.com/23746793.html,老鼠记者六周年纪念版 2 礼盒装 （11-20）（限量版公仔+动漫光盘+游戏手册+全套卡牌）,杰罗尼摩・斯蒂顿,2015-07-01,二十一世纪出版社,530条评论
466.,http://product.dangdang.com/23207910.html,小豆豆丢失的记忆,�\柳彻子,2013-03-01,南海出版公司,8035条评论
467.,http://product.dangdang.com/23591141.html,柑橘与柠檬啊(青少版),麦克・莫波格,2014-10-01,光明日报出版社,7845条评论
468.,http://product.dangdang.com/23905138.html,柠檬水大战（套装1-5）,杰奎琳戴维斯,2015-11-01,长江少年儿童出版社,1300条评论
469.,http://product.dangdang.com/21039901.html,国际大奖小说・升级版――海蒂的天空,莱森,2011-01-01,新蕾出版社,13802条评论
470.,http://product.dangdang.com/22729989.html,猫武士外传套装（全4册）,艾琳・亨特,2010-08-01,   ,6185条评论
471.,http://product.dangdang.com/21039925.html,国际大奖小说・升级版――爱丽莎的眼睛,丰拜勒,2010-12-01,新蕾出版社,8573条评论
472.,http://product.dangdang.com/23696688.html,小屁孩树屋历险记套装,安迪・格里菲思,2015-05-01,长江少年儿童出版社,4835条评论
473.,http://product.dangdang.com/24007340.html,爱丽丝梦游仙境原著小说,刘易斯,2016-07-01,人民邮电出版社,5516条评论
474.,http://product.dangdang.com/23801639.html,奔向荒野,莫波格,2015-06-01,光明日报出版社,5917条评论
475.,http://product.dangdang.com/22820955.html,“脏”男孩波迪（全12册）,大卫罗伯茨,2012-08-01,贵州人民出版社,6488条评论
476.,http://product.dangdang.com/23426837.html,彼得兔经典故事集全4册,比阿特丽克斯・波特,2014-01-01,中国宇航出版社,3480条评论
477.,http://product.dangdang.com/23981716.html,木偶奇遇记（新译本，高品质全彩印刷，40幅精美插画，孩子必读的经典童话。）,卡尔洛・科洛迪,2016-06-30,云南人民出版社,3400条评论
478.,http://product.dangdang.com/25101138.html,诺奖少年版（成长卷2+启迪卷2共12册）,恰佩克,2017-04-01,辽宁少年儿童出版社,1551条评论
479.,http://product.dangdang.com/21082452.html,小兔卡尔故事集（全二册）,罗特劳特・苏珊娜・贝尔纳,2015-02-01,贵州人民出版社,7672条评论
480.,http://product.dangdang.com/23909612.html,魔法象故事森林・少年游系列 第1辑（套装共4册）,伊娃・伊博森,2016-01-01,广西师范大学出版社,1316条评论
481.,http://product.dangdang.com/23595399.html,查理日记（套装全四册）,西西弗斯,2014-11-01,江苏文艺出版社,4026条评论
482.,http://product.dangdang.com/23624832.html,名著名译名绘版《原来如此的故事》,吉卜林,2015-01-01,接力出版社,2441条评论
483.,http://product.dangdang.com/23667084.html,猫武士外传（5-7套装),艾琳・亨特,2015-01-01,未来出版社,2924条评论
484.,http://product.dangdang.com/22566079.html,老鼠记者新译本 第6季盒装（共五册26-30）,杰罗尼摩・斯蒂顿,2011-12-01,２１世纪出版社,7984条评论
485.,http://product.dangdang.com/24171603.html,小银和我,胡安.拉蒙.希梅内斯,2016-12-08,花城出版社,2728条评论
486.,http://product.dangdang.com/21061145.html,大象巴巴故事全集,布吕诺夫,2011-05-01,北方妇女儿童出版社,9098条评论
487.,http://product.dangdang.com/23597898.html,米切尔 恩德作品典藏  火车头大旅行,米切尔恩德,2014-11-01,２１世纪出版社,8856条评论
488.,http://product.dangdang.com/23194115.html,老鼠记者新译本(1-40册）,斯蒂顿,2011-06-01,２１世纪出版社,1202条评论
489.,http://product.dangdang.com/23925165.html,长青藤国际大奖小说书系：那年深夏,史蒂夫,2016-01-01,云南出版集团公司 晨光出版社,8633条评论
490.,http://product.dangdang.com/23387431.html,小淘气尼古拉绝版故事・纪念版,勒内,2013-11-01,中国少年儿童出版社,4402条评论
491.,http://product.dangdang.com/23907955.html,纳尼亚传奇：全三册  媲美《指环王》经典童话  《哈利波特》作者罗琳写作导师经典作品,刘易斯,2016-02-01,西苑出版社,2335条评论
492.,http://product.dangdang.com/23202043.html,老鼠记者新译本  第8季 盒装 （共5册36-40）,斯蒂顿,2013-01-01,２１世纪出版社,6813条评论
493.,http://product.dangdang.com/23925168.html,长青藤国际大奖小说书系：寻找阿加莎,霍莉,2016-01-01,云南出版集团公司 晨光出版社,7797条评论
494.,http://product.dangdang.com/23442378.html,老鼠记者新译本  第10季 盒装（共5册46-50）,杰罗尼摩・斯蒂顿,2014-03-01,２１世纪出版社,6800条评论
495.,http://product.dangdang.com/23980489.html,马爱农童书译丛（套装共10册）,马爱农,2016-07-01,安徽少年儿童出版社,599条评论
496.,http://product.dangdang.com/24010084.html,假话国历险记  洋葱头儿童文学精选,贾尼・罗大里,2016-06-01,中国少年儿童出版社,3148条评论
497.,http://product.dangdang.com/24178055.html,星期三的战争,加里・施密特,2017-01-01,百花文艺出版社,7425条评论
498.,http://product.dangdang.com/24167592.html,长青藤国际大奖小说书系：晴天就去图书馆,绿川圣司,2017-01-01,云南出版集团公司 晨光出版社,12613条评论
499.,http://product.dangdang.com/24049720.html,安徒生童话全集（全8册）典藏原画全译本,汉斯,2016-09-01,二十一世纪出版社,1189条评论
500.,http://product.dangdang.com/23934292.html,奇幻森林,迪士尼,2016-04-01,人民邮电出版社,6146条评论
