1.,http://product.dangdang.com/24105221.html,小鸡球球触感玩具书：全5册,入山智,2016-11-15,长江少年儿童出版社,112700条评论
2.,http://product.dangdang.com/25304291.html,小熊很忙系列（套装全16册）,本吉・戴维斯,2018-09-01,中信出版社,79007条评论
3.,http://product.dangdang.com/23417701.html,0-4岁幼儿认知小百科（全3册),吉田纯子,2014-02-01,长江少年儿童出版社,256299条评论
4.,http://product.dangdang.com/25069493.html,可爱的身体 （全8册）,七尾纯,2010-01-01,南海出版公司,206268条评论
5.,http://product.dangdang.com/25204712.html,小鸡球球成长绘本系列：全6册,入山智,2018-02-02,长江少年儿童出版社,292315条评论
6.,http://product.dangdang.com/25215215.html,0-3岁行为习惯教养绘本（全6册）,让娜・阿什比,2018-01-01,长江少年儿童出版社,79378条评论
7.,http://product.dangdang.com/25181620.html,托马斯和朋友宝宝睡前故事（30册）,HIT公司,2017-10-01,人民邮电出版社,58597条评论
8.,http://product.dangdang.com/25230922.html,猜猜我是谁系列套装（全4册）,尼娜兰登,2014-11-01,北京联合出版公司,186245条评论
9.,http://product.dangdang.com/25086096.html,小手翻翻（套装全12册）,菲利普・乔丹奴,2017-05-20,中信出版社,17366条评论
10.,http://product.dangdang.com/20927266.html,歪歪兔行为习惯系列互动图画书（全10册，赠完整版动画片DVD）,歪歪兔关键期早教项目组,2015-08-18,海豚出版社,161595条评论
11.,http://product.dangdang.com/25241991.html,噼里啪啦系列（共7册）我要拉巴巴/我去洗澡/你好/草莓点心/车来了/我喜欢游泳/我去刷牙,佐佐木洋子,2018-04-01,二十一世纪出版社,283012条评论
12.,http://product.dangdang.com/25289538.html,小熊宝宝绘本（2018版全15册）蒲蒲兰经典畅销绘本！新手妈妈的育儿宝典，销量超千万册！(0-3岁),佐佐木洋子,2007-05-16,连环画出版社,678466条评论
13.,http://product.dangdang.com/23880910.html,我的感觉（中英双语）（1-8册）（全彩）,科尼莉亚・莫德・斯佩尔曼,2016-01-01,电子工业出版社,71706条评论
14.,http://product.dangdang.com/23280800.html,奇妙洞洞书第一辑（全6册）,曼泰加扎,2011-01-01,未来出版社,53794条评论
15.,http://product.dangdang.com/25158936.html,米菲绘本第一辑10册（第一辑5册+第二辑5册）（全新修订版）,迪克・布鲁纳,2009-02-01,人民邮电出版社,131896条评论
16.,http://product.dangdang.com/25152655.html,婴儿游戏绘本（全12册）,木村裕一,2017-10-01,接力出版社,30838条评论
17.,http://product.dangdang.com/25202782.html,小鸡球球洞洞认知书：全4册 （新版）,入山智,2017-12-01,长江少年儿童出版社,58405条评论
18.,http://product.dangdang.com/22547397.html,宝宝学说话系列 第1辑  语言启蒙（全5册）,真果果,2011-09-01,中国人口出版社,247286条评论
19.,http://product.dangdang.com/25193288.html,宝宝最爱的汽车推拉书,沃尔夫冈梅茨格,2017-11-01,接力出版社,53992条评论
20.,http://product.dangdang.com/23636868.html,猜猜我是谁系列套装（全4册）,尼娜兰登,2014-11-01,未来出版社,132452条评论
21.,http://product.dangdang.com/24184885.html,小熊很忙中英双语厚纸板游戏书：深海潜水员+圣诞小帮手+小小宇航员+动物管理员（套装4册）,本吉・戴维斯,2016-10-01,中信出版社,17398条评论
22.,http://product.dangdang.com/24184884.html,小熊很忙中英双语厚纸板游戏书：参观恐龙园+欢乐农场日+城堡小骑士+寻宝小海盗（套装4册）,本吉・戴维斯,2016-10-01,中信出版社,24479条评论
23.,http://product.dangdang.com/24036752.html,幼幼成长图画书 第1辑,林明子,2017-01-01,少年儿童出版社,58996条评论
24.,http://product.dangdang.com/24184883.html,小熊很忙中英双语厚纸板游戏书：快乐的假期+公园欢乐日+树屋建筑师+小小消防员+工地小帮手（套装5册）,本吉・戴维斯,2016-10-01,中信出版社,19994条评论
25.,http://product.dangdang.com/23906590.html,情境认知小百科（共11册） 2～4岁孩子趣味认知大全，动物、植物、交通工具、日用品、幼儿园、家庭……用简单有趣的故事、如身临其境的场景、“找一找”视觉游戏引领孩子在玩乐中认识身边世界,埃尔莎・富基耶,2016-01-01,安徽教育出版社,23279条评论
26.,http://product.dangdang.com/22894388.html,小玻系列翻翻书（全18册）,艾力克希尔,2012-10-01,接力出版社,22302条评论
27.,http://product.dangdang.com/25302895.html,婴儿视觉启智绘本（全5册）,柏原晃夫,2018-06-26,贵州人民出版社,68715条评论
28.,http://product.dangdang.com/25113719.html,小猪佩奇双语故事纸板书（套装4册）,英国快乐瓢虫出版公司,2017-07-01,安徽少年儿童出版社,27109条评论
29.,http://product.dangdang.com/25208910.html,迪士尼双语故事屋――1周1个好故事,迪士尼公司,2018-01-01,国家开放大学出版社,6922条评论
30.,http://product.dangdang.com/25243197.html,和小鸡球球一起玩（全6册）,入山智,2018-03-01,长江少年儿童出版社,61939条评论
31.,http://product.dangdang.com/25194537.html,快乐熊包包（全15册函套精装，附赠贴纸）,马蒂斯,2017-12-01,中译出版社,2038条评论
32.,http://product.dangdang.com/25219365.html,小鸡球球的大成长：全5册（新版）（小鸡球球变点心、小鸡球球的春夏秋冬、小鸡球球自然双语认知图鉴、小鸡球球和向日葵、小鸡球球和小刺猬）,入山,2018-02-20,长江少年儿童出版社,25936条评论
33.,http://product.dangdang.com/22785310.html,动作游戏（全五册）,真果果,2012-06-01,中国人口出版社,83569条评论
34.,http://product.dangdang.com/23965731.html,晚安，宝贝,萨宾娜,2016-04-29,北京联合出版公司,61043条评论
35.,http://product.dangdang.com/24145350.html,0-4岁幼儿认知小百科（进阶版）：全5册,宫本悦熙,2017-01-01,长江少年儿童出版社,14895条评论
36.,http://product.dangdang.com/23280801.html,奇妙洞洞书第二辑（全8册）,曼泰加扎,2012-04-01,,13955条评论
37.,http://product.dangdang.com/22567995.html,我的后面是谁呢系列（全5册）,福田敏生,2011-12-01,南海出版公司,47832条评论
38.,http://product.dangdang.com/22482085.html,奇迹小宝宝・初次见面绘本系列（全11册）,武内,2011-10-01,江西科学技术出版社,44577条评论
39.,http://product.dangdang.com/24197171.html,我的脑力激发卡全脑智能卡（黑白卡+彩色卡+全脑卡+感统训练）小婴孩童书0-2岁适用共4盒,教育2,2017-01-01,吉林美术出版社,17870条评论
40.,http://product.dangdang.com/24169930.html,创意大师洞洞翻翻启蒙纸板书：聪明宝宝玩出来(全6册),米津佑介,2017-01-18,中信出版社,8154条评论
41.,http://product.dangdang.com/20530151.html,噼里啪啦系列（共7册）,佐佐木洋子,2009-02-01,二十一世纪出版社集团有限公司发行部,223080条评论
42.,http://product.dangdang.com/25325228.html,亲亲小桃子（全16册）,丰田一彦,2018-09-01,贵州人民出版社,41700条评论
43.,http://product.dangdang.com/21065114.html,洞洞书（全2册）,伊莎贝尔・平,2011-03-01,安徽少年儿童出版社,104543条评论
44.,http://product.dangdang.com/22463219.html,歪歪兔安全习惯系列绘本,歪歪兔关键期早教项目组,2011-09-01,海豚出版社,52213条评论
45.,http://product.dangdang.com/25070172.html,小猫当当（全20册）,清野幸子,2017-06-01,南海出版公司,15382条评论
46.,http://product.dangdang.com/23284843.html,奇妙洞洞书第一辑――我最喜欢车子,曼泰加扎,2011-01-01,未来出版社,48419条评论
47.,http://product.dangdang.com/25342188.html,滴答滴答日本经典婴儿纸板书（套装共9册）,松井纪子,2018-09-01,接力出版社,1676条评论
48.,http://product.dangdang.com/22547398.html,宝宝学说话系列 第2辑  语言启蒙（全5册）,真果果,2011-09-01,中国人口出版社,84432条评论
49.,http://product.dangdang.com/23951581.html,视觉刺激触摸绘本（全3册）,埃米尔・林,2016-04-01,未来出版社,6276条评论
50.,http://product.dangdang.com/23634053.html,奇妙洞洞书第三辑 全8册,麦斯特里尼,2015-01-01,未来出版社,6125条评论
51.,http://product.dangdang.com/22727206.html,语言启蒙宝盒・宝宝学说话（10册/盒）,真果果,2011-12-01,中国人口出版社,20822条评论
52.,http://product.dangdang.com/22915344.html,小小弗洛格成长故事 （全8册）,马克思,2012-11-01,,24709条评论
53.,http://product.dangdang.com/24031000.html,0-3岁宝宝必读的十大经典童话（全10册）,波布,2015-09-01,北京联合出版公司,24429条评论
54.,http://product.dangdang.com/23284846.html,奇妙洞洞书第一辑――毛毛虫吃什么呢？,曼泰加扎,2011-04-01,未来出版社,27148条评论
55.,http://product.dangdang.com/23168909.html,童趣早教贴纸书  米菲系列（套装全四册）,童趣出版有限公司,2013-02-01,人民邮电出版社,63517条评论
56.,http://product.dangdang.com/25281701.html,花格子大象艾玛宝宝玩具书大礼包（套装8册）,大卫・麦基,2018-07-01,中信出版社,1649条评论
57.,http://product.dangdang.com/25163531.html,米菲双语绘本系列第一辑（全10册）（全新修订版）,Dick,2014-04-01,人民邮电出版社,14516条评论
58.,http://product.dangdang.com/24135255.html,爱德少儿：小手撕不烂卡片书套装（共10册）宝宝早教 幼儿启蒙,爱德少儿,2016-11-01,浙江人民美术出版社,8470条评论
59.,http://product.dangdang.com/25070173.html,小猫当当系列（1-10）,清野幸子,2017-04-01,南海出版公司,31128条评论
60.,http://product.dangdang.com/25072401.html,幼幼成长图画书纸板书 第一辑升级版,林明子,2017-07-01,少年儿童出版社,16371条评论
61.,http://product.dangdang.com/9261641.html,阶梯数学・2岁 （共5册）,朱慧兰,2006-10-01,北京科学技术出版社,29663条评论
62.,http://product.dangdang.com/24243454.html,奇思妙想洞洞书（全2辑）,伊莎贝尔・平,2017-05-01,安徽少年儿童出版社,5561条评论
63.,http://product.dangdang.com/24169929.html,创意大师洞洞翻翻启蒙纸板书：有趣的形状和数字（全5册）,米津佑介,2017-01-24,中信出版社,5032条评论
64.,http://product.dangdang.com/25087775.html,海润阳光・宝宝视觉激发黑白卡・彩色卡（套装共4册）,陈长海,2018-11-01,HarperCollins UK,5741条评论
65.,http://product.dangdang.com/25149577.html,婴儿好习惯养成图画书,莱斯莉,2017-09-29,接力出版社,2488条评论
66.,http://product.dangdang.com/23675139.html,婴儿认知绘本（套装，全15册),韩国麦子出版社,2015-04-01,接力出版社,6647条评论
67.,http://product.dangdang.com/23284856.html,奇妙洞洞书第二辑――那是一个洞吗？,曼泰加扎,2013-05-01,未来出版社,28776条评论
68.,http://product.dangdang.com/22533213.html,叽里咕噜亲子互动绘本（全9册）,岛田樱子,2013-04-01,湖南少年儿童出版社（当当书友会）,36298条评论
69.,http://product.dangdang.com/25225765.html,0-3岁幼儿想象力绘本：蛋蛋书,寺村辉夫,2018-02-22,长江少年儿童出版社,4269条评论
70.,http://product.dangdang.com/22882656.html,小熊宝宝第二辑（全10册，认知绘本系列）,佐佐木洋子,2012-08-01,连环画出版社,37957条评论
71.,http://product.dangdang.com/24197248.html,洞洞动起来（全9册）,五味太郎,2017-04-01,北京联合出版公司,3360条评论
72.,http://product.dangdang.com/23284844.html,奇妙洞洞书第一辑-我会数一数,G.曼泰加扎,2011-01-01,未来出版社,21159条评论
73.,http://product.dangdang.com/23434566.html,穿雨靴的小鹅（全九册）,奥利维尔・邓瑞尔,2014-03-01,新星出版社,7827条评论
74.,http://product.dangdang.com/23773652.html,叽里咕噜亲子互动绘本第二辑,岛田樱子,2015-11-01,湖南少年儿童出版社,10975条评论
75.,http://product.dangdang.com/24005752.html,奇妙洞洞书1+2辑合集（全14册）,曼泰加扎,2012-04-01,未来出版社,1438条评论
76.,http://product.dangdang.com/24245200.html,杜莱纸板书系列,埃尔维・杜莱,2015-12-01,重庆出版社,3477条评论
77.,http://product.dangdang.com/20958134.html,小鼠波波系列（7册）,露西,2010-10-01,中国民族摄影艺术出版社,6042条评论
78.,http://product.dangdang.com/25535070.html,我的后面是谁呢（全5册）2018,我的后面是谁呢,2018-08-01,北京联合出版有限公司,49788条评论
79.,http://product.dangdang.com/25112318.html,奇妙洞洞书第四辑（全6册）,E.布索拉蒂,2017-05-01,未来出版社,1214条评论
80.,http://product.dangdang.com/25197765.html,猜猜我是谁动物系列（全9册）,蓝草帽,2017-09-07,北京联合出版公司,1324条评论
81.,http://product.dangdang.com/23347519.html,米菲绘本第三辑10册（原第五辑10册）,迪克・布鲁纳,2013-10-08,人民邮电出版社,11551条评论
82.,http://product.dangdang.com/25073962.html,地板书套装（1-4册）,本杰明贝索,2015-06-01,重庆出版社,1210条评论
83.,http://product.dangdang.com/23225560.html,信谊宝宝起步走・棕色的熊、棕色的熊，你在看什么？（纸板书）,比尔马丁,2013-01-01,明天出版社,28229条评论
84.,http://product.dangdang.com/25078206.html,小兔卡尔快乐家庭故事（全8册）,罗特劳特,2017-05-02,贵州人民出版社,707条评论
85.,http://product.dangdang.com/22507044.html,小猫当当（第二辑）,清野幸子,2011-09-01,新星出版社,10387条评论
86.,http://product.dangdang.com/25088283.html,柯薇塔异想世界系列（套装三册）：数字马戏团+颜色的故事+奇妙的字母世界,柯薇塔・巴可维斯卡,2017-06-30,中信出版社,981条评论
87.,http://product.dangdang.com/21033187.html,幼幼成长图画书纸板书 第二辑,长谷川摄子,2011-04-01,少年儿童出版社,8739条评论
88.,http://product.dangdang.com/25327073.html,小熊很忙系列：万圣节派对+小小救护员+赛车小冠军（套装新3册）,本吉・戴维斯,2018-10-01,中信出版社,2772条评论
89.,http://product.dangdang.com/23284848.html,奇妙洞洞书第一辑――马戏团,布索拉蒂文,2013-05-01,未来出版社,25069条评论
90.,http://product.dangdang.com/25231740.html,米菲绘本第二辑10册（第三辑5册+第四辑5册）（全新修订版）,迪克・布鲁纳,2017-08-08,人民邮电出版社,24339条评论
91.,http://product.dangdang.com/25109417.html,真果果低幼专注力游戏绘本 找不同（全5册）,真果果,2017-07-01,河北美术出版社,4923条评论
92.,http://product.dangdang.com/24147343.html,铃木绘本0-3岁宝宝生活启蒙系列（套装8册）,长野英子,2017-01-01,化学工业出版社,3156条评论
93.,http://product.dangdang.com/25181505.html,宝宝的第一套认知书,马克辛・达文波特,2017-11-01,江苏凤凰少年儿童出版社,1159条评论
94.,http://product.dangdang.com/23510399.html,米菲你猜你猜，认知翻翻书（套装共8册）,童趣出版有限公司,2014-11-01,人民邮电出版社,5003条评论
95.,http://product.dangdang.com/25352938.html,幼儿启智认知洞洞书(全3册),ＺＯＯ,2018-10-01,青岛出版社,1858条评论
96.,http://product.dangdang.com/23284849.html,奇妙洞洞书第二辑――你会说话吗？,曼泰加扎,2012-04-01,未来出版社,12415条评论
97.,http://product.dangdang.com/23979918.html,0-1岁小婴孩视觉激发卡玩具卡:黑白卡+彩色卡（套装共2盒）,冯微焱,2010-03-01,吉林美术出版社,12052条评论
98.,http://product.dangdang.com/23040104.html,宝宝睡前认知绘本  晚安，宝贝儿（全六册）,真果果,2013-01-01,中国人口出版社,28666条评论
99.,http://product.dangdang.com/25316221.html,挖孔认知捉迷藏系列（纸板书6册）,石川浩二,2018-07-11,２１世纪出版社,1118条评论
100.,http://product.dangdang.com/23751143.html,早教卡综合 全4册,乐乐趣,2015-04-01,未来出版社,10138条评论
101.,http://product.dangdang.com/25323604.html,蹦（2018版 绘本大师松冈达英低幼作品）,松冈达英,2008-05-14,２１世纪出版社,86460条评论
102.,http://product.dangdang.com/23325025.html,萌宝宝：我长大了（套装共12册）,什莱格尔斯,2013-09-01,,2300条评论
103.,http://product.dangdang.com/24048100.html,创意大师洞洞翻翻启蒙纸板书：小兔彼得互动故事（套装全3册）,朱里安诺,2016-10-26,中信出版社,3483条评论
104.,http://product.dangdang.com/25254305.html,我爱宝贝系列（全5册）,卡罗琳,2018-04-01,北京联合出版公司,1501条评论
105.,http://product.dangdang.com/24032080.html,和朋友们一起想办法・启蒙版（全10册）,加比・戈尔德萨克,2016-11-01,长江少年儿童出版社,3680条评论
106.,http://product.dangdang.com/25087443.html,海润阳光・宝宝早教撕不烂纸板书（套装共16册）,陈长海,2016-11-01,中国人口出版社,886条评论
107.,http://product.dangdang.com/25178202.html,启蒙认知100词系列(全4册）,罗杰・普利迪,2017-09-01,北京时代华文书局,1849条评论
108.,http://product.dangdang.com/24040198.html,幼幼成长图画书脸，脸，各种各样的脸,柳原良平,2016-08-01,少年儿童出版社,22156条评论
109.,http://product.dangdang.com/25102744.html,满满的安全感 ・ 缓解分离焦虑系列绘本（全六册）,朱惠芳,2017-07-15,HarperCollins UK,1780条评论
110.,http://product.dangdang.com/25139404.html,赖斯博士经典早教启蒙纸板书,约翰・J.赖斯,2017-08-01,中信出版社,1297条评论
111.,http://product.dangdang.com/23951237.html,阿布和他的朋友们（幼幼成长图画书纸板书6册套装）,喜多村惠,2016-06-01,少年儿童出版社,1683条评论
112.,http://product.dangdang.com/23965730.html,小猫咪不见了,萨宾娜,2016-04-30,北京联合出版公司,7170条评论
113.,http://product.dangdang.com/20366130.html,阿波林的小世界（全14册）,阿尔麦利・摩德利,2008-09-01,,22659条评论
114.,http://product.dangdang.com/23325955.html,中国第一套儿童情绪管理图画书：爱的礼盒,特蕾西・莫洛尼,2013-08-28,湖北少儿出版社,3215条评论
115.,http://product.dangdang.com/25095012.html,费雪家庭好习惯养成绘本（0-3岁，10个小故事养成10个好习惯套装共10册）,美泰公司,2017-07-01,国家开放大学出版社,6918条评论
116.,http://product.dangdang.com/25184690.html,DK幼儿认知手指轨道书（全4册）,英国DK公司,2017-12-31,湖南少年儿童出版社,740条评论
117.,http://product.dangdang.com/25276368.html,0-3岁幼儿安全感绘本・抱一抱（全4册）,西卷茅子,2018-04-01,长江少年儿童出版社,1701条评论
118.,http://product.dangdang.com/25197764.html,猜猜我是谁动物系列（全6册）,蓝草帽,2017-09-01,北京联合出版公司,974条评论
119.,http://product.dangdang.com/23769597.html,小小聪明豆绘本系列:波西和皮普(套装共7册),阿克塞尔・舍夫勒,2015-08-01,外语教学与研究出版社,4243条评论
120.,http://product.dangdang.com/23171179.html,启蒙大卡（礼品盒装全6册）,于清峰,2007-01-01,天津人民美术出版社,17594条评论
121.,http://product.dangdang.com/25098433.html,小象巴里百变创意玩具书,马克・克拉芒,2017-06-01,中信出版社,851条评论
122.,http://product.dangdang.com/23767761.html,小布启蒙成长翻翻书（共8册）,罗德坎贝尔,2015-07-01,,2188条评论
123.,http://product.dangdang.com/25262770.html,奇妙洞洞书-基础篇（3册）,曼泰加扎,2011-01-01,未来出版社,49725条评论
124.,http://product.dangdang.com/23284852.html,奇妙洞洞书第二辑――晚安，宝贝！,曼泰加扎,2012-04-01,未来出版社,9598条评论
125.,http://product.dangdang.com/20734971.html,可爱动物操,方素珍,2009-11-01,河北教育出版社,12075条评论
126.,http://product.dangdang.com/25322114.html,卡伦・卡茨经典成长系列：0-3岁行为养成翻翻书（5册）,卡伦・卡茨,2018-08-01,北京科学技术出版社,1241条评论
127.,http://product.dangdang.com/23238197.html,信谊宝宝起步走・从头动到脚（纸板书）,文・图,2013-01-01,明天出版社,15425条评论
128.,http://product.dangdang.com/24010347.html,宝宝玩贴纸（第三辑）各种各样的职业 1、2、3、4（全4册）,婴儿画报,2016-08-01,中国少年儿童出版社,2967条评论
129.,http://product.dangdang.com/20375844.html,真果果视觉挂图全套(全8册),真果果,2008-06-01,中国人口出版社,37439条评论
130.,http://product.dangdang.com/25214830.html,五味太郎“小心小心”婴儿图画书,五味太郎,2018-01-01,接力出版社,1447条评论
131.,http://product.dangdang.com/25229770.html,萌萌的科学：宝宝启智纸板书（全4册）,露丝・斯皮罗,2018-04-01,北京联合出版有限公司,836条评论
132.,http://product.dangdang.com/23259486.html,幼幼成长图画书 考拉宝宝系列（全12册）,贝尔凯纳,2013-06-01,少年儿童出版社,7951条评论
133.,http://product.dangdang.com/24142697.html,邦臣小红花・我的第一本认知书（全3册）,北京小红花图书工作室,2016-12-01,中国人口出版社,2170条评论
134.,http://product.dangdang.com/23747170.html,小宝贝大世界（幼幼成长图画书纸板书9册套装）,田村茂,2015-10-01,少年儿童出版社,1694条评论
135.,http://product.dangdang.com/25067385.html,好神奇的小石头（纸板书）,左伟,2017-05-01,中国少年儿童出版社,3112条评论
136.,http://product.dangdang.com/23338412.html,乖宝宝是这样养成的（全8册）,博蒙,2013-04-01,未来出版社,4925条评论
137.,http://product.dangdang.com/23714797.html,聪明宝宝益智绘本（全5册）,童公佳,2015-06-01,九州出版社,1862条评论
138.,http://product.dangdang.com/24197173.html,我的早教启蒙卡早教0-2岁大脑发育三大阶段全脑智能卡（数字卡+益智卡+语言卡+识字卡）共4盒,教育2,2017-01-01,吉林美术出版社,1726条评论
139.,http://product.dangdang.com/24005748.html,视觉刺激触摸绘本第二辑（全3册）,埃米尔.林,2016-04-01,未来出版社,1362条评论
140.,http://product.dangdang.com/23647896.html,喵呜系列,塞巴斯蒂安・布劳恩,2015-01-01,广西师范大学出版社,4253条评论
141.,http://product.dangdang.com/23821447.html,小鼠坤坤玩游戏・小手手翻翻书（全新6册）,赤石有美,2015-12-01,长江少年儿童出版社,4639条评论
142.,http://product.dangdang.com/22713212.html,幼幼成长图画书纸板书 妈妈宝宝的食物绘本（共6册）,真木文,2012-05-01,少年儿童出版社,5552条评论
143.,http://product.dangdang.com/25169940.html,花格子大象艾玛认知启蒙纸板书（套装全6册）,大卫・麦基,2017-10-01,中信出版社,715条评论
144.,http://product.dangdang.com/25212089.html,宝宝小画书新全套系列（共18册）（小马过河、小蝌蚪找妈妈、卖火柴的小女孩、狼来了、小猫钓鱼、龟兔赛跑、猴子捞月、小红帽、三只小猪、渔夫和金鱼、拔萝卜……）,于清峰,2018-01-01,武汉大学出版社,796条评论
145.,http://product.dangdang.com/23931036.html,0～3岁宝宝365夜睡前故事智慧卷,稚子文化,2016-03-01,中国纺织出版社,6658条评论
146.,http://product.dangdang.com/23961814.html,小驴托托 第一辑 我的第一个好朋友系列（共6册）,贝内迪克特・古提艾,2016-06-01,蓝天出版社,2811条评论
147.,http://product.dangdang.com/25346250.html,蹒跚宝宝（全三册）,广川沙映子,2018-09-19,辽宁少年儿童出版社,1046条评论
148.,http://product.dangdang.com/24016971.html,宝宝的第一套楼梯书,林恩・范多梅,2016-06-01,,1714条评论
149.,http://product.dangdang.com/25293549.html,宝宝蛋・宝宝圈圈书（全12册）婴儿幼儿图书撕不烂早教书儿童玩具0-3岁宝宝认知识物识字 ,于清峰,2017-07-01,武汉大学出版社,1969条评论
150.,http://product.dangdang.com/25290513.html,小小暖房子・爱的表白书（套装共10册）,埃玛・多德,2018-05-01,北京联合出版有限公司,905条评论
151.,http://product.dangdang.com/25178367.html,小小聪明豆绘本.成长启蒙纸板书:波西和皮普,阿克塞尔・舍夫勒,2017-08-14,外语教学与研究出版社,446条评论
152.,http://product.dangdang.com/23620954.html,真果果入园准备系列 走，去幼儿园！（全六册）,真果果,2015-01-01,中国人口出版社,6491条评论
153.,http://product.dangdang.com/25280264.html,创意大师拉拉翻翻大惊喜系列（套装全4册）,奥格尼兹・巴鲁兹,2018-04-01,中信出版社,491条评论
154.,http://product.dangdang.com/20805049.html,真果果婴儿视觉激发训练卡（全两盒）,真果果,2010-04-01,中国人口出版社,20954条评论
155.,http://product.dangdang.com/24034447.html,多元智能纸板书（全3册）,桑德拉,2016-05-01,,1414条评论
156.,http://product.dangdang.com/25234774.html,小鸡球球，生日快乐（“小鸡球球成长绘本系列”原版诞生10周年纪念新作）,入山,2018-03-01,上海文化出版社,4533条评论
157.,http://product.dangdang.com/23681261.html,婴儿视觉焦点激发绘本（套装全四册）,韩国Applebee,2015-05-01,南海出版公司,2867条评论
158.,http://product.dangdang.com/24179887.html,小熊很忙中英双语厚纸板游戏书：公园欢乐日,本吉・戴维斯,2016-10-01,中信出版社,5692条评论
159.,http://product.dangdang.com/23426446.html,萌宝宝：感统训练（全4册）,阿尔梅勒・莫代雷,2014-03-01,地震出版社,1599条评论
160.,http://product.dangdang.com/25179169.html,爸爸，腿错了,尼娜兰登,2017-05-02,北京联合出版公司,3437条评论
161.,http://product.dangdang.com/24037482.html,小熊很忙・中英双语厚纸板游戏书・第1辑：欢乐农场日,本吉・戴维斯,2016-10-01,中信出版社,3946条评论
162.,http://product.dangdang.com/23704836.html,宝贝走世界-低幼宝宝启蒙故事认知书（套装共3册）,盖伊,2015-05-01,海豚出版社,2536条评论
163.,http://product.dangdang.com/25219212.html,幼幼好习惯（全4册）,乔吉伯基特,2017-07-26,贵州人民出版社,546条评论
164.,http://product.dangdang.com/23284847.html,奇妙洞洞书第一辑――猫头鹰说故事,曼泰加扎,2011-03-01,未来出版社,4717条评论
165.,http://product.dangdang.com/23980222.html,0-3岁小婴孩智力开发婴儿全脑卡（套装全6册）,刘晓歌,2012-09-01,吉林美术出版社,2957条评论
166.,http://product.dangdang.com/23662878.html,安野光雅萌萌绘本系列,安野光雅,2015-03-01,九州出版社,6387条评论
167.,http://product.dangdang.com/23532186.html,真果果认知翻翻书（全六册）,真果果,2014-08-01,中国人口出版社,17256条评论
168.,http://product.dangdang.com/24037483.html,小熊很忙・中英双语厚纸板游戏书・第1辑：动物管理员,本吉・戴维斯,2016-07-01,中信出版社,3823条评论
169.,http://product.dangdang.com/25178790.html,我是小小想象家・我的小小世界（全8册，奇想国精选）,芬妮・玛索◎,2017-09-01,外语教学与研究出版社,278条评论
170.,http://product.dangdang.com/25307985.html,婴儿创意连连翻（套装8册）,石川浩二,2018-07-01,接力出版社,2952条评论
171.,http://product.dangdang.com/25209969.html,看看我是谁（全8册）,Biosphoto图片社,2018-01-01,北京时代华文书局,204条评论
172.,http://product.dangdang.com/24147341.html,铃木绘本0-3岁宝宝好习惯养成系列（第2辑套装3册）,间部香代,2017-01-01,化学工业出版社,3009条评论
173.,http://product.dangdang.com/23836420.html,真果果逻辑启蒙（第1辑+第2辑）（全10册）,真果果,2016-01-01,中国人口出版社,1337条评论
174.,http://product.dangdang.com/23931034.html,0～3岁宝宝365夜睡前故事生活卷,稚子文化,2016-03-01,中国纺织出版社,6585条评论
175.,http://product.dangdang.com/25070768.html,我从哪里来？,科里・西尔弗伯格◎,2017-05-01,北京科学技术出版社,3026条评论
176.,http://product.dangdang.com/24179884.html,小熊很忙中英双语厚纸板游戏书：工地小帮手,本吉・戴维斯,2016-10-01,中信出版社,2981条评论
177.,http://product.dangdang.com/23284854.html,奇妙洞洞书第二辑――我家在哪里？,米凯利尼,2012-01-01,未来出版社,4931条评论
178.,http://product.dangdang.com/23452722.html,小小聪明豆绘本.波西和皮普(特别珍藏版)(套装共6册),阿克塞尔,2012-05-01,外语教学与研究出版社,3900条评论
179.,http://product.dangdang.com/25087692.html,蒙正幼儿认知卡（圆角不划手，种类丰富，内容广泛，可以边玩边学的宝宝认知卡）,蒙正童书馆,2017-03-01,群言出版社,570条评论
180.,http://product.dangdang.com/24179885.html,小熊很忙中英双语厚纸板游戏书：小小消防员,本吉・戴维斯,2016-10-01,中信出版社,2264条评论
181.,http://product.dangdang.com/23227543.html,蒲蒲兰婴儿绘本套装（全7册）,丰田一彦,2013-06-01,连环画出版社,6054条评论
182.,http://product.dangdang.com/23471720.html,幼幼成长图画书纸板书 婴儿情绪管理系列,艾瑞克・巴图,2014-08-01,少年儿童出版社,2175条评论
183.,http://product.dangdang.com/24179888.html,小熊很忙中英双语厚纸板游戏书：快乐的假期,本吉・戴维斯,2016-10-01,中信出版社,3734条评论
184.,http://product.dangdang.com/24037486.html,小熊很忙・中英双语厚纸板游戏书・第1辑：参观恐龙园,本吉・戴维斯,2016-10-01,中信出版社,2831条评论
185.,http://product.dangdang.com/24037971.html,谁的眼睛系列（全4册）,杨佩琪,2015-07-01,,1202条评论
186.,http://product.dangdang.com/23746384.html,开心宝宝亲子游戏绘本   一起拉粑粑,福田岩绪,2015-06-01,连环画出版社,4285条评论
187.,http://product.dangdang.com/23905231.html,猜猜我是谁？洞洞书（全4册）,玛利亚希拉尔洛雷塔,2016-01-01,未来出版社,2468条评论
188.,http://product.dangdang.com/25236666.html,我是小小想象家・我的小小生活（全8册）（奇想国精选）,芬妮・玛索,2018-03-01,外语教学与研究出版社,191条评论
189.,http://product.dangdang.com/23883274.html,和抱抱熊一起玩,贾军,2015-08-01,长江少年儿童出版社,545条评论
190.,http://product.dangdang.com/20957740.html,好宝宝快乐认知馆：启蒙大卡（内装6套大卡含216幅图）,幼狮文化,2010-09-01,浙江少年儿童出版社,29197条评论
191.,http://product.dangdang.com/24037485.html,小熊很忙・中英双语厚纸板游戏书・第1辑：深海潜水员,本吉・戴维斯,2016-10-01,中信出版社,4000条评论
192.,http://product.dangdang.com/25347124.html,0-3岁亲子游戏绘本（套装共8册）,陈长海,2018-10-01,明天出版社,332条评论
193.,http://product.dangdang.com/20862069.html,幼幼成长图画书纸板书 第一辑,林明子,2010-10-01,少年儿童出版社,14424条评论
194.,http://product.dangdang.com/25181613.html,米菲大脑体操1-2岁亲子早教礼包,迪克・布鲁纳,2017-06-01,人民邮电出版社,327条评论
195.,http://product.dangdang.com/25152957.html,智慧宝宝拼板 （套装共8册）,李剑,2012-01-01,辽宁少年儿童出版社,836条评论
196.,http://product.dangdang.com/24197172.html,我的认知卡0-2岁大脑发育三大阶段全脑智能卡（动物卡+识车卡+生活认知）小婴孩童书共4盒,教育2,2017-01-01,吉林美术出版社,1185条评论
197.,http://product.dangdang.com/20976736.html,聪明的小宝（套装）,阿万纪美子,2010-12-01,连环画出版社,2174条评论
198.,http://product.dangdang.com/24025339.html,洞洞书第二辑（全2册）,伊莎贝尔.平,2016-09-01,安徽少年儿童出版社,3811条评论
199.,http://product.dangdang.com/23297822.html,熊多多成长绘本（全20册）,孙正瑗,2013-09-01,湖南少年儿童出版社,4873条评论
200.,http://product.dangdang.com/25169104.html,猜猜看系列4册（是花吗？是水果吗？是好吃的吗？是小零食吗？）,米津�v介,2017-09-01,连环画出版社,512条评论
201.,http://product.dangdang.com/24037479.html,小熊很忙・中英双语厚纸板游戏书・第2辑：寻宝小海盗,本吉・戴维斯,2016-10-01,中信出版社,2992条评论
202.,http://product.dangdang.com/23769306.html,信谊绘本：0-3岁阅读启蒙精选・火车快跑,唐诺克鲁斯,2015-04-01,明天出版社,3394条评论
203.,http://product.dangdang.com/24105854.html,心喜阅绘本馆：小鸡球球的圣诞节,入山,2016-11-01,长江少年儿童出版社,550条评论
204.,http://product.dangdang.com/24001166.html,创意大师洞洞翻翻启蒙纸板书：真好吃呀！,米津佑介,2017-01-24,中信出版社,3186条评论
205.,http://product.dangdang.com/24037480.html,小熊很忙・中英双语厚纸板游戏书・第2辑：圣诞小帮手,本吉・戴维斯,2016-10-01,中信出版社,2722条评论
206.,http://product.dangdang.com/25283040.html,爱德少儿 宝宝撕不烂卡片书 0-3岁婴幼儿启蒙早教认知书套装（共8册）,爱德少儿,2018-06-01,江苏凤凰美术出版社,339条评论
207.,http://product.dangdang.com/23707188.html,婴儿创意连连翻（套装全6册）,石川浩二,2015-05-01,接力出版社,2565条评论
208.,http://product.dangdang.com/25323396.html,《捉迷藏系列与忙忙碌碌的救援系列》套装（全8册）商务印书馆童书馆,娜塔莉,2018-08-01,商务印书馆国际有限公司,180条评论
209.,http://product.dangdang.com/23622364.html,我长大了,兰登,2014-11-01,北京联合出版公司,5363条评论
210.,http://product.dangdang.com/24189544.html,信谊宝宝起步走・猜猜我有多爱你宝宝书：颜色・数一数（新版）,山姆・麦克布雷尼,2017-01-01,明天出版社,780条评论
211.,http://product.dangdang.com/24037484.html,小熊很忙・中英双语厚纸板游戏书・第1辑：小小宇航员,本吉・戴维斯,2016-10-01,中信出版社,3499条评论
212.,http://product.dangdang.com/23323603.html,馒头宝宝行为启蒙绘本,保冬妮,2013-09-01,北京师范大学出版社,4647条评论
213.,http://product.dangdang.com/23288816.html,和米菲一起玩贴纸（全10册）,童趣出版有限公司,2013-07-01,人民邮电出版社,9608条评论
214.,http://product.dangdang.com/24179886.html,小熊很忙中英双语厚纸板游戏书：树屋建筑师,本吉・戴维斯,2016-10-01,中信出版社,2405条评论
215.,http://product.dangdang.com/23951723.html,视觉刺激触摸绘本-蓝色的大海,埃米尔.林,2016-04-01,未来出版社,1242条评论
216.,http://product.dangdang.com/24001898.html,宝贝响当当（尚童童书出品，1~3岁幼幼纸板图画书，礼盒装，全套共4册 1张好玩儿的益智拼图七巧板。精选世界优秀婴幼图画书，亲子阅读专家孙莉莉撰文指导。安全易翻，多元互动，手脑协调，让宝贝成长“响当当”！）,保罗・弗里兹,2016-04-01,北京联合出版公司,843条评论
217.,http://product.dangdang.com/25087444.html,海润阳光・宝宝早教诵读撕不烂纸板书（套装共5册）,陈长海,2016-07-01,中国人口出版社,864条评论
218.,http://product.dangdang.com/24001161.html,创意大师洞洞翻翻启蒙纸板书：躲猫猫,朱里安诺,2016-10-24,中信出版社,1471条评论
219.,http://product.dangdang.com/23284845.html,奇妙洞洞书第一辑――我会念ABC,贡博洛,2011-01-01,未来出版社,3387条评论
220.,http://product.dangdang.com/25292265.html,信谊宝宝起步走・从头动到脚,文・图,2013-04-01,明天出版社,17067条评论
221.,http://product.dangdang.com/24194843.html,荡秋千（第四届信谊图画书奖图画书创作奖佳作奖得主创意新作）,麦克小奎,2017-02-01,中国少年儿童出版社,8093条评论
222.,http://product.dangdang.com/23284850.html,奇妙洞洞书第二辑――睡不着,曼泰加扎,2012-04-01,未来出版社,3020条评论
223.,http://product.dangdang.com/23526670.html,幸福圆滚滚成长启蒙绘本（全八册）,丰田一彦,2014-09-01,湖南少年儿童出版社,3021条评论
224.,http://product.dangdang.com/22583689.html,宝贝计划（第一阶段0-2岁 全48册 ）,韩国福禄贝尔幼儿教育研究所,2011-12-30,北京少年儿童出版社,7350条评论
225.,http://product.dangdang.com/23284853.html,奇妙洞洞书第二辑――我不怕,曼泰加扎,2012-04-01,未来出版社,2462条评论
226.,http://product.dangdang.com/22905649.html,蒲蒲兰躲猫猫系列 用游戏的方式让孩子认识世界,亘理睦子,2012-10-01,连环画出版社,989条评论
227.,http://product.dangdang.com/25087776.html,海润阳光・幼儿学前教育挂图（全套17张）,陈长海,2011-07-01,中国人口出版社,569条评论
228.,http://product.dangdang.com/24017622.html,"小婴孩0-3岁早教益智卡全面满足宝宝认知,语言,数学的学习需求。全10盒",教育2,2016-07-01,吉林美术出版社,739条评论
229.,http://product.dangdang.com/23505430.html,信谊绘本：0-3岁阅读启蒙精选・123到动物园,艾瑞・卡尔,2014-04-01,明天出版社,3458条评论
230.,http://product.dangdang.com/23838230.html,比得兔玩具书系列（经典礼盒装，全4册。全球著名的小兔，百年形象，陪伴无数宝宝成长；多元互动，促进宝宝多种知觉齐发展。阿甲老师倾情翻译，尚童童书出品）。,比阿特丽克斯・波特,2015-10-01,新蕾出版社,369条评论
231.,http://product.dangdang.com/25264351.html,二宝来了（礼盒装）  尚童童书,刘蒙洁,2018-04-01,北京联合出版有限公司,295条评论
232.,http://product.dangdang.com/25087655.html,海润阳光・宝宝认知卡（套装共4册）,陈长海,2015-11-01,中国人口出版社,1072条评论
233.,http://product.dangdang.com/23951727.html,视觉刺激触摸绘本-白色的雪地,埃米尔.林,2016-04-01,未来出版社,540条评论
234.,http://product.dangdang.com/23951726.html,视觉刺激触摸绘本-黑色的夜晚,埃米尔.林,2016-04-01,未来出版社,504条评论
235.,http://product.dangdang.com/20916029.html,初生婴儿视觉激发卡彩色卡（6-18个月）,蓝山,2010-08-01,湖南少儿出版社,25306条评论
236.,http://product.dangdang.com/22892458.html,宝宝语言启蒙图卡系列-我会说(全四盒),真果果,2012-11-01,中国人口出版社,3582条评论
237.,http://product.dangdang.com/23461607.html,信谊绘本：0-3岁阅读启蒙精选・移动的积木,米津�v介,2014-01-01,明天出版社,1656条评论
238.,http://product.dangdang.com/24037481.html,小熊很忙・中英双语厚纸板游戏书・第1辑：城堡小骑士,本吉・戴维斯,2016-10-01,中信出版社,2180条评论
239.,http://product.dangdang.com/24147360.html,幼儿启蒙万次贴挂图（恐龙、昆虫、交通工具、果蔬、动物5张）,沙丁猫,2016-10-01,化学工业出版社,405条评论
240.,http://product.dangdang.com/23251291.html,快乐的小熊（全10册）,渡边茂男,2013-04-01,河北教育出版社,8443条评论
241.,http://product.dangdang.com/25283274.html,《小手掌宝宝布书礼盒》,鼎辰文化,2018-01-01,华中科技大学出版社,474条评论
242.,http://product.dangdang.com/25259570.html,早晚问候推拉书套装（共2册）,梅瑞特谢尔・马蒂,2018-04-01,北京联合出版有限公司,311条评论
243.,http://product.dangdang.com/25265387.html,海润阳光・宝宝视觉激发升级版・黑白卡・彩色卡（套装共4盒）,陈长海,2017-09-01,明天出版社,372条评论
244.,http://product.dangdang.com/23284851.html,奇妙洞洞书第二辑――铁道探险队,曼泰加扎,2012-04-01,未来出版社,2935条评论
245.,http://product.dangdang.com/22544363.html,宝贝认知纸板书（全套8册）,气球传媒,2009-08-01,未来出版社,7917条评论
246.,http://product.dangdang.com/23622363.html,准备好了吗,尼娜兰登,2014-11-01,北京联合出版公司,3975条评论
247.,http://product.dangdang.com/25065864.html,月亮，晚上好(幼幼成长图画书),林明子,2017-02-01,少年儿童出版社,1809条评论
248.,http://product.dangdang.com/23238195.html,信谊宝宝起步走・袋鼠也有妈妈吗？（纸板书）,艾瑞.卡尔,2013-01-01,明天出版社,1945条评论
249.,http://product.dangdang.com/25152997.html,0-3岁经典启蒙故事大全（大字大图版 套装全7册）,王彤,2015-01-01,辽宁少年儿童出版社,251条评论
250.,http://product.dangdang.com/25103094.html,幼幼成长图画书 柳原良平系列 好喜欢吃蔬菜,柳原良平,2017-06-01,少年儿童出版社,2057条评论
251.,http://product.dangdang.com/23971094.html,这是什么呀？幼儿认知小百科（一起出去玩、我爱我的家、小小职业梦   套装全3册）,市川彰子,2016-06-01,辽宁科学技术出版社,254条评论
252.,http://product.dangdang.com/23340428.html,婴儿视觉激发卡 黑白卡:0-12个月(婴儿视觉激发卡 黑白卡 0~12个月),稚子文化,2013-09-01,化学工业出版社,8131条评论
253.,http://product.dangdang.com/25208417.html,形状系列（全3册）,蓝草帽,2017-12-01,北京联合出版有限公司,419条评论
254.,http://product.dangdang.com/25310909.html,宝宝的第一本躲猫猫游戏书:猜猜我是谁（新版）,兰登,2018-01-01,辽宁少年儿童出版社,1893条评论
255.,http://product.dangdang.com/23691327.html,小小暖房子・爱的表白书（全六册）,埃玛多德,2014-07-01,北京日报出版社（原同心出版社）,1208条评论
256.,http://product.dangdang.com/23235667.html,小毯子哪儿去了,佐佐木洋子,2010-10-01,２１世纪出版社,3353条评论
257.,http://product.dangdang.com/23931032.html,0～3岁宝宝365夜睡前故事安全卷,稚子文化,2016-03-01,中国纺织出版社,2144条评论
258.,http://product.dangdang.com/24034448.html,多元智能纸板书（全5册）,桑德拉・格林,2016-05-01,,247条评论
259.,http://product.dangdang.com/25208416.html,交通工具系列（全4册）,蓝草帽,2017-12-01,北京联合出版有限公司,279条评论
260.,http://product.dangdang.com/23950076.html,邦臣小红花・小老鼠花小小・宝宝启蒙认知纸板书（礼盒装 全9册）,北京小红花图书工作室,2015-11-01,青岛出版社,459条评论
261.,http://product.dangdang.com/23931100.html,零岁起步 : 0-3岁儿童早期阅读与指导,周兢,2016-03-01,海天出版社,1383条评论
262.,http://product.dangdang.com/25320587.html,蓝色小卡车,爱丽丝・谢特尔,2018-06-01,北京联合出版有限公司,802条评论
263.,http://product.dangdang.com/24058204.html,伯努瓦幽默纸板书系列,伯努瓦・沙尔拉,2016-09-01,北京联合出版公司,248条评论
264.,http://product.dangdang.com/23892609.html,真果果逻辑启蒙 第1辑（全五册）,真果果,2016-01-01,中国人口出版社,2180条评论
265.,http://product.dangdang.com/24147342.html,铃木绘本0-3岁宝宝快乐成长系列（第3辑套装5册）,长野英子,2017-01-01,化学工业出版社,570条评论
266.,http://product.dangdang.com/25068110.html,视觉触摸拉拉书：触摸日常 ImagieràToucher,帕斯卡尔・艾斯泰隆,2017-05-01,北京联合出版公司,449条评论
267.,http://product.dangdang.com/25266061.html,尚童童书：爸爸宝宝低幼纸板书系列（套装共8册）,阿兰・勒叟,2018-05-01,北京联合出版公司,338条评论
268.,http://product.dangdang.com/25070770.html,要上幼儿园啦,角野荣子,2017-05-01,北京科学技术出版社,1146条评论
269.,http://product.dangdang.com/25113721.html,小猪佩奇双语故事纸板书：我妈妈,英国快乐瓢虫出版公司,2017-07-01,安徽少年儿童出版社,2116条评论
270.,http://product.dangdang.com/25287220.html,宝贝认知纸板书（全8册）,气球传媒,2018-05-01,未来出版社,8183条评论
271.,http://product.dangdang.com/24037973.html,宝宝的第一本书（全4册）,尼娜・兰登,2015-06-03,,635条评论
272.,http://product.dangdang.com/25087586.html,海润阳光・手指谣・幼儿手思维游戏（套装共4册）,蔡玉刚,2015-05-01,中国人口出版社,810条评论
273.,http://product.dangdang.com/25307984.html,日本经典婴儿食育图画书（套装6册）,广川沙映子,2018-08-01,接力出版社,233条评论
274.,http://product.dangdang.com/25091043.html,海润阳光・宝宝视觉激发 0-6个月适用・黑白卡・彩色卡（套装共4盒）MT,陈长海,2018-05-01,北京理工大学出版社,266条评论
275.,http://product.dangdang.com/23754164.html,小宝宝视觉激发床挂书：颜色和形状,曹小影,2015-08-01,江西高校出版社,1043条评论
276.,http://product.dangdang.com/23537580.html,小象帕欧交往启蒙图画书（全22册）,仲川道子,2014-08-01,接力出版社,3176条评论
277.,http://product.dangdang.com/23238196.html,信谊宝宝起步走・小宝宝翻翻书（纸板书）（套装共4册）,普莱斯,2013-01-01,明天出版社,4680条评论
278.,http://product.dangdang.com/23965732.html,尿布里面有什么,桑德拉,2016-03-23,北京联合出版公司,1393条评论
279.,http://product.dangdang.com/25140831.html,火车大世界,梅兰妮・布洛坎普,2017-08-01,北京联合出版公司,425条评论
280.,http://product.dangdang.com/23838233.html,婴幼宝宝生活游戏翻翻书系列（全4册，日本童书研究会选书，日本全国学校图书馆协会选书，日本绘本名家田中四郎专为低幼宝宝设计，读互动，读情绪，读好的行为习惯）,田中四郎,2015-11-01,文化发展出版社,569条评论
281.,http://product.dangdang.com/24003398.html,宝宝早教启蒙全书系列①（套装，共8册）：动物天地+水果蔬菜+形状颜色+交通工具+早读唐诗+看图识字+数字字母+认物大全,宝宝早教启蒙全书,2016-06-01,华夏出版社,413条评论
282.,http://product.dangdang.com/25113720.html,小猪佩奇双语故事纸板书：我爸爸,华夏出版社,2017-07-01,安徽少年儿童出版社,1852条评论
283.,http://product.dangdang.com/25307425.html,欢迎你，宝贝！,英国快乐瓢虫出版公司,2018-04-01,安徽美术出版社,379条评论
284.,http://product.dangdang.com/23705395.html,聪明宝宝启蒙大挂图（套装共4册）,安徽少年儿童出版社,2015-01-01,化学工业出版社,741条评论
285.,http://product.dangdang.com/25087439.html,海润阳光・宝宝入园准备100图（套装全4册）,莫・威廉斯,2015-02-01,北京理工大学出版社,697条评论
286.,http://product.dangdang.com/23284855.html,奇妙洞洞书第二辑――这是什么呢？,安徽美术出版社,2012-04-01,未来出版社,1800条评论
287.,http://product.dangdang.com/23737276.html,快乐的水豚・低幼启蒙无字书（套装共6册）,韩雪,2015-08-01,国家开放大学出版社,603条评论
288.,http://product.dangdang.com/23929071.html,米菲的滑板书(共3册）谁藏在那儿/看到了什么了/开还是关,化学工业出版社,2015-11-01,北京婴童早教研发中心,802条评论
289.,http://product.dangdang.com/25080792.html,0～3岁认知大卡（全6册）,陈长海,2017-04-01,木村裕一,245条评论
290.,http://product.dangdang.com/21052696.html,婴儿游戏绘本（全10册）,北京理工大学出版社,2009-03-01,稚子文化,24238条评论
291.,http://product.dangdang.com/23931035.html,0～3岁宝宝365夜睡前故事品格卷,曼泰加扎,2016-03-01,桑德拉・格林,1605条评论
292.,http://product.dangdang.com/24049559.html,德国宝宝人手一套的纸板书：你是我的妈妈吗？+小小猫头鹰，头上长包包！+晚安，小星星！,未来出版社,2016-10-25,卡特琳・茹瑟姆,434条评论
293.,http://product.dangdang.com/23615133.html,萌宝宝看世界（全2册）,伊瓦尔・达・科尔,2014-11-01,小树果果,388条评论
294.,http://product.dangdang.com/25239567.html,宝宝数学启蒙贴贴画,国家开放大学出版社,2017-08-01,佐佐木洋子,194条评论
295.,http://product.dangdang.com/23188492.html,圆圆和点点的家,迪克・布鲁纳,2012-12-01,李紫蓉,2489条评论
296.,http://product.dangdang.com/25106552.html,信谊宝宝起步走・小雨滴:给0~3岁宝宝的律动儿歌,北京婴童早教研发中心,2017-05-01,南西塔富利,666条评论
297.,http://product.dangdang.com/23769305.html,信谊绘本：0-3岁阅读启蒙精选・你看到我的小鸭了吗,辽宁少年儿童出版社,2015-04-01,真果果,1216条评论
298.,http://product.dangdang.com/23459493.html,真果果宝宝趣味认知系列 翻翻书（全六册）,木村裕一,2014-03-01,北京小红花图书工作室,4634条评论
299.,http://product.dangdang.com/23950123.html,邦臣小红花：0~3岁早教必读（套装全30册）,接力出版社,2014-06-01,,641条评论

301.,http://product.dangdang.com/25315643.html,婴儿早教卡礼盒 共6册 （套装）,,2018-06-02,四川美术出版社,780条评论
302.,http://product.dangdang.com/23627821.html,幼幼成长图画书 蔬菜水果猜猜看（2册）,四川美术出版社,2015-03-01,少年儿童出版社,1156条评论
303.,http://product.dangdang.com/25112322.html,奇妙洞洞书第四辑-花园里的小虫虫,木内胜,2017-05-01,未来出版社,633条评论
304.,http://product.dangdang.com/25350672.html,海润阳光 婴幼儿视觉激发卡：全六册（黑金刚版）,少年儿童出版社,2018-10-11,中国人口出版社,295条评论
305.,http://product.dangdang.com/22790076.html,宝贝计划（第二阶段1-3岁 全40册 ）,E.布索拉蒂,2012-06-18,北京少年儿童出版社,3026条评论
306.,http://product.dangdang.com/25305818.html,牙牙学语：宝宝语言启蒙书（全8册）,未来出版社,2018-07-01,山东省地图出版社,321条评论
307.,http://product.dangdang.com/25087607.html,海润阳光・宝宝视觉激发升级版・黑白卡・彩色卡（套装共4盒）,陈长海,2012-12-01,北京理工大学出版社,488条评论
308.,http://product.dangdang.com/23769304.html,信谊宝宝起步走・山猫服饰店,中国人口出版社,2015-05-01,明天出版社,1021条评论
309.,http://product.dangdang.com/23379945.html,婴儿视觉激发卡（套装共2册）,韩国福禄贝尔幼儿教育研究所,2013-11-01,化学工业出版社,2046条评论
310.,http://product.dangdang.com/25173943.html,真果果婴幼儿右脑视觉激发卡（全2盒）,北京少年儿童出版社,2017-10-01,河北美术出版社,442条评论
311.,http://product.dangdang.com/25112324.html,奇妙洞洞书第四辑-小老鼠迷路了,柚芽,2017-05-01,未来出版社,543条评论
312.,http://product.dangdang.com/23817502.html,宝宝情商培养图画书（套装共6册）,山东省地图出版社,2015-10-01,文心出版社,634条评论
313.,http://product.dangdang.com/25177062.html,0～3岁宝宝早教亲子故事绘.1,海润阳光,2017-09-01,化学工业出版社,859条评论
314.,http://product.dangdang.com/25103096.html,幼幼成长图画书 柳原良平系列 交通工具大集合,北京理工大学出版社,2017-06-01,少年儿童出版社,1324条评论
315.,http://product.dangdang.com/23678247.html,可爱的宝宝3,木村裕一,2015-03-01,连环画出版社,747条评论
316.,http://product.dangdang.com/25107835.html,尚童幼儿成长宝库：什么组成的？（全三册）,明天出版社,2017-05-01,海豚出版社,733条评论
317.,http://product.dangdang.com/24001163.html,创意大师洞洞翻翻启蒙纸板书：猜猜是谁的屁股？,稚子文化,2016-10-25,中信出版社,1187条评论
318.,http://product.dangdang.com/25098376.html,小不点童书 危险的事情我不做 宝宝的第一套安全行为养成图画书（套装 共6册）,化学工业出版社,2017-04-01,浙江少年儿童出版社,260条评论
319.,http://product.dangdang.com/24166616.html,幼儿启蒙万次贴挂图（汉语拼音・汉字・数字共3张）,真果果,2016-10-01,化学工业出版社,364条评论
320.,http://product.dangdang.com/24001153.html,创意大师洞洞翻翻启蒙纸板书：圆,河北美术出版社,2017-01-17,中信出版社,992条评论
321.,http://product.dangdang.com/23704859.html,宝宝动动操（全4册）,婴儿画报,2015-06-01,中国少年儿童出版社,3958条评论
322.,http://product.dangdang.com/25178200.html,快乐宝贝系列（全4册）,罗杰・普利迪,2017-09-01,北京时代华文书局,183条评论
323.,http://product.dangdang.com/24142966.html,邦臣小红花-我的第一本认知书-100个动物,北京小红花图书工作室,2016-12-01,中国人口出版社,825条评论
324.,http://product.dangdang.com/24189135.html,小兔，听听听,玛格丽特・怀兹・布朗,2016-08-01,北京联合出版公司,740条评论
325.,http://product.dangdang.com/25535912.html,小不点系列认知推拉书（全4册）,权惠娟,2018-08-01,未来出版社,136条评论
326.,http://product.dangdang.com/25212568.html,米菲幼儿情感教育故事书（8册）,迪克,2017-12-31,人民邮电出版社,169条评论
327.,http://product.dangdang.com/25205266.html,猜猜动物系列森林里有什么?,蓝草帽,2017-12-01,北京联合出版有限公司,641条评论
328.,http://product.dangdang.com/24142968.html,邦臣小红花-我的第一本认知书-数字、颜色、形状,北京小红花图书工作室,2016-12-01,中国人口出版社,920条评论
329.,http://product.dangdang.com/20297693.html,我真棒幼儿成长图画书（套装共20册）,殷敏,2003-05-01,江苏少年儿童出版社,411条评论
330.,http://product.dangdang.com/23168743.html,小小聪明豆绘本第1-2辑（套装共14册）,阿克塞尔・舍夫勒,2013-01-01,外语教学与研究出版社,2120条评论
331.,http://product.dangdang.com/23746382.html,开心宝宝亲子游戏绘本   什么，这是什么,木坂凉,2015-06-01,连环画出版社,1691条评论
332.,http://product.dangdang.com/24197169.html,我的幼幼快乐入园准备让孩子轻轻松松爱上幼儿园2-3岁小婴孩童书（我不怕去幼儿园+我会自己做+我是好宝宝+一起来分享）共4册,教育2,2017-01-01,吉林美术出版社,935条评论
333.,http://product.dangdang.com/23989490.html,宝宝玩贴纸（第一辑+第二辑）（共8册）,婴儿画报,2016-06-01,中国少年儿童出版社,1195条评论
334.,http://product.dangdang.com/25192712.html,小小画家（全4册）,贝奇・斯奈德,2017-08-01,北京联合出版公司,188条评论
335.,http://product.dangdang.com/25196459.html,宝宝认知生肖卡（全12册）,瑞雅婴童创智中心,2017-11-01,江西高校出版社,135条评论
336.,http://product.dangdang.com/25218256.html,0~4岁宝宝找找看（套装全6册）,利斯贝特・斯莱格斯,2018-04-01,中信出版社,66条评论
337.,http://product.dangdang.com/21082993.html,幼幼成长图画书 永远的朋友（共6册）,爱玛,2011-05-01,人民出版社,1698条评论
338.,http://product.dangdang.com/25141094.html,0-12个月宝宝智能训练书・我0岁（感知觉训练+动作游戏+认知语言+情绪情感）共4册,王桂岐,2017-04-01,吉林美术出版社,512条评论
339.,http://product.dangdang.com/24160971.html,幼儿启蒙万次贴挂图（套装共8册）,沙丁猫,2016-10-01,化学工业出版社,125条评论
340.,http://product.dangdang.com/23953092.html,3～6岁宝贝365夜睡前故事科学卷,稚子文化,2016-04-01,中国纺织出版社,2003条评论
341.,http://product.dangdang.com/24142967.html,邦臣小红花-我的第一本认知书-100个词语,北京小红花图书工作室,2016-12-01,中国人口出版社,812条评论
342.,http://product.dangdang.com/25112323.html,奇妙洞洞书第四辑-你为什么还不睡？,E.布索拉蒂,2017-05-01,未来出版社,452条评论
343.,http://product.dangdang.com/23606697.html,开心宝宝亲子游戏绘本4-手指电车,冬野一子,2014-10-01,连环画出版社,1545条评论
344.,http://product.dangdang.com/25190690.html,袋鼠妈妈 婴儿第一套启蒙翻翻书・认物,袋鼠妈妈,2017-08-01,江西美术出版社,271条评论
345.,http://product.dangdang.com/25197763.html,猜猜我是谁动物系列（全3册）,蓝草帽,2017-09-07,北京联合出版公司,200条评论
346.,http://product.dangdang.com/23670271.html,尿布熊,郑春华,2015-02-01,少年儿童出版社,1145条评论
347.,http://product.dangdang.com/25103095.html,幼幼成长图画书 柳原良平系列 家里的朋友们,柳原良平,2017-06-01,少年儿童出版社,969条评论
348.,http://product.dangdang.com/25190691.html,袋鼠妈妈 婴儿第一套启蒙翻翻书・认知,袋鼠妈妈,2017-08-01,江西美术出版社,268条评论
349.,http://product.dangdang.com/23932490.html,玩具乐翻天 点点和多多系列（第二辑共5册）,艾玛・杜德,2012-08-01,二十一世纪出版社,548条评论
350.,http://product.dangdang.com/25218562.html,小婴孩 0-3岁涂色本 套装共8册,冯薇,2018-01-01,吉林出版集团股份有限公司,276条评论
351.,http://product.dangdang.com/24034449.html,多元智能纸板书儿歌小故事系列（全2册）：小猫和小羊/小狗和青蛙,阿克塞尔・舍夫勒,2016-05-01,,430条评论
352.,http://product.dangdang.com/25097728.html,小白熊做松饼（全7册）,若山宪,2017-07-01,北京联合出版公司,143条评论
353.,http://product.dangdang.com/23746385.html,开心宝宝亲子游戏绘本   做鬼脸,中村彻,2015-06-01,连环画出版社,1809条评论
354.,http://product.dangdang.com/23373235.html,宝宝认知藏猫猫（全8册),心喜阅,2012-11-01,湖北美术出版社,1225条评论
355.,http://product.dangdang.com/24156699.html,幼儿启蒙万次贴挂图. 汉语拼音,沙丁猫,2016-10-01,化学工业出版社,793条评论
356.,http://product.dangdang.com/24173244.html,大眼睛看世界――世界国旗,韩雪,2017-01-01,化学工业出版社,1019条评论
357.,http://product.dangdang.com/24176992.html,1-3岁启蒙丛书,北京婴童早教研发中心,2017-01-01,辽宁少年儿童出版社,330条评论
358.,http://product.dangdang.com/23548887.html,蓝精灵数学启蒙拼图书,贝约,2014-08-01,接力出版社,1013条评论
359.,http://product.dangdang.com/24242543.html,中国童谣（共4册）数青蛙/拍手谣/谁会飞/月儿歌,北京英才教育中心,2017-03-01,２１世纪出版社,384条评论
360.,http://product.dangdang.com/25213198.html,呀，内裤穿反了,岸田今日子,2018-01-01,连环画出版社,440条评论
361.,http://product.dangdang.com/25289102.html,大自然专注力培养地板书（套装共2册）,安妮斯・巴鲁齐,2018-04-01,化学工业出版社,83条评论
362.,http://product.dangdang.com/23931099.html,给0-3岁孩子的60本图画书,周兢,2016-03-01,海天出版社,786条评论
363.,http://product.dangdang.com/23347377.html,信谊世界精选图画书・阿福去散步,小野薰,2013-07-01,明天出版社,984条评论
364.,http://product.dangdang.com/25087438.html,海润阳光・宝宝认知纸板书（套装全4册）,陈长海,2015-06-01,山东美术出版社,166条评论
365.,http://product.dangdang.com/24001160.html,创意大师洞洞翻翻启蒙纸板书：方形,米津佑介,2017-01-25,中信出版社,707条评论
366.,http://product.dangdang.com/25103825.html,我的第一套认知启蒙挂图,家庭育儿早教专业委员会,2017-05-01,东方出版社,117条评论
367.,http://product.dangdang.com/25219634.html,婴幼儿的神奇故事会  早期阅读活动实战策略,王健枥,2017-09-01,北京出版社,254条评论
368.,http://product.dangdang.com/23464504.html,我的奇妙感觉（体验版，全5册）,帕特里克,2014-05-01,连环画出版社,1096条评论
369.,http://product.dangdang.com/23987694.html,给1岁宝宝的英国经典图画书,弗里德曼,2016-06-01,化学工业出版社,760条评论
370.,http://product.dangdang.com/25205264.html,猜猜动物系列海洋里有什么?,蓝草帽,2017-12-01,北京联合出版有限公司,460条评论
371.,http://product.dangdang.com/25205267.html,猜猜动物系列谁的脚?,蓝草帽,2017-12-01,北京联合出版有限公司,446条评论
372.,http://product.dangdang.com/23746380.html,开心宝宝亲子游戏绘本   骨碌骨碌 咚咚咚,纳村米琦瑶,2015-06-01,连环画出版社,1103条评论
373.,http://product.dangdang.com/25259567.html,早晚问候推拉滑板书：早安,梅瑞特谢尔・马蒂,2018-04-01,北京联合出版有限公司,204条评论
374.,http://product.dangdang.com/25115036.html,小小克莱奥系列 ,比利时,2017-07-01,重庆出版社,93条评论
375.,http://product.dangdang.com/23399139.html,鹅妈妈陪伴你成长系列,安妮,2013-12-31,贵州教育出版社,1618条评论
376.,http://product.dangdang.com/25346228.html,森林鱼童书・猜猜我是谁捉迷藏游戏书（全4册）：猜猜小奶牛+猜猜小火车+一起躲猫猫+谁最爱你呀，宝贝？,尼娜,2018-09-10,辽宁少年儿童出版社,185条评论
377.,http://product.dangdang.com/23746383.html,开心宝宝亲子游戏绘本   嘘,田代千里,2015-06-01,连环画出版社,1443条评论
378.,http://product.dangdang.com/25172496.html,家有恐龙行为启蒙纸板书,简・约伦,2017-11-01,接力出版社,41条评论
379.,http://product.dangdang.com/25254268.html,宝宝的第一套楼梯书 火车，火车，你去哪儿？,林恩,2016-06-01,北京联合出版公司,377条评论
380.,http://product.dangdang.com/23704858.html,宝宝玩贴纸（全4册）,婴儿画报,2015-08-01,中国少年儿童出版社,7161条评论
381.,http://product.dangdang.com/24143619.html,四季儿歌故事（套装全4册）：0-3岁原创儿歌绘本，幼儿认知、语感启蒙读物,王明玉,2017-01-01,,800条评论
382.,http://product.dangdang.com/23552814.html,真果果启蒙认知绘本 第1+2辑（全12册）,真果果,2014-08-01,中国人口出版社,608条评论
383.,http://product.dangdang.com/25112319.html,奇妙洞洞书第四辑-多变的三角形,E.布索拉蒂,2017-05-01,未来出版社,370条评论
384.,http://product.dangdang.com/23979915.html,0-3岁小婴孩启蒙早教认知脑力激发拉拉卡床围卡视觉玩具卡：游戏卡+数字卡+语言卡+智能卡+情商卡+认知卡（套装共6盒）,教育2,2014-01-01,吉林美术出版社,454条评论
385.,http://product.dangdang.com/25169942.html,花格子大象艾玛认知启蒙纸板书:艾玛的一天,大卫・麦基,2017-10-01,中信出版社,556条评论
386.,http://product.dangdang.com/23953093.html,3～6岁宝贝365夜睡前故事成语卷,稚子文化,2016-04-01,中国纺织出版社,1110条评论
387.,http://product.dangdang.com/25254271.html,伯瓦努幽默纸板书系列 别抠鼻子,伯努瓦,2018-04-01,北京联合出版公司,366条评论
388.,http://product.dangdang.com/23452971.html,小鸡球球自然双语认知图鉴 谁来的信（平装）,入山,2014-04-01,湖北教育出版社,1243条评论
389.,http://product.dangdang.com/23340429.html,婴儿视觉激发卡.彩色卡:6-18个月(婴儿视觉激发卡 彩色卡 6~18个月),稚子文化,2013-09-01,化学工业出版社,2000条评论
390.,http://product.dangdang.com/25199584.html,小猪佩奇配对卡（套装共4册）,卡普猫,2017-12-01,四川少儿出版社,141条评论
391.,http://product.dangdang.com/23962519.html,动物颜色,妮可拉・基兰,2016-06-01,连环画出版社,721条评论
392.,http://product.dangdang.com/25169944.html,花格子大象艾玛认知启蒙纸板书:艾玛认颜色,大卫・麦基,2017-10-01,中信出版社,490条评论
393.,http://product.dangdang.com/23417949.html,信谊宝宝起步走・妈妈,林良,2012-10-01,明天出版社,962条评论
394.,http://product.dangdang.com/23567155.html,尚童幼儿成长宝库-手指童谣游戏书（全三册）,雷吉纳,2014-08-01,新蕾出版社,1031条评论
395.,http://product.dangdang.com/25193640.html,向世界问好――早安、晚安（全两册）（奇想国精选）,哈丽雅特・齐菲特,2017-11-01,外语教学与研究出版社,217条评论
396.,http://product.dangdang.com/25254303.html,我爱宝贝系列 十个小脚趾,卡罗琳,2018-04-01,北京联合出版公司,369条评论
397.,http://product.dangdang.com/25259566.html,早晚问候推拉滑板书：晚安,梅瑞特谢尔・马蒂,2018-04-01,北京联合出版有限公司,176条评论
398.,http://product.dangdang.com/23440803.html,形状游戏一起玩（全2册）,新井洋行,2014-01-01,长江少年儿童出版社,1407条评论
399.,http://product.dangdang.com/24186734.html,大眼睛看世界（名车、国旗、标志、动物）（套装4册）,韩雪,2017-03-07,化学工业出版社,289条评论
400.,http://product.dangdang.com/23929070.html,米菲的拼插书(共2册）我的家/一家亲,迪克・布鲁纳,2015-11-01,,351条评论
401.,http://product.dangdang.com/23754163.html,小宝宝视觉激发床挂书：笑脸,曹小影,2015-08-01,江西高校出版社,439条评论
402.,http://product.dangdang.com/25087652.html,海润阳光・0-3岁育婴全卡・启蒙大卡（套装共12册）,陈长海,2014-09-01,中国人口出版社,65条评论
403.,http://product.dangdang.com/23302256.html,小小聪明豆绘本第3辑(套装共6册),阿克塞尔・舍夫勒,2013-06-01,外语教学与研究出版社,1243条评论
404.,http://product.dangdang.com/23606695.html,开心宝宝亲子游戏绘本1-哎呀，屁来了！,织田道代,2014-10-01,连环画出版社,1095条评论
405.,http://product.dangdang.com/20941278.html,小老虎卡路（全15册）,迪帝尔,2010-08-01,少年儿童出版社,5190条评论
406.,http://product.dangdang.com/25328207.html,奇妙洞洞书（4册/套）,帕特里齐亚,2018-09-01,未来出版社,65条评论
407.,http://product.dangdang.com/25087436.html,海润阳光・宝宝触摸认知书（套装共六册）,陈长海,2017-05-01,中国人口出版社,121条评论
408.,http://product.dangdang.com/21041864.html,好宝宝启蒙翻翻大挂图,幼狮文化,2011-01-01,浙江少年儿童出版社,9090条评论
409.,http://product.dangdang.com/23758341.html,婴儿情绪绘本（全10册）,安・福斯林德,2015-07-01,接力出版社,2213条评论
410.,http://product.dangdang.com/25157967.html,信谊宝宝起步走・猫头鹰 蝙蝠,玛丽路易丝・菲茨帕特里克,2017-09-01,明天出版社,277条评论
411.,http://product.dangdang.com/23542083.html,可爱的宝宝2（全3册）,尹汝林,2014-08-01,连环画出版社,1333条评论
412.,http://product.dangdang.com/24001158.html,创意大师洞洞翻翻启蒙纸板书：三角形,米津佑介,2017-01-25,中信出版社,542条评论
413.,http://product.dangdang.com/24144723.html,幼儿启蒙万次贴挂图. 数字,沙丁猫,2016-10-01,化学工业出版社,569条评论
414.,http://product.dangdang.com/25205265.html,猜猜动物系列农场里有什么?,蓝草帽,2017-12-01,北京联合出版有限公司,348条评论
415.,http://product.dangdang.com/22860054.html,小袋袋温馨成长绘本（全5册）,切尔齐尔,2008-08-01,湖南少儿出版社,11399条评论
416.,http://product.dangdang.com/23962518.html,动物数字,妮可拉・基兰,2016-06-01,连环画出版社,659条评论
417.,http://product.dangdang.com/23484915.html,小鸡球球启发宝宝纸板书,入山,2014-05-01,长江少年儿童出版社,1066条评论
418.,http://product.dangdang.com/25087768.html,海润阳光・宝宝语言训练卡（套装共4盒）,陈长海,2017-06-01,中国人口出版社,121条评论
419.,http://product.dangdang.com/23746381.html,开心宝宝亲子游戏绘本   开始吃啦,宫尾怜衣,2015-06-01,连环画出版社,817条评论
420.,http://product.dangdang.com/24049560.html,你是我的妈妈吗？,桑德拉・格林,2016-10-31,漓江出版社,407条评论
421.,http://product.dangdang.com/25254270.html,宝宝的第一套楼梯书 小象，小象，你去哪儿？,林恩,2018-04-01,北京联合出版公司,280条评论
422.,http://product.dangdang.com/25068111.html,视觉触摸拉拉书：联想游戏 IMAGIER POUR JOUER,帕斯卡尔`艾斯泰隆,2017-05-01,北京联合出版公司,162条评论
423.,http://product.dangdang.com/24001162.html,创意大师洞洞翻翻启蒙纸板书：猜猜是谁在笑？,米津佑介,2017-01-31,中信出版社,680条评论
424.,http://product.dangdang.com/23951725.html,视觉刺激触摸绘本-绿色的草丛,埃米尔.林,2016-04-01,未来出版社,378条评论
425.,http://product.dangdang.com/25179823.html,宝宝视觉激发-黑白卡（4册）,海润阳光,2017-10-01,明天出版社,73条评论
426.,http://product.dangdang.com/23606699.html,开心宝宝亲子游戏绘本6-晚安，企鹅,浅沼泰,2014-10-01,连环画出版社,733条评论
427.,http://product.dangdang.com/25254302.html,我爱宝贝系列 宝贝，知道我有多爱你,马里恩,2018-04-01,北京联合出版公司,288条评论
428.,http://product.dangdang.com/25177063.html,0～3岁宝宝早教亲子故事绘.2,童心,2017-09-01,化学工业出版社,380条评论
429.,http://product.dangdang.com/25254293.html,尚童幼儿成长大宝库_这是真的吗？（全3册）,卡特娅,2018-04-01,新蕾出版社,115条评论
430.,http://product.dangdang.com/23999041.html,谁最爱你呀，宝贝？,妮娜.兰登,2016-02-02,北京联合出版公司,665条评论
431.,http://product.dangdang.com/23446488.html,好宝宝咕噜咕噜图画书 数学故事（共6册）,幼狮文化,2014-03-01,浙江少年儿童出版社,438条评论
432.,http://product.dangdang.com/25174727.html,迪士尼宝宝认知贴纸书 (全套8册）,迪士尼公司,2017-08-01,人民邮电出版社,89条评论
433.,http://product.dangdang.com/23606696.html,开心宝宝亲子游戏绘本2-来玩捉迷藏吧,吉田朋子,2014-10-01,连环画出版社,781条评论
434.,http://product.dangdang.com/25106551.html,信谊宝宝起步走・牛来了:给0~3岁宝宝的传统儿歌,王金选,2016-11-01,明天出版社,338条评论
435.,http://product.dangdang.com/25273549.html,手指洞洞书（套装全6册）,阳光三采,2018-03-01,青岛出版社,108条评论
436.,http://product.dangdang.com/25205269.html,猜猜动物系列天空中有什么?,蓝草帽,2017-12-01,北京联合出版有限公司,305条评论
437.,http://product.dangdang.com/25070764.html,你出生的那一天,滨田桂子,2017-05-01,北京科学技术出版社,335条评论
438.,http://product.dangdang.com/25254304.html,我爱宝贝系列 晚安，我的宝贝,卡罗琳,2018-02-01,北京联合出版公司,294条评论
439.,http://product.dangdang.com/24057895.html,幼儿启蒙万次贴挂图：交通工具,沙丁猫,2016-10-01,化学工业出版社,479条评论
440.,http://product.dangdang.com/25276367.html,0-3岁幼儿安全感绘本・抱一抱：抱抱我,西卷茅子,2018-04-01,长江少年儿童出版社,319条评论
441.,http://product.dangdang.com/25205262.html,猜猜动物系列草丛里有什么?,蓝草帽,2017-12-01,北京联合出版有限公司,285条评论
442.,http://product.dangdang.com/25113722.html,小猪佩奇双语故事纸板书：我奶奶,英国快乐瓢虫出版公司,2017-07-01,安徽少年儿童出版社,564条评论
443.,http://product.dangdang.com/22913797.html,婴幼儿识字百法,陈力平,2012-10-01,商务印书馆,1023条评论
444.,http://product.dangdang.com/25323405.html,《宝宝不怕系列图画故事书》（4册套装）商务印书馆童书馆,卡罗勒,2018-06-01,商务印书馆国际有限公司,121条评论
445.,http://product.dangdang.com/24001165.html,创意大师洞洞翻翻启蒙纸板书：5个小苹果,米津佑介,2017-01-25,中信出版社,636条评论
446.,http://product.dangdang.com/25112170.html,幼幼成长图画书 条纹，条纹，发现啦！,平野惠理子,2017-07-01,少年儿童出版社,386条评论
447.,http://product.dangdang.com/25218561.html,小婴孩 3-6岁涂色本 套装共8册,冯薇,2018-01-01,吉林出版集团股份有限公司,141条评论
448.,http://product.dangdang.com/23892610.html,真果果逻辑启蒙 第2辑（全五册）,真果果,2016-01-01,中国人口出版社,814条评论
449.,http://product.dangdang.com/23951256.html,0-3岁金头脑开发图画书：行为习惯篇（撕不烂的纸板书8册）,高薇庭,2016-06-01,中国人口出版社,84条评论
450.,http://product.dangdang.com/24001164.html,创意大师洞洞翻翻启蒙纸板书：别哭啦,米津佑介,2017-01-25,中信出版社,802条评论
451.,http://product.dangdang.com/25110120.html,大嘴小嘴学说话・幼儿卷套装,刘剑,2017-08-01,中国传媒大学出版社,65条评论
452.,http://product.dangdang.com/23472463.html,汤米成长记（套装15册）,克里斯蒂娜・洛希,2014-05-01,安徽少年儿童出版社,3169条评论
453.,http://product.dangdang.com/22780567.html,《芝麻街小小孩的秘密生活(全九册 ）,美国芝麻街工作室,2012-06-01,湖北美术出版社,4282条评论
454.,http://product.dangdang.com/25112171.html,幼幼成长图画书 小猫小猫睡觉吧,长野英子,2017-06-01,少年儿童出版社,296条评论
455.,http://product.dangdang.com/23618445.html,开心宝宝亲子游戏绘本3-我的妈妈,奥野凉子,2014-11-01,连环画出版社,707条评论
456.,http://product.dangdang.com/25310365.html,幼幼成长图画书纸板书  宝宝动起来系列（5册）,中川李枝子,2018-08-01,少年儿童出版社,1560条评论
457.,http://product.dangdang.com/25254301.html,我爱宝贝系列 宝贝，我永远爱你,卡罗琳,2018-04-01,北京联合出版公司,247条评论
458.,http://product.dangdang.com/23728448.html,宝宝蛋：迷你双层启蒙卡（启蒙系列1）（4盒套装）,于清峰,2015-04-01,漓江出版社,401条评论
459.,http://product.dangdang.com/24001155.html,创意大师洞洞翻翻启蒙纸板书：我们相亲相爱,米津佑介,2017-01-18,中信出版社,476条评论
460.,http://product.dangdang.com/25113723.html,小猪佩奇双语故事纸板书：我爷爷,英国快乐瓢虫出版公司,2017-07-01,安徽少年儿童出版社,515条评论
461.,http://product.dangdang.com/23618443.html,猜猜看，是水果吗？,米津�v介,2014-10-01,连环画出版社,771条评论
462.,http://product.dangdang.com/23951278.html,0-3岁金头脑开发图画书：情商培养篇（撕不烂的纸板书8册）,高薇庭,2016-06-01,中国人口出版社,87条评论
463.,http://product.dangdang.com/25169945.html,花格子大象艾玛认知启蒙纸板书:艾玛识天气,大卫・麦基,2017-10-01,中信出版社,324条评论
464.,http://product.dangdang.com/25112320.html,奇妙洞洞书第四辑-鳄鱼是我的朋友吗？,E.布索拉蒂,2017-05-01,未来出版社,194条评论
465.,http://product.dangdang.com/23754161.html,小宝宝视觉激发床挂书：动物,曹小影,2015-08-01,江西高校出版社,296条评论
466.,http://product.dangdang.com/24176743.html,我的第一套认知绘本.6种颜色,户田幸四郎,2016-09-01,北京联合出版公司,287条评论
467.,http://product.dangdang.com/22468662.html,真果果视觉经典挂图系列,真果果,2011-08-01,中国人口出版社,6149条评论
468.,http://product.dangdang.com/25177064.html,0～3岁宝宝早教亲子故事绘.3,童心,2017-09-01,化学工业出版社,297条评论
469.,http://product.dangdang.com/24030550.html,宝宝蛋*AR 面包熊动物乐园 动画魔法卡片 (动起来的识字卡)  礼品装,童趣童乐,2016-03-01,武汉大学出版社,65条评论
470.,http://product.dangdang.com/25282558.html,宾巴和朋友们第1辑（全4册）,弗朗西斯科・图利奥,2018-03-01,北京时代华文书局,58条评论
471.,http://product.dangdang.com/25193637.html,晚安书（奇想国精选）,哈丽雅特・齐菲特,2017-11-01,外语教学与研究出版社,181条评论
472.,http://product.dangdang.com/25254269.html,宝宝的第一套楼梯书 企鹅，企鹅，你去哪儿？,林恩,2018-04-01,北京联合出版公司,198条评论
473.,http://product.dangdang.com/25112321.html,奇妙洞洞书第四辑-好好玩的圆,E.布索拉蒂,2017-05-01,未来出版社,206条评论
474.,http://product.dangdang.com/25205294.html,谜语故事（蜗牛故事绘，有声版）,蜗牛少儿,2017-12-01,福建少年儿童出版社,305条评论
475.,http://product.dangdang.com/23769595.html,小小聪明豆绘本系列:最棒的我(套装共6册),马特・白金汉,2015-08-01,外语教学与研究出版社,232条评论
476.,http://product.dangdang.com/20717533.html,0~4岁婴儿启蒙故事・晚安卷,独角王工作室,2009-10-01,海豚出版社,1611条评论
477.,http://product.dangdang.com/23903325.html,宝宝第一本启蒙书（套装共4册）,曼迪斯坦利,2016-01-01,江苏少年儿童出版社,111条评论
478.,http://product.dangdang.com/25314227.html,给孩子讲晚安故事纸板书系列：小兔听听听+跳来跳去的晚安羊（套装全2册）,玛格丽特・怀兹・布朗,2018-06-01,辽宁少年儿童出版社,239条评论
479.,http://product.dangdang.com/25205263.html,猜猜动物系列草原上有什么?,蓝草帽,2017-12-01,北京联合出版有限公司,225条评论
480.,http://product.dangdang.com/25062183.html,乖宝宝好行为养成：撕不烂珍藏版（全十册）,伊丽莎白・沃迪克,2017-03-01,国家开放大学出版社,66条评论
481.,http://product.dangdang.com/25205261.html,猜猜动物系列猜猜大恐龙,蓝草帽,2017-12-01,北京联合出版有限公司,228条评论
482.,http://product.dangdang.com/23975542.html,快乐宝贝认动物,北京联合出版有限公司,2016-04-06,北京联合出版公司,400条评论
483.,http://product.dangdang.com/24001154.html,创意大师洞洞翻翻启蒙纸板书：一个雪球,罗杰,2016-10-20,中信出版社,654条评论
484.,http://product.dangdang.com/25087650.html,海润阳光・0-2岁宝宝早教撕不烂纸板书（套装共12册）,北京联合出版公司,2014-04-01,中国人口出版社,39条评论
485.,http://product.dangdang.com/25180165.html,十个小脚趾,朱里安诺,2017-12-01,中信出版社,154条评论
486.,http://product.dangdang.com/23950075.html,邦臣小红花・小老鼠花小小・宝宝早教学习纸板书（礼盒装 全9册）,中信出版社,2015-11-01,青岛出版社,134条评论
487.,http://product.dangdang.com/24057894.html,幼儿启蒙万次贴挂图：果蔬,陈长海,2016-10-01,化学工业出版社,399条评论
488.,http://product.dangdang.com/24144721.html,幼儿启蒙万次贴挂图. 汉字,中国人口出版社,2016-10-01,化学工业出版社,321条评论
489.,http://product.dangdang.com/23606698.html,开心宝宝亲子游戏绘本5-啪啪啪面包,托德,2014-10-01,连环画出版社,655条评论
490.,http://product.dangdang.com/25276371.html,0-3岁幼儿安全感绘本・抱一抱：谁哭了,中信出版社,2018-04-01,长江少年儿童出版社,205条评论
491.,http://product.dangdang.com/25087659.html,海润阳光・宝宝早教认知学习对对卡（套装共4盒）,北京小红花图书工作室,2012-03-01,北京理工大学出版社,100条评论
492.,http://product.dangdang.com/25169941.html,花格子大象艾玛认知启蒙纸板书:艾玛的朋友,青岛出版社,2017-10-01,中信出版社,270条评论
493.,http://product.dangdang.com/23999040.html,一起躲猫猫！,沙丁猫,2016-02-02,北京联合出版公司,442条评论
494.,http://product.dangdang.com/24001159.html,创意大师洞洞翻翻启蒙纸板书：妈妈，你在哪？,化学工业出版社,2016-10-24,中信出版社,487条评论
495.,http://product.dangdang.com/25286208.html,宝宝学说话第2辑,沙丁猫,2017-05-01,延边大学出版社,132条评论
496.,http://product.dangdang.com/22786651.html,尿布熊宝宝情感启蒙系列图画书（15本）,化学工业出版社,2012-06-01,少年儿童出版社,1251条评论
497.,http://product.dangdang.com/23769596.html,小小聪明豆绘本系列:最好的爱(套装共6册),安井季子,2015-08-01,外语教学与研究出版社,218条评论
498.,http://product.dangdang.com/25276369.html,0-3岁幼儿安全感绘本・抱一抱：好朋友,连环画出版社,2018-04-01,长江少年儿童出版社,227条评论
499.,http://product.dangdang.com/23831210.html,0-3岁宝宝素质教育启蒙好帮手（全十册）,西卷茅子,2015-09-01,江西美术出版社,178条评论
500.,http://product.dangdang.com/25177065.html,0～3岁宝宝早教亲子故事绘.4,长江少年儿童出版社,2017-09-01,化学工业出版社,244条评论
