1.,http://product.dangdang.com/25252408.html,神奇校车・图画书版（全12册，新增《科学博览会》1册）,乔安娜柯尔,2018-05-10,贵州人民出版社,977635条评论
2.,http://product.dangdang.com/23444350.html,神奇校车・桥梁书版（全20册）,乔安娜柯尔,2014-04-01,贵州人民出版社,609809条评论
3.,http://product.dangdang.com/24044343.html,写给儿童的中国地理（全14册）,陈卫平,2016-09-01,新世界出版社,198999条评论
4.,http://product.dangdang.com/23255678.html,DK儿童百科全书系列超值礼品套装（精装全5册）（2018年全新修订版）,英国DK公司,2013-05-01,中国大百科全书出版社,66840条评论
5.,http://product.dangdang.com/22915343.html,大英儿童百科全书（全16卷）,不列颠百科出品,2012-10-01,湖南少儿出版社,162675条评论
6.,http://product.dangdang.com/25271688.html,法国巨眼丛书：让孩子看懂世界的第一套科普经典（套装全56册，2018年新版）,法国纳唐出版社,2018-06-01,中信出版社,26754条评论
7.,http://product.dangdang.com/25165048.html,去旅行系列（全2册）法国教育部推荐！深度知识体系的人文地理百科书,阿梅莉・卡斯唐,2017-09-01,广西科学技术出版社,95680条评论
8.,http://product.dangdang.com/23487613.html,写给儿童的世界历史（全16册）,陈卫平,2014-07-01,贵州教育出版社,119876条评论
9.,http://product.dangdang.com/23967348.html,我的第一本地理启蒙书,郑利强,2016-06-01,新世界出版社,519079条评论
10.,http://product.dangdang.com/24193586.html,小牛顿科学馆：全新升级版 （科学蓝，30册礼品装）,台湾牛顿出版股份有限公司,2017-04-07,接力出版社,38308条评论
11.,http://product.dangdang.com/9101748.html,法布尔昆虫记（全10册）（儿童彩图版）,高苏珊娜,2014-07-01,北京科学技术出版社,254792条评论
12.,http://product.dangdang.com/25273429.html,中国国家博物馆儿童历史百科绘本（5册）,中国国家博物馆,2018-06-01,人民邮电出版社,50425条评论
13.,http://product.dangdang.com/24104216.html,男孩的冒险书（少儿绘图版，全三册）,康恩・伊古尔登,2016-11-01,广西科学技术出版社,118967条评论
14.,http://product.dangdang.com/24012161.html,神奇校车・手工益智版（全8册）,乔安娜・柯尔,2016-07-13,贵州人民出版社,128138条评论
15.,http://product.dangdang.com/25233424.html,DK幼儿百科全书――那些重要的事,英国DK公司,2017-07-01,中国大百科全书出版社,116141条评论
16.,http://product.dangdang.com/23946177.html,我们的身体,艾德兰,2012-06-01,未来出版社,145645条评论
17.,http://product.dangdang.com/23701036.html,思考的魅力（共24册）,皮埃尔・裴居,2015-05-30,广西科学技术出版社,56613条评论
18.,http://product.dangdang.com/22478862.html,上下五千年（最新版）,林汉达,2011-07-01,少年儿童出版社,228284条评论
19.,http://product.dangdang.com/20863205.html,希利尔讲世界史、世界地理、艺术史 套装,希利尔,2010-04-01,贵州教育出版社,170986条评论
20.,http://product.dangdang.com/22729674.html,可怕的科学（全63本）,阿诺备,2010-01-01,北京少年儿童出版社,29704条评论
21.,http://product.dangdang.com/23546343.html,德国亲子共读儿童百科_阅读鼠系列 (全三辑共72册）,海豚传媒,2014-08-01,长江少年儿童出版社,18623条评论
22.,http://product.dangdang.com/25119226.html,生命 : 万物不可思议的连接方式（让孩子们秒懂世界起源的万物简史）,米莎・布莱斯,2017-08-08,江苏凤凰美术出版社,91580条评论
23.,http://product.dangdang.com/21127254.html,西顿动物记（10册礼品装）,欧内斯特.汤普森.西顿,2009-01-01,北京科学技术出版社,75362条评论
24.,http://product.dangdang.com/23822066.html,让孩子爱上科学的趣味实验大百科,学研教育出版,2015-12-01,浙江少年儿童出版社,111669条评论
25.,http://product.dangdang.com/23567110.html,小牛顿科学馆续集（共60册）,台湾牛顿出版公司,2014-10-01,贵州教育出版社,13041条评论
26.,http://product.dangdang.com/21057238.html,《小小牛顿幼儿馆》（全60册）,台湾牛顿出版公司,2010-10-01,贵州教育出版社,20138条评论
27.,http://product.dangdang.com/23526685.html,你好！科学・最亲切的科学原理启蒙图画书合辑（全50册）,金兰珠,2014-07-01,长江少年儿童出版社,21793条评论
28.,http://product.dangdang.com/23820838.html,从小爱科学・有趣的物理（全16册）,沈丹丹,2015-12-01,湖南少年儿童出版社,103918条评论
29.,http://product.dangdang.com/25105548.html,DK儿童百科全书系列超值礼品套装(蓝盒装全5册)（2018年全新修订版）,英国DK公司,2017-08-01,中国大百科全书出版社,15943条评论
30.,http://product.dangdang.com/25536535.html,地图 人文版（升级版）手绘世界地图 儿童百科绘本,亚历山德拉・米热林斯卡,2018-11-01,贵州人民出版社,648844条评论
31.,http://product.dangdang.com/24142914.html,从小爱数学（全20册）,赵艺贞,2016-11-01,湖南少年儿童出版社,46560条评论
32.,http://product.dangdang.com/25335536.html,国际大奖科普绘本（平装6册） 获美国妈妈最佳选择奖金奖、美国月光童书奖金奖等20余项国际大奖，数十种国际权威机构赞誉推荐,玛丽,2018-10-01,辽宁少年儿童出版社,31361条评论
33.,http://product.dangdang.com/25315653.html,这是什么呀・3～6岁万物启蒙书（天气系列套装，共6册；美国经典绘本大百科，美国国宝级童书！美国权威教育机构31次颁奖致敬！）,盖尔・吉本斯,2018-09-01,文汇出版社,33556条评论
34.,http://product.dangdang.com/25243206.html,神奇校车・动画版（全10册）,乔安娜柯尔,2011-04-05,贵州人民出版社,344054条评论
35.,http://product.dangdang.com/23463222.html,亲亲自然（第一季，共40册）,台湾亲亲文化事业有限公司,2014-05-01,福建少年儿童出版社,31157条评论
36.,http://product.dangdang.com/23603154.html,皮皮鲁和419宗罪小侦探大百科  套装,郑渊洁,2014-12-01,天津人民,30674条评论
37.,http://product.dangdang.com/20606480.html,数学绘本（全36册）,刘永昭,2009-10-01,长春出版社,69101条评论
38.,http://product.dangdang.com/23483341.html,环球旅行,克尔,2013-03-01,未来出版社,126367条评论
39.,http://product.dangdang.com/23475644.html,DK万物运转的秘密（斩获文津奖、安万特图书奖，从生活细微处着手，将复杂的物理问题简单化，机械世界百科全书）,David,2014-05-01,电子工业出版社,110335条评论
40.,http://product.dangdang.com/20633051.html,第一次发现丛书透视眼系列（精选套装，共30册）,法国伽利玛少儿出版社,2018-03-01,接力出版社有限公司(图书）,31689条评论
41.,http://product.dangdang.com/25261269.html,好想去这样那样的国家（全6册）,东菜奈,2018-04-27,贵州人民出版社,25428条评论
42.,http://product.dangdang.com/25335225.html,千万不要玩穿越系列（48册）,杰奎琳・莫利,2018-08-01,北方妇女儿童出版社,5117条评论
43.,http://product.dangdang.com/25168478.html,How&why美国经典少儿百科（中国科技部、新闻出版总署共同推荐！全13册）,世界图书出版公司,2017-09-01,广西科学技术出版社,54869条评论
44.,http://product.dangdang.com/23436360.html,十万个为什么 第六版平装套装（全18册）,韩启德,2014-01-01,少年儿童出版社,31102条评论
45.,http://product.dangdang.com/23831399.html,走进奇妙的几何世界（全6册）,格里贝利,2016-01-01,浙江教育出版社,89801条评论
46.,http://product.dangdang.com/25244626.html,人类简史（绘本版）：给孩子的世界历史超图解,贝特朗・菲舒,2018-02-01,中信出版社,45468条评论
47.,http://product.dangdang.com/25213466.html,你好！世界（共6册）培养专注力、思考力和想象力的亲子互动绘本,安娜・菲斯克,2018-01-01,广西科学技术出版社,58232条评论
48.,http://product.dangdang.com/21112440.html,儿童哲学智慧书全集（全9册）,奥斯卡柏尼菲,2011-01-01,接力出版社,48582条评论
49.,http://product.dangdang.com/23806266.html,《地下水下》手绘百科绘本,亚历山德拉米热林斯卡,2015-12-01,贵州人民出版社,106561条评论
50.,http://product.dangdang.com/23396666.html,DK儿童百科全书（2018年全新修订版）,英国DK公司,2010-06-01,中国大百科全书出版社,85126条评论
51.,http://product.dangdang.com/25201815.html,万物简史（彩图珍藏版）,比尔・布莱森,2017-10-01,接力出版社,73245条评论
52.,http://product.dangdang.com/23718470.html,（注音美绘本）法布尔昆虫记套装（全10册）,高苏珊娜,2015-07-01,北京科学技术出版社,19722条评论
53.,http://product.dangdang.com/25205027.html,思考世界的孩子（全2册）：问个不停卷+想个不停卷,阿内,2018-01-01,浙江少年儿童出版社,33631条评论
54.,http://product.dangdang.com/25205154.html,历史之谜：少年科学探秘小说（全十册）,帕斯卡尔・艾德兰,2017-12-01,光明日报出版社,10964条评论
55.,http://product.dangdang.com/23167515.html,幼儿版十万个为什么（全彩注音版，套装共8册）,潘英丽,2013-01-01,天津人民出版社,102254条评论
56.,http://product.dangdang.com/25547473.html,神奇校车大家族（全73册）,乔安娜柯尔,2018-10-01,贵州人民出版社,1227523条评论
57.,http://product.dangdang.com/24214670.html,DK机械运转的秘密（入围第13届文津图书，获全国优秀科普作品奖，凯迪克金奖绘本大师大卫.麦考利趣味科普巅峰之作）,大卫.麦考利,2017-04-01,电子工业出版社,46492条评论
58.,http://product.dangdang.com/25281853.html,DK儿童穿越时空百科全书（全4册，2018年新版）,英国DK公司,2018-04-01,中国大百科全书出版社,61073条评论
59.,http://product.dangdang.com/23947015.html,去野外（博洛尼亚童书金奖、文津图书奖获奖作品）,伊内斯・特谢拉・多罗萨里奥,2016-05-01,广西科学技术出版社,46469条评论
60.,http://product.dangdang.com/25097981.html,DK儿童奇趣百科全书（全2册）  这不可能是真的！ 是真是假？,英国DK公司,2017-06-01,中国大百科全书出版社,6906条评论
61.,http://product.dangdang.com/24102036.html,《太空》手绘百科绘本,亚历山德拉・米热林斯卡,2016-11-19,贵州人民出版社,76271条评论
62.,http://product.dangdang.com/25180135.html,我是创想家（全26册，德国创意手工百科）,安克・M.莱茨根,2017-11-20,贵州人民出版社,5018条评论
63.,http://product.dangdang.com/23396665.html,DK儿童太空百科全书（2018年全新修订版）,英国DK公司,2012-01-01,中国大百科全书出版社,83127条评论
64.,http://product.dangdang.com/24103914.html,漫画万物由来（中国童书榜zui佳童书奖，桂冠童书奖，当当原创科普畅销榜TOP8，全6册）,郭翔,2016-11-01,辽宁少年儿童出版社,73202条评论
65.,http://product.dangdang.com/23421063.html,上下五千年&世界五千年（最新版经典套装，共4册）,林汉达,2014-01-01,少年儿童出版社,21323条评论
66.,http://product.dangdang.com/25140799.html,DK编程真好玩：6岁开始学Scratch,乔恩・伍德科克,2017-08-01,南海出版公司,42441条评论
67.,http://product.dangdang.com/25175049.html,不可不知的科学,约翰范登,2017-12-01,长江少年儿童出版社,94527条评论
68.,http://product.dangdang.com/23396664.html,DK儿童恐龙百科全书（2018年全新修订版）,英国DK公司,2012-12-01,中国大百科全书出版社,67496条评论
69.,http://product.dangdang.com/25246317.html,《HOW&WHY》美国经典少儿百科知识全书（低幼版，20册礼品装）,美国世界图书出版公司,2018-04-01,广西科学技术出版社,4116条评论
70.,http://product.dangdang.com/25270777.html,给孩子的身体书（给5―15岁孩子的第一本生理“教科书”）,霍华德・本内特,2018-05-01,北京联合出版有限公司,23993条评论
71.,http://product.dangdang.com/23408306.html,十万个为什么（小学生彩绘版）,蜗牛爸爸,2014-01-01,煤炭工业出版社,69799条评论
72.,http://product.dangdang.com/25106461.html,DK儿童海洋百科全书（2018年全新修订版）,英国DK公司,2017-06-01,中国大百科全书出版社,25568条评论
73.,http://product.dangdang.com/23480681.html,尖端科学（第一、二辑合集，套装共24册）,小多,2014-06-01,广西教育出版社,12268条评论
74.,http://product.dangdang.com/23801415.html,DK儿童奇趣百科全书 这不可能是真的！,英国DK公司,2015-10-01,中国大百科全书出版社,55694条评论
75.,http://product.dangdang.com/23494669.html,了解我自己系列（我的身体我知道＋我的情绪我控制）,戴尔芬・果达尔,2014-07-01,山东科学技术出版社,32469条评论
76.,http://product.dangdang.com/23693405.html,我的第一本探索图册套装（共2册）,Publishing,2015-04-01,江西高校出版社,23544条评论
77.,http://product.dangdang.com/25260378.html,写给中国儿童的昆虫记（全6册）,亨利・法布尔,2018-05-01,长江少年儿童出版社,8509条评论
78.,http://product.dangdang.com/23957431.html,皮皮鲁送你100条命儿童安全百科（精编版）（套装共6册）,郑渊洁,2016-05-31,浙江少年儿童出版社,18442条评论
79.,http://product.dangdang.com/25236672.html,顽皮博士的科学实验（全10册）,板仓圣宣,2018-02-01,长江少年儿童出版社,4421条评论
80.,http://product.dangdang.com/25288719.html,DK万物透视图解百科（2018年新版）,Dorling,2018-05-01,电子工业出版社,27818条评论
81.,http://product.dangdang.com/25188981.html,安野光雅“美丽的数学”系列 （共5册）,安野光雅,2017-11-01,九州出版社,63754条评论
82.,http://product.dangdang.com/21099374.html,德国少年儿童百科知识全书：什么是什么全辑（平装全120册）,雷纳・科特,2011-06-07,湖北教育出版社,6247条评论
83.,http://product.dangdang.com/25288046.html,我的第一套拉鲁斯百变互动小百科（套装3册）,索菲・德穆兰海姆,2018-05-01,中信出版社,5529条评论
84.,http://product.dangdang.com/25352515.html,孩子看的编程启蒙书（全4册）,松田孝,2018-09-01,青岛出版社,16863条评论
85.,http://product.dangdang.com/25347239.html,世界：我们的历史（手绘精装4册） 美国国家图书奖得主、世界科普图书殿堂级奖项“安万特科学图书奖”入围作者最新力作，国际历史教育学会专家权威审定,约翰・范登,2018-09-19,民主与建设出版社,4821条评论
86.,http://product.dangdang.com/23675849.html,我们，我们的历史（给孩子的人类简史绘本）,伊万・波莫,2015-05-01,光明日报出版社,85967条评论
87.,http://product.dangdang.com/25063169.html,爱因斯坦传・天才的一生（插图典藏版，《史蒂夫・乔布斯传》作者超越经典力作）,沃尔特・艾萨克森,2017-04-30,湖南少年儿童出版社,13153条评论
88.,http://product.dangdang.com/23956340.html,DK学前儿童为什么小百科,英国DK公司,2016-04-01,中国大百科全书出版社,36967条评论
89.,http://product.dangdang.com/24182607.html,加古里子自然大图鉴（全8册）,加古里子,2017-04-20,长江少年儿童出版社,13570条评论
90.,http://product.dangdang.com/25063054.html,去旅行 (人文地理百科书，法国教育部推荐！),阿梅莉・卡斯唐,2017-04-30,广西科学技术出版社,55364条评论
91.,http://product.dangdang.com/25350855.html,去旅行系列（中国版）2018年度最值得期待的原创作品,去旅行,2018-11-01,广西科学技术出版社,17192条评论
92.,http://product.dangdang.com/23622887.html,希利尔写给儿童的世界历史、世界地理和艺术史（全三册）,V.M.希利尔,2015-02-28,东方出版社,19874条评论
93.,http://product.dangdang.com/25224832.html,尤斯伯恩看里面 时间・度量衡篇,英国尤斯伯恩出版公司,2018-03-01,接力出版社,7859条评论
94.,http://product.dangdang.com/20910285.html,森林报系列 彩色版（全4册）,比安基,2010-05-01,２１世纪出版社,58385条评论
95.,http://product.dangdang.com/25119317.html,小牛顿科学馆：全新升级版 （梦想红，30册礼品装）,台湾牛顿出版股份有限公司,2017-07-01,接力出版社,4490条评论
96.,http://product.dangdang.com/23638052.html,身边的科学,小石新八,2014-05-01,水利水电出版社,73807条评论
97.,http://product.dangdang.com/24012710.html,DK儿童人类历史百科全书（第2版）,英国DK公司,2016-07-01,中国大百科全书出版社,25588条评论
98.,http://product.dangdang.com/25184104.html,《不可思议的发明》手绘科普绘本,玛乌戈热塔・梅切尔斯卡,2017-11-20,贵州人民出版社,17130条评论
99.,http://product.dangdang.com/25287753.html,哲学鸟飞罗（全10册，新版）,碧姬・拉贝,2018-05-30,接力出版社,26402条评论
100.,http://product.dangdang.com/23644139.html,DK儿童地理百科全书（2018年全新修订版）,英国DK公司,2014-12-10,中国大百科全书出版社,37410条评论
101.,http://product.dangdang.com/25297321.html,耕林童书馆：好多好多的交通工具,安妮,2018-07-01,江苏凤凰少年儿童出版社,53555条评论
102.,http://product.dangdang.com/25233501.html,城市是怎样运转的（孤独星球童书系列）,江苏凤凰少年儿童出版社,2018-02-28,接力出版社,5618条评论
103.,http://product.dangdang.com/20970893.html,美国国家地理少儿版百科（平装版）,费罗兹,2010-12-01,浙江少年儿童出版社,148579条评论
104.,http://product.dangdang.com/23380551.html,生命价值（第一、二辑合集，套装共24册）,接力出版社,2013-12-01,琴琪娅・伯恩奇,16665条评论
105.,http://product.dangdang.com/25168904.html,从小看世界：意大利奇趣儿童百科（全10册）,美国国家地理学会,2017-11-01,丹・格林,2851条评论
106.,http://product.dangdang.com/23801428.html,世界上最酷最酷的科学书（大字版，全19册）,浙江少年儿童出版社,2015-10-30,艾莱奥诺拉・巴尔索蒂,6346条评论
107.,http://product.dangdang.com/25152477.html,时空隧道：给孩子看的手绘历史百科全书（套装6册）,小多,2017-08-01,李毓佩,14525条评论
108.,http://product.dangdang.com/21091365.html,中国科普名家名作・数学故事专辑(典藏版）5册/套,琴琪娅・伯恩奇,2011-06-01,Felicia,40505条评论
109.,http://product.dangdang.com/23988922.html,给儿童的物理科学书,中国宇航出版社,2016-07-01,台湾亲亲文化事业有限公司,25349条评论
110.,http://product.dangdang.com/23677352.html,亲亲自然（第二季，共40册）,丹・格林,2015-05-11,布丽塔・泰肯特鲁普,5441条评论
111.,http://product.dangdang.com/25178208.html,天气（“诗情画意”的气象知识百科绘本，用诗意语言和优美绘画表述天气如何形成和对我们生活的影响，博洛尼亚国际童书展至佳童书。）,湖南少年儿童出版社,2017-10-20,安娜・菲斯克,12594条评论
112.,http://product.dangdang.com/23947171.html,你好！世界（共5册）培养专注力、思考力和想象力的亲子互动绘本,艾莱奥诺拉・巴尔索蒂,2016-05-01,诺贝特・戈卢赫,42964条评论
113.,http://product.dangdang.com/24026010.html,德国经典全景小百科（套装10本）,化学工业出版社,2016-10-01,梦幻龟,7978条评论
114.,http://product.dangdang.com/25220511.html,恐龙全知道 （礼盒装共13册）,李毓佩,2018-01-01,塞巴斯蒂安・C.亚当斯,3797条评论
115.,http://product.dangdang.com/20965167.html,世界历史长卷：手绘年表（6米全彩手绘长卷，一座浓缩的历史博物馆）,中国少年儿童出版社,2017-07-01,卢嘉锡,4505条评论
116.,http://product.dangdang.com/23228202.html,十万个为什么（纪念珍藏版，全12册）,Felicia,2013-04-17,塔蒂娜・马蒂,26406条评论
117.,http://product.dangdang.com/25294193.html,中国第一套幼儿生活百科：什么是什么低幼版（全18册）,电子工业出版社,2018-07-01,苏尔,30336条评论
118.,http://product.dangdang.com/21108845.html,我的成长书（全35册）,台湾亲亲文化事业有限公司,2016-07-01,大井喜久夫,27403条评论
119.,http://product.dangdang.com/23982048.html,力学原来这么有趣―― 一本拿起就放不下的力学启蒙书,福建少年儿童出版社,2016-07-01,,33671条评论

121.,http://product.dangdang.com/24178773.html,博物馆里的中国（10册）,宋新潮,2016-09-01,新蕾出版社,6322条评论
122.,http://product.dangdang.com/25156490.html,我的极致艺术系列（套装共2册，含《想象力》《奇幻岛》两本书）,诺曼・梅辛杰,2016-11-01,接力出版社,11738条评论
123.,http://product.dangdang.com/23465990.html,小牛顿科学馆续集第1辑（共6册）,台湾牛顿出版公司,2014-05-01,贵州教育出版社,24264条评论
124.,http://product.dangdang.com/25169939.html,给孩子的自然图鉴（全2册）,沈兆媛,2017-10-31,中信出版社,7023条评论
125.,http://product.dangdang.com/25270038.html,企鹅冰书：哪里才是我的家？,金皆�f,2018-05-01,湖南少年儿童出版社,5126条评论
126.,http://product.dangdang.com/25295023.html,我为科学狂全辑（套装共16册）（经典科学、自然发现、身边科学、万物奥秘）,辛迪・布洛鲍姆,2018-05-01,云南出版集团公司 晨光出版社,1487条评论
127.,http://product.dangdang.com/23961834.html,宝宝的量子物理学绘本(中英双语)(套装共6册),Chris,2016-04-06,中国科学技术大学出版社,10253条评论
128.,http://product.dangdang.com/23447296.html,哇！科学好简单・手绘学科版（全9册）,安娜,2014-04-01,广西科学技术出版社,39127条评论
129.,http://product.dangdang.com/23381653.html,你好！哲学 最亲切的儿童思想启蒙图画书（全30册）,幼教博士专家团队,2013-11-01,湖北少儿出版社,10867条评论
130.,http://product.dangdang.com/25160873.html,奇先生妙小姐・冒险科普绘本(8册）,罗杰・哈格里维斯,2017-09-15,人民邮电出版社,8194条评论
131.,http://product.dangdang.com/25346721.html,可怕的科学精选套装（盒子）,卡佳坦・波斯基特,2010-01-01,北京少年儿童出版社,31501条评论
132.,http://product.dangdang.com/24020759.html,数学星球（让孩子爱上数学的趣味绘本）,卡莉娜・卢瓦尔,2016-08-24,中国人口出版社,41960条评论
133.,http://product.dangdang.com/23506925.html,DK儿童动物百科全书（2018年全新修订版）,英国DK公司,2014-05-01,中国大百科全书出版社,21008条评论
134.,http://product.dangdang.com/25196133.html,发明（人文科普立体书，富有创意的手工设计，动手体验科学的神奇）,阿克塞拉.多普莱AxelleDoppelet,2017-09-01,江苏少年儿童出版社,4740条评论
135.,http://product.dangdang.com/25279841.html,手绘中国地理地图：儿童百科版绘本+带孩子发现最美中国手绘地图+带孩子读懂中国自然与人文地理手绘地图,北斗童书,2018-05-01,山东省地图出版社,5963条评论
136.,http://product.dangdang.com/25272687.html,远行：生命不可思议的旅程（2018“中国童书榜”百佳童书奖！英国Quarto集团年度重磅，版权售出近10国）,劳拉・诺里斯,2018-06-01,民主与建设出版社,5003条评论
137.,http://product.dangdang.com/20883780.html,自然图鉴（全5册）,松冈达英,2010-08-01,贵州人民出版社,43664条评论
138.,http://product.dangdang.com/23810452.html,DK汽车大百科,英国DK出版社,2015-12-01,北京科学技术出版社,14014条评论
139.,http://product.dangdang.com/25064230.html,贪玩的人类 : 写给孩子的科学史 （插图精装版）,老多,2017-04-30,湖南少年儿童出版社,16959条评论
140.,http://product.dangdang.com/25296526.html,图解世界：宇宙+科学+食物的100件事儿（套装3册）,亚历克斯・弗里斯,2018-06-01,中信出版社,4968条评论
141.,http://product.dangdang.com/25183612.html,时间之书（全3册）,藤泽健太,2017-11-01,湖南少年儿童出版社,6059条评论
142.,http://product.dangdang.com/23325953.html,穿越报（套装全10册）,彭凡,2014-04-01,化学工业出版社,12967条评论
143.,http://product.dangdang.com/22843089.html,玩科学！我的科学实验宝盒精致版（全套32个实验）,URI科学编委会,2015-11-01,长江少年儿童出版社,20908条评论
144.,http://product.dangdang.com/25198473.html,神秘日志12本全套装,谢梓妍,2017-12-01,贵州教育出版社,505条评论
145.,http://product.dangdang.com/23207642.html,从小爱科学・小口袋大世界（全40册）,娜塔莉托扎曼,2013-03-01,湖南少儿出版社,17063条评论
146.,http://product.dangdang.com/25158915.html,大自然会说话（全3册）,艾莉森・福尔门托,2017-08-01,敦煌文艺出版社,7214条评论
147.,http://product.dangdang.com/23930874.html,恐龙,邓华斯,2011-04-01,未来出版社,27749条评论
148.,http://product.dangdang.com/23196782.html,可怕的科学-爱上小学数学（6册),卡佳坦・波斯基特,2012-03-01,北京少年儿童出版社,37215条评论
149.,http://product.dangdang.com/20569026.html,彩图版李毓佩数学故事系列（全7册）,李毓佩,2009-03-01,湖北少儿出版社,37636条评论
150.,http://product.dangdang.com/23367924.html,中国历史地图绘本,中国历史地图绘本,2013-10-01,中国大百科全书出版社,49291条评论
151.,http://product.dangdang.com/25201857.html,给孩子的自然简史,希瑟・亚历山大,2018-01-01,北京联合出版有限公司,9606条评论
152.,http://product.dangdang.com/25097773.html,亲亲科学图书馆（礼盒装?全40册）,史黛芬妮,2017-06-01,安徽教育出版社,3052条评论
153.,http://product.dangdang.com/25344877.html,我的第一套自然认知书（第一辑，全20册）,何佳芬,2018-08-01,贵州教育出版社,3367条评论
154.,http://product.dangdang.com/25211890.html,乐乐趣揭秘翻翻书系列（全4册）,阿妮塔・盖恩瑞,2018-01-01,未来出版社,18116条评论
155.,http://product.dangdang.com/20835777.html,希利尔讲世界史,希利尔,2010-04-01,贵州教育出版社,33003条评论
156.,http://product.dangdang.com/25247648.html,看世界（400张图看世界史，打通学科边界，为孩子开启博大、宏远的世界历史之窗）,安娜・乔纳斯,2018-04-03,上海文化出版社,11536条评论
157.,http://product.dangdang.com/25098139.html,了解我自己系列（身体+情绪+性教育+家庭+健康）,戴尔芬・果达尔,2017-09-04,山东科学技术出版社,2176条评论
158.,http://product.dangdang.com/25211889.html,乐乐趣揭秘翻翻书系列-揭秘海洋,阿妮塔・盖恩瑞,2018-01-01,未来出版社,69557条评论
159.,http://product.dangdang.com/22787829.html,尖端科学・第一辑（全12册）,小多,2012-02-01,广西教育出版社,22278条评论
160.,http://product.dangdang.com/25329034.html,北斗儿童星座地球仪+点亮夜空的星星（一个地球仪，一本书，多种用途，专为学生量身打造）,北斗地球仪公司,2018-09-01,山东省地图出版社,1825条评论
161.,http://product.dangdang.com/25171479.html,DK幼儿百科全书 我的第一套头脑体操书,英国DK公司,2017-06-01,中国大百科全书出版社,3938条评论
162.,http://product.dangdang.com/25327139.html,DK玩出来的百科：动手玩转数学套装（共三册）,DK公司,2018-01-01,国家开放大学出版社,11420条评论
163.,http://product.dangdang.com/25207193.html,身边的科学（套装共两册）,儿童俱乐部,2017-12-01,水利水电出版社,7087条评论
164.,http://product.dangdang.com/23679520.html,郑渊洁性教育书：你从哪里来，我的朋友（平装）,郑渊洁,2015-04-01,天津人民出版社,40305条评论
165.,http://product.dangdang.com/22613891.html,世界五千年（最新版，上、下册）,沈宪旦,2012-01-01,少年儿童出版社,25202条评论
166.,http://product.dangdang.com/25162846.html,男孩的冒险书（新全彩典藏版）,康恩・伊古尔登,2013-10-23,广西科学技术出版社,65307条评论
167.,http://product.dangdang.com/23317525.html,十万个为什么 第六版(共18册  热点卷、基础卷、专题卷),韩启德,2013-08-01,少年儿童出版社,3808条评论
168.,http://product.dangdang.com/23903902.html,DK趣味百科：令人惊讶的科学事实（全6册）套装,英国DK公司,2016-03-01,新世纪出版社,5336条评论
169.,http://product.dangdang.com/22787830.html,生命价值・第一辑（全12册）,小多,2012-02-01,广西教育出版社,22017条评论
170.,http://product.dangdang.com/25206506.html,给孩子的自然图鉴：植物图鉴,沈兆媛,2018-01-24,中信出版社,5328条评论
171.,http://product.dangdang.com/23917125.html,趣味科普立体书-奇趣大课堂系列,汤姆・亚当斯,2016-01-01,未来出版社,5845条评论
172.,http://product.dangdang.com/25182176.html,游戏中的科学（2017年修订版）,汉斯・尤尔根・普雷斯,2017-11-01,山西人民出版社发行部,24951条评论
173.,http://product.dangdang.com/23946163.html,各种各样系列（全6册）,艾玛・戴蒙,2013-03-01,未来出版社,5746条评论
174.,http://product.dangdang.com/20040506.html,森林报（春、夏、秋、冬 全四册）,比安基,2007-10-01,二十一世纪出版社,93366条评论
175.,http://product.dangdang.com/25148884.html,去旅行2 (人文地理百科书，法国教育部推荐！),米莉・卡布罗尔,2017-09-13,广西科学技术出版社,14397条评论
176.,http://product.dangdang.com/25223860.html,万物小历史（英国自然历史博物馆专家监制，入选英国4-7岁儿童推荐书目）,凯瑟琳・巴尔,2018-02-01,广西科学技术出版社,4489条评论
177.,http://product.dangdang.com/25066911.html,小学版・玩科学！我的科学实验宝箱,科学教育研究所,2017-04-01,长江少年儿童出版社,1712条评论
178.,http://product.dangdang.com/25337539.html,地理星球：马可波罗游记（给孩子的第一本地理启蒙书，为孩子架构整体的历史地理观，培养孩子的国际视野）,安科・杜尔察普夫,2018-09-05,民主与建设出版社,6713条评论
179.,http://product.dangdang.com/23961805.html,DK儿童科学百科全书（2018年全新修订版）,英国DK公司,2016-05-01,中国大百科全书出版社,13412条评论
180.,http://product.dangdang.com/24207984.html,DK青少年博学大百科（精装全三册）,英国DK公司,2017-01-01,电子工业出版社,2975条评论
181.,http://product.dangdang.com/24198366.html,生命的奇迹(套装共8册）,须田研司,2017-04-01,中国人口出版社,9223条评论
182.,http://product.dangdang.com/25262186.html,我为科学狂：经典科学探索（套装共4册---电、重力、简单机械、飞行）,玛克辛・安德森,2018-03-30,云南出版集团公司 晨光出版社,3214条评论
183.,http://product.dangdang.com/25280223.html,说给儿童的中国历史（全9册）,陈卫平,2018-06-01,湖南少年儿童出版社,6369条评论
184.,http://product.dangdang.com/25206649.html,DK星空百科――宇宙和星座的秘密,英国DK出版社,2017-12-01,北京科学技术出版社,4427条评论
185.,http://product.dangdang.com/25314594.html,全景世界史（全五卷）,羽田正,2018-07-30,复旦大学出版社,1610条评论
186.,http://product.dangdang.com/20831010.html,林汉达中国历史故事集（美绘版）（5册/套）,林汉达,2008-05-01,中国少年儿童出版社,40314条评论
187.,http://product.dangdang.com/25084270.html,点亮自然,瑞秋・威廉姆斯,2017-06-01,中信出版社,10282条评论
188.,http://product.dangdang.com/20835778.html,希利尔讲世界地理,希利尔,2010-04-01,贵州教育出版社,40328条评论
189.,http://product.dangdang.com/23814725.html,《穿越报》（第二辑：帝王卷）（套装共10册）,彭凡,2016-01-01,化学工业出版社,6283条评论
190.,http://product.dangdang.com/23460481.html,DK儿童人体百科全书（2018年全新修订版）,郑伯承,2014-03-01,中国大百科全书出版社,20553条评论
191.,http://product.dangdang.com/25305869.html,“你知道吗？”――你一定超级想知道的奇趣知识小百科系列（套装全9册）,劳拉・林・迪桑娜,2018-05-01,中信出版社,2087条评论
192.,http://product.dangdang.com/25153231.html,从小爱科学・数学物理大礼盒（全36册）,章科佳,2017-07-31,湖南少年儿童出版社,2567条评论
193.,http://product.dangdang.com/24175646.html,我们的太空,帕斯卡・艾德兰,2016-09-01,未来出版社,6367条评论
194.,http://product.dangdang.com/23779734.html,我家门外的自然课（庭院里的花+路边的野花+美味的果实+田间的蔬菜）,南妍汀,2016-03-01,中信出版社,11618条评论
195.,http://product.dangdang.com/25266181.html,了不起的生命密码 (全4册，有关生命科学的深度科普读物),帕特里克・博伊尔勒,2018-05-10,海豚出版社,4261条评论
196.,http://product.dangdang.com/25287775.html,自然图鉴（全5册）,松冈达英,2010-08-01,贵州人民出版社,47742条评论
197.,http://product.dangdang.com/25064757.html,墙书系列（五册套装，含“地球通史/莎士比亚通史/自然通史/竞技通史/科技通史”）,克里斯托弗・劳埃德,2017-05-01,江苏凤凰少年儿童出版社,2895条评论
198.,http://product.dangdang.com/25243557.html,神秘日志精华版礼盒装（全7册）,克林特・特威斯特,2018-03-01,北京日报出版社（原同心出版社）,820条评论
199.,http://product.dangdang.com/25167931.html,DK儿童目击者・第1级（全20册精装）,英国DK公司,2015-09-01,中国大百科全书出版社,1977条评论
200.,http://product.dangdang.com/25247244.html,身边的科学真好玩(全四辑)(套装共30册),吉姆,2018-03-15,安徽科学技术出版社,4160条评论
201.,http://product.dangdang.com/23724428.html,自然科学童话（全12册）,李尚培,2015-07-01,九州出版社,8349条评论
202.,http://product.dangdang.com/23946218.html,小手电大探秘（套装共4册）,布莱特,2016-02-01,河北少年儿童出版社,4616条评论
203.,http://product.dangdang.com/23425103.html,我的第一本美国国家地理百科 注音版（共4册）,美国国家地理学会,2014-01-01,浙江少年儿童出版社,13167条评论
204.,http://product.dangdang.com/23696875.html,你好！数学・最亲切的数学概念启蒙图画书精编版（第1阶段）,郑熙龙,2015-05-01,长江少年儿童出版社,3687条评论
205.,http://product.dangdang.com/24040316.html,彼得小铁路・科普故事书（全5册）,克里斯多弗・瓦恩,2016-10-09,贵州人民出版社,3798条评论
206.,http://product.dangdang.com/25108273.html,世界恐龙地图,土屋健,2017-06-01,山东省地图出版社,10402条评论
207.,http://product.dangdang.com/25079048.html,地图：精装手绘全彩地图书/中国历史+中国地理+世界历史+世界地理 儿童百科 绘本 人文版（套装共4册）,李继勇,2017-05-01,民主与建设出版社,5415条评论
208.,http://product.dangdang.com/23810418.html,雪岗中国历史故事集（珍藏版）,雪岗,2015-09-01,中国少年儿童出版社,24306条评论
209.,http://product.dangdang.com/23629687.html,世界恐龙大百科,董枝明,2015-01-01,化学工业出版社,8981条评论
210.,http://product.dangdang.com/25302900.html,汽车绘本简史：小车迷的图鉴宝典,乌克兰,2018-06-30,江苏凤凰美术出版社,3567条评论
211.,http://product.dangdang.com/24102521.html,亲亲自然（全11册）,久保秀一,2016-11-01,希望出版社,7610条评论
212.,http://product.dangdang.com/25350578.html,给孩子的世界说明书,汤姆・斯汉普,2018-10-01,中信出版社,4473条评论
213.,http://product.dangdang.com/22510281.html,铃木守的鸟世界（全4册）,铃木守,2011-10-01,贵州人民出版社,23049条评论
214.,http://product.dangdang.com/25278308.html,让孩子爱上科学的趣味游戏大百科,秋山仁,2018-06-01,浙江少年儿童出版社,3805条评论
215.,http://product.dangdang.com/25200125.html,法布尔昆虫记彩绘本（全10册）,法布尔,2018-01-01,中国妇女出版社,2402条评论
216.,http://product.dangdang.com/23515402.html,宇宙简史（精装版）,斯蒂芬霍金,2014-06-01,湖南少儿出版社,48276条评论
217.,http://product.dangdang.com/25298549.html,耕林童书馆：好忙好忙的大工地,安妮,2018-07-01,江苏凤凰少年儿童出版社,13890条评论
218.,http://product.dangdang.com/22590422.html,(新版)上下五千年(上、中、下),林汉达,2012-01-01,少年儿童出版社,43188条评论
219.,http://product.dangdang.com/23349408.html,大英儿童百科全书 精装珍藏礼盒版 （全8册）,不列颠百科,2013-09-01,湖南少儿出版社,4037条评论
220.,http://product.dangdang.com/25275580.html,海陆空GO！GO！GO！：德国经典交通工具科普绘本系列,尼可拉斯・鲍尔,2018-06-01,中信出版社,1872条评论
221.,http://product.dangdang.com/24187503.html,我的野生动物朋友（全12册）,劳伦斯・普林格,2017-03-01,中国青年出版社,3928条评论
222.,http://product.dangdang.com/24032500.html,DK儿童穿越时空的旅行（全4册精装8开）,英国DK公司,2016-05-01,中国大百科全书出版社,9850条评论
223.,http://product.dangdang.com/22762493.html,写给小学生看的相对论（全4册,福江纯,2012-05-01,北京科学技术出版社,15475条评论
224.,http://product.dangdang.com/23412280.html,物种起源:少儿彩绘版(少儿万有经典文库 ),苗德岁,2014-01-01,接力出版社,38803条评论
225.,http://product.dangdang.com/23338649.html,中华上下五千年（一至四 共4册）彩绘注音版,李燕,2013-08-01,２１世纪出版社,31532条评论
226.,http://product.dangdang.com/22733513.html,有趣的数学旅行,金容国,2015-05-01,九州出版社,13797条评论
227.,http://product.dangdang.com/23752067.html,DK儿童兴趣百科全书 第二次世界大战,英国DK公司,2015-08-01,中国大百科全书出版社,17028条评论
228.,http://product.dangdang.com/25243628.html,《万物简史》（少儿彩绘版）：第二版   ★为万物写史，为宇宙立传。畅销千万册的现代科普经典，科学从未如此引人入胜，我们所居住的世界也从未如此充满惊奇和美妙。,比尔・布莱森,2018-04-01,接力出版社,54028条评论
229.,http://product.dangdang.com/24137055.html,搞怪科学书（全5册）,吉罗,2016-12-30,中信出版社,23610条评论
230.,http://product.dangdang.com/25272803.html,暖萌科学绘本 幼儿小百科（套装12册全）,张玉光,2018-06-01,北京联合出版有限公司,3243条评论
231.,http://product.dangdang.com/25310401.html,游世界（赠送放大镜！人文地理历史百科知识读本，约900个知识点，28幅手绘图连接成3.78米长双面8开大幅画卷）,尼科拉・库哈尔斯卡,2018-08-03,贵州人民出版社,4136条评论
232.,http://product.dangdang.com/25351878.html,DK科学发现大百科+DK万物运转的秘密,David,2018-09-29,电子工业出版社,116151条评论
233.,http://product.dangdang.com/24034434.html,中国少年儿童百科全书(全套共10册),贺晓兴,2016-09-15,中国大百科全书出版社,3168条评论
234.,http://product.dangdang.com/24050000.html,美国小学生经典数学游戏(套装共6册）,美国Highlights出版社,2016-10-01,河北少年儿童出版社,6842条评论
235.,http://product.dangdang.com/23687852.html,写给孩子的趣味图解中华上下五千年（全4册）,木头人儿童创想中心,2015-05-01,煤炭工业出版社,23887条评论
236.,http://product.dangdang.com/24195544.html,《看里面系列》（第4+5+6辑看里面大合集）,艾米丽・邦,2016-08-01,未来出版社,4490条评论
237.,http://product.dangdang.com/25148771.html,DK儿童自然环境百科全书（2018年全新修订版）,英国DK公司,2017-07-31,中国大百科全书出版社,4804条评论
238.,http://product.dangdang.com/23888439.html,DK狂野地球（精装版）,DK出版公司,2016-01-01,电子工业出版社,5451条评论
239.,http://product.dangdang.com/25313325.html,时间线：创意亲子特别版（套装2册：20米超长经折装+互动游戏书）,彼得・胡斯,2018-08-01,中信出版社,15646条评论
240.,http://product.dangdang.com/25108627.html,少年时新知大讲堂 前沿科学系列（全10册）,小多,2017-06-01,天地出版社,4532条评论
241.,http://product.dangdang.com/25141345.html,DK儿童百科超级大书（全4册）,英国DK公司,2017-07-31,湖南少年儿童出版社,3707条评论
242.,http://product.dangdang.com/25321460.html,机械运转的秘密+万物运转的秘密,David,2018-09-03,电子工业出版社,159276条评论
243.,http://product.dangdang.com/23664385.html,全世界孩子最喜爱的大师趣味科学丛书(套装全6册),雅科夫・伊西达洛维奇・别莱利曼,2014-04-01,中国妇女出版社,5393条评论
244.,http://product.dangdang.com/25174580.html,大自然的珍贵礼物（精装，集合世界各地的“珍贵宝藏”，囊括几十个与植物有关的趣味小实验或特色食谱）,苏珊娜・莉娅,2017-10-01,河北少年儿童出版社,6909条评论
245.,http://product.dangdang.com/24035714.html,“科学帮帮忙”系列（16册盒装）,戴尔芬・葛林堡,2016-08-01,新蕾出版社,3070条评论
246.,http://product.dangdang.com/23578095.html,水先生的奇妙之旅科学图画书系（全8册）,奥古斯汀,2014-10-01,海燕出版社,12483条评论
247.,http://product.dangdang.com/23808474.html,DK目击者 经典科普阅读百科 第1・2・3辑 珍藏版（共30册）,理查德普拉特,2015-12-01,电子工业出版社,1623条评论
248.,http://product.dangdang.com/23983192.html,十万个为什么：幼儿版（套装全四册）,智慧帽儿童潜能开发中心,2016-06-01,北京日报出版社（原同心出版社）,15578条评论
249.,http://product.dangdang.com/23980636.html,UTOP权威探秘百科・超值礼盒装（套装共8册）,贝弗莉・麦克米伦,2016-07-01,云南出版集团公司 晨光出版社,2078条评论
250.,http://product.dangdang.com/25183508.html,看万物（博洛尼亚童书金奖、文津奖获奖作者重磅新书，含24节气精美手账本）,伊莎贝尔・米尼奥丝・马丁斯,2017-11-01,广西科学技术出版社,5376条评论
251.,http://product.dangdang.com/25250857.html,动物王国大探秘（第1辑）全4册,茱莉亚・布鲁斯文,2018-05-01,上海文化出版社,47214条评论
252.,http://product.dangdang.com/25224829.html,尤斯伯恩看里面 揭秘时间,英国尤斯伯恩出版公司,2018-02-01,接力出版社,5221条评论
253.,http://product.dangdang.com/25141975.html,看里面低幼版 第4辑（全4册）,阿比盖尔・惠特利,2017-06-01,未来出版社,1953条评论
254.,http://product.dangdang.com/23976411.html,十万个为什么小学精选本（第六版・小学版）,韩启德,2016-04-01,少年儿童出版社,11429条评论
255.,http://product.dangdang.com/25335805.html,DK全新儿童大百科：一本解读万物的儿童百科全书（2018年新版）,英国DK公司,2018-10-01,北京联合出版有限公司,6556条评论
256.,http://product.dangdang.com/25195287.html,河流（精美人文地理科普绘本，获爱丽丝绘本奖，超大横开本，扫描听音频游遍16条世界著名河流，当当独家附赠精美明信片一套）,Aurelia,2017-10-01,电子工业出版社,6690条评论
257.,http://product.dangdang.com/24005750.html,趣味科普立体书-探索世界系列（全5册）,泰普乐,2012-08-01,未来出版社,1991条评论
258.,http://product.dangdang.com/23689301.html,不列颠少儿百科全书 平装版 礼盒（共4册）,不列颠百科全书公司,2015-05-01,浙江少年儿童出版社,5369条评论
259.,http://product.dangdang.com/25184656.html,101个神奇的实验：全2册,安提亚・赛安,2017-11-01,长江少年儿童出版社,8803条评论
260.,http://product.dangdang.com/20789255.html,看里面系列第一辑,埃里克斯・弗利斯,2009-07-01,未来出版社,23933条评论
261.,http://product.dangdang.com/25194756.html,太空,戴维・杰弗里斯,2017-12-10,湖南少年儿童出版社,5752条评论
262.,http://product.dangdang.com/23662426.html,可怕的科学《玩转小学科学》（13本/套）,阿诺德,2013-01-01,北京少年儿童出版社,9238条评论
263.,http://product.dangdang.com/25309560.html,和孩子一起读的艺术史,迈克尔・伯德,2018-07-01,北京联合出版有限公司,2649条评论
264.,http://product.dangdang.com/23611700.html,生命价值・第三辑（全12册）,小多,2014-12-15,广西教育出版社,4086条评论
265.,http://product.dangdang.com/23922105.html,中国儿童数学百科全书,中国儿童数学百科全书,2016-02-01,中国大百科全书出版社,9475条评论
266.,http://product.dangdang.com/25277597.html,DK儿童足球百科,英国DK公司,2018-05-31,中国大百科全书出版社,3935条评论
267.,http://product.dangdang.com/24044832.html,耕林童书馆 地球通史 （ 让历史不在枯燥的学习方法）墙书系列,克里斯托弗・劳埃德,2016-11-01,江苏凤凰少年儿童出版社,15981条评论
268.,http://product.dangdang.com/23327728.html,有趣的科学（平装全9册）,哈蒙德,2013-01-01,科学普及出版社,9997条评论
269.,http://product.dangdang.com/25282176.html,去探险（1500多幅插图，一本认识、探索、尊重自然的实用百科手册）,Anastasia,2018-07-19,电子工业出版社,2693条评论
270.,http://product.dangdang.com/22892935.html,科学改变人类生活的119个伟大瞬间,路甬祥,2012-11-01,浙江少年儿童出版社,27953条评论
271.,http://product.dangdang.com/25304186.html,DK人体大百科,Alice,2018-07-11,电子工业出版社,1784条评论
272.,http://product.dangdang.com/25266580.html,生命的故事（第1辑+第2辑+第3辑）（修订版）（共30册）,新开孝,2018-05-01,安徽教育出版社,1134条评论
273.,http://product.dangdang.com/25218302.html,《极地重生》沙克尔顿南极史诗之旅,威廉・格利尔,2018-01-01,长江少年儿童出版社,30502条评论
274.,http://product.dangdang.com/25346720.html,可怕的科学 （经典数学系列）（盒子）,卡佳坦�q波斯基特,2010-01-01,北京少年儿童出版社,1629条评论
275.,http://product.dangdang.com/25213741.html,看里面系列第2辑（全4册）,卡蒂・戴恩斯,2010-08-01,未来出版社,5098条评论
276.,http://product.dangdang.com/25283616.html,东方少儿性教育（进阶版）：不做小屁孩,劳拉・马尼,2018-06-10,民主与建设出版社,2614条评论
277.,http://product.dangdang.com/24227652.html,有趣的科学（10本套装）(平),英国DK出版社,2017-03-01,HarperCollins UK,1947条评论
278.,http://product.dangdang.com/24168523.html,趣味科普立体书大合集（全10册）,帕特・雅各布斯,2016-12-01,未来出版社,3040条评论
279.,http://product.dangdang.com/25334009.html,STEAM科学了不起,罗布・贝迪,2018-09-01,新星出版社,4962条评论
280.,http://product.dangdang.com/23964347.html,太空,彼得邦德,2011-03-01,未来出版社,19264条评论
281.,http://product.dangdang.com/22462340.html,有趣的科学（平装共8册）,温斯顿,2013-05-01,科学普及出版社,12542条评论
282.,http://product.dangdang.com/24196959.html,化学变！变！变！：变身のなぞ ,科学普及出版社,2017-05-01,江西人民出版社,5284条评论
283.,http://product.dangdang.com/23418530.html,万物简史+物种起源：少儿彩绘版,原田佐和子,2014-01-01,接力出版社,14579条评论
284.,http://product.dangdang.com/25080908.html,DK科学怪人―― 弗兰肯斯坦博士的人体笔记,江西人民出版社,2017-03-01,中国大百科全书出版社,2804条评论
285.,http://product.dangdang.com/25297320.html,耕林童书馆：城市运转的秘密,布莱森,2018-07-01,江苏凤凰少年儿童出版社,3613条评论
286.,http://product.dangdang.com/20588965.html,德国少年儿童百科知识全书：什么是什么套装1（平装全20册）,接力出版社,2009-06-01,湖北教育出版社,14216条评论
287.,http://product.dangdang.com/25098884.html,DK儿童迷你百科全书,英国DK公司,2017-05-01,中国大百科全书出版社,1938条评论
288.,http://product.dangdang.com/23964237.html,德国手绘儿童百科全书,中国大百科全书出版社,2016-05-01,江西高校出版社,19462条评论
289.,http://product.dangdang.com/25066487.html,李毓佩数学童话总动员 低年级版（共4册）几何时空历险记/爱数王国大战猫人部落/智斗红孩儿/数学小司令,安妮,2017-04-01,二十一世纪出版社,6682条评论
290.,http://product.dangdang.com/25308136.html,第一次发现丛书 透视眼系列 认知启蒙胶片书（共12册）,江苏凤凰少年儿童出版社,2018-07-01,接力出版社,920条评论
291.,http://product.dangdang.com/24103910.html,野生动物大发现（套装6册）,,2016-11-09,辽宁少年儿童出版社,4148条评论
292.,http://product.dangdang.com/25319761.html,凯叔・神奇图书馆：人体大冒险+回到恐龙时代（1400万小读者追捧的“凯叔讲故事”带你游历天地大世界，养成通达睿智的少年人格！）,湖北教育出版社,2018-08-01,云南美术出版社,3192条评论
293.,http://product.dangdang.com/22539137.html,幼儿版十万个为什么（套装共8册）,英国DK公司,2011-09-01,河北少年儿童出版社,81667条评论
294.,http://product.dangdang.com/23469460.html,世界动物百科全书,中国大百科全书出版社,2005-10-01,明天出版社,6437条评论
295.,http://product.dangdang.com/25275553.html,DK星座百科：初学者观星指南,Herder出版社,2018-05-15,北京联合出版有限公司,4547条评论
296.,http://product.dangdang.com/23396663.html,DK儿童百科百问百答（2018年全新修订版）,江西高校出版社,2013-09-01,中国大百科全书出版社,8246条评论
297.,http://product.dangdang.com/22876967.html,自然科学启蒙（1--4辑共24册）（彩绘版，美国优秀儿童科普读物奖获奖绘本，全系列十四辑共83册）,李毓佩,2012-07-01,麻雪梅,2824条评论
298.,http://product.dangdang.com/25319919.html,乐乐趣揭秘翻翻书系列-中国文化篇（全4册）,二十一世纪出版社,2018-06-01,凯瑟琳・希尔,1988条评论
299.,http://product.dangdang.com/25175645.html,《你好！地球家园》系列,法国伽利玛少儿出版社,2017-09-01,杜佳德・A.斯蒂尔,4832条评论

301.,http://product.dangdang.com/23336221.html,从小爱旅游・世界风俗地理绘本（全9册）,郭善珠,2013-12-21,,15756条评论
302.,http://product.dangdang.com/25297322.html,耕林童书馆：宇宙运转的秘密,安妮,2018-07-01,江苏凤凰少年儿童出版社,3487条评论
303.,http://product.dangdang.com/23621964.html,和动物朋友亲密接触（全7册）,苏珊娜莉娅,2014-12-01,长江少年儿童出版社,4272条评论
304.,http://product.dangdang.com/23621963.html,法国科学全景拉拉书（全8册）,伊丽莎白德朗比利,2014-12-01,长江少年儿童出版社,2124条评论
305.,http://product.dangdang.com/25233152.html,书的历史（写给孩子的身边事物简史丛书之一，歪歪兔童书馆出品）,歪歪兔童书馆,2018-02-01,海豚出版社,3962条评论
306.,http://product.dangdang.com/25185872.html,中国历史故事集（10册/套）,林汉达,2008-05-01,中国少年儿童出版社,1773条评论
307.,http://product.dangdang.com/25264553.html,神奇火车旅行箱（套装3册）,施特潘卡・塞卡尼诺瓦,2018-04-01,化学工业出版社,733条评论
308.,http://product.dangdang.com/25178197.html,看里面系列第7辑（3册）,罗伯・劳埃德・琼斯,2017-06-01,未来出版社,2130条评论
309.,http://product.dangdang.com/24016186.html,成长与性套装（上下册）,胡萍,2019-04-06,科学出版社,11792条评论
310.,http://product.dangdang.com/25262771.html,趣味科普立体书-什么都知道系列（3册）,邓华斯,2011-03-01,未来出版社,1272条评论
311.,http://product.dangdang.com/25073944.html,世界历史地图绘本,世界历史地图绘本,2017-05-01,中国大百科全书出版社,5030条评论
312.,http://product.dangdang.com/25124305.html,山海经:少儿彩绘版(少儿万有经典文库 ),张步天,2017-08-01,接力出版社,5817条评论
313.,http://product.dangdang.com/23973813.html,写给儿童的人文小百科（10册套装） 写给儿童的文明史另一版本,陈卫平,2016-05-01,安徽少年儿童出版社,4985条评论
314.,http://product.dangdang.com/25164721.html,神秘日志精华版：木乃伊的诅咒,杜嘉德・斯蒂尔,2017-08-01,北京日报出版社（原同心出版社）,3355条评论
315.,http://product.dangdang.com/23783983.html,贝尔写给你的荒野求生少年生存百科（全3册）,贝尔・格里尔斯,2015-10-01,接力出版社,21467条评论
316.,http://product.dangdang.com/23696877.html,刘兴诗爷爷讲述中国地理(套装）,刘兴诗,2015-05-01,长江少年儿童出版社,6150条评论
317.,http://product.dangdang.com/24179028.html,DK放我出去 儿童探秘大百科（精装版）（全彩）,John,2017-01-01,电子工业出版社,4558条评论
318.,http://product.dangdang.com/24135247.html,奇趣大物理,汤姆・亚当斯,2012-06-01,未来出版社,13174条评论
319.,http://product.dangdang.com/23229283.html,安永一正・昆虫鉴(全10 册),安永一正,2013-05-01,贵州人民出版社,4904条评论
320.,http://product.dangdang.com/23546340.html,德国亲子共读儿童百科_阅读鼠系列(第一辑共24册）,海豚传媒,2014-08-01,长江少年儿童出版社,5531条评论
321.,http://product.dangdang.com/25070657.html,它们是怎么来的,比尔・斯莱文,2017-03-01,四川少儿出版社,5259条评论
322.,http://product.dangdang.com/25224822.html,尤斯伯恩看里面 揭秘度量衡,四川少儿出版社,2018-03-01,接力出版社,3390条评论
323.,http://product.dangdang.com/25097726.html,世界人文版（手绘世界地图 人文地理百科绘本）,英国尤斯伯恩出版公司,2017-07-01,新星出版社,6292条评论
324.,http://product.dangdang.com/24039330.html,加斯东，问个不停的小孩（共2册，3-7岁儿童适读的哲学书）,接力出版社,2016-09-01,天天出版社有限责任公司,6547条评论
325.,http://product.dangdang.com/24170465.html,超酷机械大全 （2册套装）,雷切尔・威廉斯,2016-12-01,河北少年儿童出版社,2466条评论
326.,http://product.dangdang.com/24005751.html,超好玩的立体百科系列（全2册）,新星出版社,2012-06-01,未来出版社,3707条评论
327.,http://product.dangdang.com/25345119.html,尤斯伯恩你问我答科普翻翻书・怎么样（共4册）,马修・德・罗比耶,2018-09-01,接力出版社,1121条评论
328.,http://product.dangdang.com/23808964.html,果壳阅读 生活习惯简史（共7册）,天天出版社有限责任公司,2015-10-01,新蕾出版社,3113条评论
329.,http://product.dangdang.com/25310394.html,时间的历史（写给孩子的身边事物简史丛书之一，歪歪兔童书馆出品）,安妮,2018-08-01,海豚出版社,3552条评论
330.,http://product.dangdang.com/25261119.html,万物简史+物种起源：全新少儿彩绘版,河北少年儿童出版社,2018-04-01,接力出版社,2496条评论
331.,http://product.dangdang.com/23584837.html,好玩的数学绘本（第1辑）（套装共10册）,艾德兰,2014-10-01,化学工业出版社,10009条评论
332.,http://product.dangdang.com/24244959.html,德国少年儿童百科知识全书：珍藏版（全10册）,未来出版社,2017-04-20,长江少年儿童出版社,1340条评论
333.,http://product.dangdang.com/25350232.html,少年世界地理百科全书（《少儿视觉世界地图集》升级版）,英国尤斯伯恩出版公司,2018-10-01,中国地图出版社,10236条评论
334.,http://product.dangdang.com/25105168.html,喀伦坡之狼（《极地重生》作者威廉 格利尔新作）,接力出版社,2017-07-01,长江少年儿童出版社,5241条评论
335.,http://product.dangdang.com/23964344.html,人体,果壳,2011-03-01,未来出版社,8663条评论
336.,http://product.dangdang.com/24011578.html,改变历史进程的50种系列丛书（套装全三册）,新蕾出版社,2016-06-01,青岛出版社,2416条评论
337.,http://product.dangdang.com/23574057.html,不要再浪费了（全6册）,歪歪兔童书馆,2014-10-01,长江少年儿童出版社,3917条评论
338.,http://product.dangdang.com/25097980.html,DK儿童奇趣百科全书 是真是假？,海豚出版社,2017-07-01,中国大百科全书出版社,3083条评论
339.,http://product.dangdang.com/23834069.html,DK奇趣数学游戏,布莱森,2016-01-01,国家开放大学出版社,7440条评论
340.,http://product.dangdang.com/25263042.html,奥德赛数学大冒险 （学数学事半功倍的神奇小说）,接力出版社,2018-04-01,九州出版社,7719条评论
341.,http://product.dangdang.com/25227020.html,DK儿童目击者・预备级・学习阅读（0岁-3岁）,英国DK公司,2016-01-01,中国大百科全书出版社,829条评论
342.,http://product.dangdang.com/23983135.html,神秘日志・魔术幻象――魔法中的秘密科学,艾米莉・霍金斯,2016-06-01,贵州教育出版社,3340条评论
343.,http://product.dangdang.com/23311507.html,法国趣味图解小百科（全16册）,菲利浦・西蒙,2013-07-01,湖北少儿出版社,5226条评论
344.,http://product.dangdang.com/25119668.html,小牛顿新兴科技馆（全5册),小牛顿科学教育有限公司,2017-08-01,天地出版社,3384条评论
345.,http://product.dangdang.com/24103912.html,我们的地球发烧了（全4册）极地篇、海洋篇、陆地篇、全球篇,斯蒂芬.艾肯,2016-11-09,辽宁少年儿童出版社,9399条评论
346.,http://product.dangdang.com/25337994.html,羽毛：不只是为了飞行（精装，国际大奖科普绘本）  获美国科学书籍和电影年度ZUI佳图书奖等多项国际大奖,梅丽莎・斯图尔特,2018-08-31,辽宁少年儿童出版社,2767条评论
347.,http://product.dangdang.com/24175813.html,全新儿童注音彩绘版中华上下五千年（精装）,袁宏宾,2017-01-01,吉林大学出版社,5233条评论
348.,http://product.dangdang.com/25148655.html,耕林童书馆・恐龙专家系列（9册套装  儿童视角探索恐龙奥秘！）,伯纳德・莫斯特,2017-08-01,江苏凤凰少年儿童出版社,1398条评论
349.,http://product.dangdang.com/25137788.html,中国地图（百科知识版本）跟爸爸一起去旅行（大开本、精装绘本让孩子的眼光更加广阔 看的有多远才能走得有多远 让我们跟孩子一同起航）,鄢来勇,2017-03-01,成都地图出版社,4562条评论
350.,http://product.dangdang.com/23837200.html,DK微观世界大百科（精装版）,Dorling,2016-01-01,电子工业出版社,4436条评论
351.,http://product.dangdang.com/25337995.html,这是我的家：大自然的动物筑巢诗（精装，国际大奖科普绘本）,大卫・李・哈里森,2018-08-31,辽宁少年儿童出版社,2284条评论
352.,http://product.dangdang.com/25315187.html,动物幻想曲（帮助宝宝培养想象力，学会幽默的逆向思维）,卡米耶・卢松,2018-08-03,辽宁少年儿童出版社,2058条评论
353.,http://product.dangdang.com/25064572.html,中国少年儿童百科全书 2017经典版（套装）,林崇德,2017-05-01,浙江教育出版社,2633条评论
354.,http://product.dangdang.com/25224900.html,中国航天科普启蒙翻翻书（全6册套装）（当当独家附赠太空种子+明信片）,神舟传媒,2018-02-01,电子工业出版社,642条评论
355.,http://product.dangdang.com/25230868.html,恐龙大百科 中国少年儿童探索百科,张玉光,2018-03-01,浙江教育出版社,2708条评论
356.,http://product.dangdang.com/25312967.html,DK儿童奇趣百科全书（全2册） 这不可能是真的！ 是真是假？（2018年新版）,英国DK公司,2017-06-01,中国大百科全书出版社,768条评论
357.,http://product.dangdang.com/23858857.html,数学小达人：有趣的代数1,李善英,2015-11-01,浙江教育出版社,4348条评论
358.,http://product.dangdang.com/23829065.html,便便恐龙系列套装（ 全三册）,汤姆・弗莱彻,2015-08-01,北京联合出版公司,7733条评论
359.,http://product.dangdang.com/23996624.html,儿童好奇心大百科,崔香淑,2016-07-01,青岛出版社,9354条评论
360.,http://product.dangdang.com/24031030.html,神秘日志・科学幻想三部曲――海底100天，恐龙世纪，外星人（礼品装）,杜佳德A.斯蒂尔,2016-10-01,贵州教育出版社,957条评论
361.,http://product.dangdang.com/20645043.html,万物简史 (少儿彩绘版),布莱森,2009-07-01,接力出版社,46024条评论
362.,http://product.dangdang.com/25245754.html,人体先生和人体太太（趣味人形精装纸板书）,弗朗索瓦兹・德・吉贝��,2018-04-25,海豚出版社,3611条评论
363.,http://product.dangdang.com/25064067.html,这就是二十四节气自然笔记本・夏知节气（全6册）,高春香,2017-04-01,海豚出版社,3317条评论
364.,http://product.dangdang.com/23715001.html,你好！数学・最亲切的数学概念启蒙图画书精编版（第3阶段）,崔书妍,2015-05-01,长江少年儿童出版社,2051条评论
365.,http://product.dangdang.com/23811256.html,看得见的文明史,菲奥纳・麦克唐纳,2015-09-01,知识出版社,4816条评论
366.,http://product.dangdang.com/25243138.html,耕林童书馆：最美科普少年版（套装6册 学校推荐必读书单）,雅各布,2018-02-10,江苏少年儿童出版社,29577条评论
367.,http://product.dangdang.com/25308324.html,DK酷物,英国DK公司,2018-03-01,中国大百科全书出版社,1796条评论
368.,http://product.dangdang.com/23575236.html,看里面第五辑（全4册）,凯蒂戴恩斯,2014-10-01,未来出版社,6591条评论
369.,http://product.dangdang.com/23696876.html,你好！科学・最亲切的科学原理启蒙图画书精编版（物理、化学套装）,金世实,2015-05-01,长江少年儿童出版社,1377条评论
370.,http://product.dangdang.com/23858861.html,数学小达人：生动的几何,洪秀京,2015-11-01,浙江教育出版社,3657条评论
371.,http://product.dangdang.com/23640613.html,DK儿童历史大百科,英国DK公司,2015-02-01,中信出版社,6383条评论
372.,http://product.dangdang.com/23272971.html,可怕的科学(新九册),阿诺德,2013-01-01,,9990条评论
373.,http://product.dangdang.com/25267770.html,英国少儿百科全书（套装10册）,斯图尔特・克拉克,2018-05-01,化学工业出版社,763条评论
374.,http://product.dangdang.com/25062888.html,荒野求生生存新视野系列：极限地球&绝地求生,贝尔・格里尔斯,2017-05-10,接力出版社,3848条评论
375.,http://product.dangdang.com/23751604.html,DK少儿艺术大百科（舞蹈+音乐+电影+美术）（套装共4册）,DK公司,2015-06-01,科学普及出版社,1363条评论
376.,http://product.dangdang.com/25069331.html,走进奇妙的虫子世界,尤瓦・左默,2017-05-01,新星出版社,10464条评论
377.,http://product.dangdang.com/21018571.html,我的拉鲁斯小百科(全32册),旺德维埃勒,2011-03-01,北京科学技术出版社,8107条评论
378.,http://product.dangdang.com/25196593.html,身边的科学 我放大了100倍！,儿童俱乐部,2017-11-01,水利水电出版社,3629条评论
379.,http://product.dangdang.com/23428819.html,DK儿童自然大百科,英国DK公司,2014-03-01,中信出版社,6183条评论
380.,http://product.dangdang.com/23814682.html,聪聪科学绘本（1-19册）,金顺韩,2015-10-01,电子工业出版社,2607条评论
381.,http://product.dangdang.com/25120154.html,世界城市地图（当当独家赠送趣味贴纸）,乔治亚・谢利,2017-05-01,新星出版社,4540条评论
382.,http://product.dangdang.com/25303543.html,儿童职业启蒙百科・长大后我要做什么,陈昕,2018-03-01,中国大百科全书出版社,1592条评论
383.,http://product.dangdang.com/23760686.html,昆虫记（上下册）权威全译美绘版,法布尔,2015-10-01,中国纺织出版社,6867条评论
384.,http://product.dangdang.com/23533383.html,绕着地球跑一圈（套装共18册）,鲁苇,2014-08-01,化学工业出版社,7625条评论
385.,http://product.dangdang.com/25098248.html,我的秘密我了解（了解我自己：性教育）,戴尔芬・果达尔,2017-09-04,山东科学技术出版社,4048条评论
386.,http://product.dangdang.com/23589084.html,皮皮鲁送你100条命儿童安全百科口袋书,郑渊洁,2014-11-01,天津人民出版社,4960条评论
387.,http://product.dangdang.com/25169584.html,遥远的夜晚,茱莉亚・沃泰尔,2017-10-01,江苏少年儿童出版社,2133条评论
388.,http://product.dangdang.com/23715000.html,你好！数学・最亲切的数学概念启蒙图画书精编版（第2阶段）,金京华,2015-05-01,长江少年儿童出版社,1676条评论
389.,http://product.dangdang.com/25106211.html,科学数据大揭秘：全6册,Paul,2017-07-01,长江少年儿童出版社,4682条评论
390.,http://product.dangdang.com/25108397.html,科学大问题,海莉・伯奇,2017-06-30,湖南少年儿童出版社,5407条评论
391.,http://product.dangdang.com/23422915.html,生命的故事（套装共10册）,安田守,2014-04-01,河北少年儿童出版社,8101条评论
392.,http://product.dangdang.com/24003245.html,幼儿安全教育互动游戏书,帕特里西娅.海依斯,2016-05-01,未来出版社,3020条评论
393.,http://product.dangdang.com/23985445.html,我们的祖先（1-5册）,Yves,2016-06-01,电子工业出版社,2189条评论
394.,http://product.dangdang.com/25107091.html,数学真好玩,安娜・伽拉佐利,2017-07-01,南海出版公司,15786条评论
395.,http://product.dangdang.com/25071223.html,从根到叶,杰诺里・安德鲁,2017-05-01,辽宁少年儿童出版社,3066条评论
396.,http://product.dangdang.com/24168007.html,国富论:少儿彩绘版(少儿万有经典文库 ),李晓鹏,2017-01-01,接力出版社,5827条评论
397.,http://product.dangdang.com/20835776.html,希利尔讲艺术史,希利尔,2010-04-01,贵州教育出版社,21278条评论
398.,http://product.dangdang.com/25168104.html,DK儿童地图百科全书――它们在哪儿,英国DK公司,2016-06-01,中国大百科全书出版社,3385条评论
399.,http://product.dangdang.com/25304866.html,动物妙想国（全8册）（带音频二维码）,卡米拉・德・拉・贝杜瓦耶,2018-07-01,长江少年儿童出版社,1743条评论
400.,http://product.dangdang.com/25254685.html,你好啊，故宫.人物篇,北京布克布克文化发展有限公司,2017-08-01,东方出版社,1582条评论
401.,http://product.dangdang.com/25247243.html,美国国家地理（儿童版）：脑力修炼手册,史蒂芬妮,2018-03-26,安徽科学技术出版社,1605条评论
402.,http://product.dangdang.com/23529824.html,小牛顿科学馆续集第2辑（共6册）,台湾牛顿出版公司,2014-08-01,贵州教育出版社,6319条评论
403.,http://product.dangdang.com/25158649.html,我们，我们的服饰（通过“服饰”了解背后的人文地理知识，百科全书似地展现世界各地、不同民族、不同时代的文化百态。）,卡罗莉娜・拉封,2017-09-04,光明日报出版社,4345条评论
404.,http://product.dangdang.com/23439259.html,千奇百怪的鸟世界（全3册）,铃木守,2014-03-01,中国少年儿童出版社,11348条评论
405.,http://product.dangdang.com/25213369.html,本草纲目:少儿彩绘版(少儿万有经典文库 ),王秋玲,2018-01-01,接力出版社,2602条评论
406.,http://product.dangdang.com/23774242.html,太空猫：星际穿越,多米尼克瓦里曼,2015-09-01,长江少年儿童出版社,6421条评论
407.,http://product.dangdang.com/24176571.html,DK科学发现大百科（精装版）（全彩）,Dorling,2017-01-01,电子工业出版社,3366条评论
408.,http://product.dangdang.com/24227612.html,地球小孩的天气书,黄卫,2017-04-01,上海译文出版社,3501条评论
409.,http://product.dangdang.com/23537074.html,小学生注音版十万个为什么（简装）,贾东丽,2014-07-01,旅游教育出版社,3200条评论
410.,http://product.dangdang.com/20919762.html,看里面系列第二辑,埃里克斯弗里斯,2010-08-01,未来出版社,15938条评论
411.,http://product.dangdang.com/24217850.html,生命的故事（第1辑+第2辑+第3辑）（全30册）,小杉美野里,2017-04-01,安徽教育出版社,1076条评论
412.,http://product.dangdang.com/21053532.html,德国少年儿童百科知识全书：什么是什么套装2（平装全20册）,黑勒德伽尔德・埃勒斯内尔,2009-01-01,湖北教育出版社,5033条评论
413.,http://product.dangdang.com/25337706.html,天文星球：我的第一本太空知识绘本,迪特尔・B・赫尔曼,2018-09-12,民主与建设出版社,2271条评论
414.,http://product.dangdang.com/24154784.html,奇趣大化学,英汤姆・亚当斯,2015-06-01,陕西人民教育出版社,7876条评论
415.,http://product.dangdang.com/23490693.html,拉鲁斯趣味科学馆(全7册）,法国拉鲁斯出版社,2014-06-01,吉林科学技术出版社,10496条评论
416.,http://product.dangdang.com/23960476.html,神秘日志・外星人：地球并不孤独,杜佳德A.斯蒂尔,2016-05-01,贵州教育出版社,2806条评论
417.,http://product.dangdang.com/23818965.html,动手玩转世界,安妮塔加纳利,2015-11-01,陕西人民教育出版社,7478条评论
418.,http://product.dangdang.com/25208144.html,成为真正的男孩,法�{米歇尔・勒库,2018-01-01,南海出版公司,19272条评论
419.,http://product.dangdang.com/23199811.html,可怕的科学-玩转中学数学（6册),卡佳坦・波斯基特,2012-01-01,北京少年儿童出版社,9298条评论
420.,http://product.dangdang.com/25321459.html,DK宇宙大百科+DK狂野地球,马丁,2018-08-27,电子工业出版社,6155条评论
421.,http://product.dangdang.com/25332498.html,人体运转的秘密――一场不可思议的人体内部旅行（家庭健康教育科普巨著）,大卫,2018-08-01,现代教育出版社,1683条评论
422.,http://product.dangdang.com/23942094.html,数学绘本悦读版(全套36册),辛知润,2016-02-01,长春出版社,1247条评论
423.,http://product.dangdang.com/22784908.html,少儿视觉世界地图集,澳大利亚威尔顿欧文公司,2014-05-01,中国地图出版社,9193条评论
424.,http://product.dangdang.com/25060513.html,太空日记（航天员景海鹏、陈冬、王亚平、刘洋领衔编著）,景海鹏,2017-04-01,四川科技出版社,6314条评论
425.,http://product.dangdang.com/24027189.html,神秘日志・海底100天――“鹦鹉螺”号海底大冒险,艾米莉・霍金斯,2016-10-01,贵州教育出版社,2483条评论
426.,http://product.dangdang.com/24177223.html,生命教育自然绘本（全6册）,近藤薰美子,2017-02-01,HarperCollins UK,2792条评论
427.,http://product.dangdang.com/23980162.html,孩子最爱的交通工具翻翻书・妙趣科学儿童版精选,康斯坦泽・德洛普,2016-06-01,北京科学技术出版社,1640条评论
428.,http://product.dangdang.com/25138923.html,艾布克的立体笔记：探索武器、地球、航天科技(套装共3册),炫睛科技,2016-10-20,北京联合出版公司,1285条评论
429.,http://product.dangdang.com/24521814.html,DK图解万物大百科（精装版）（全彩）,Dorling,2017-04-01,电子工业出版社,1146条评论
430.,http://product.dangdang.com/23711355.html,探索频道少儿大百科精华版,海豚传媒,2015-07-01,长江少年儿童出版社,1699条评论
431.,http://product.dangdang.com/25268555.html,DK儿童人体百科：人体的奥秘(2018年新版),英国DK公司,2018-05-15,北京联合出版有限公司,2616条评论
432.,http://product.dangdang.com/23761231.html,中国儿童百科全书（超值套装）（第2版）,中国儿童百科全书,2015-05-01,中国大百科全书出版社,1958条评论
433.,http://product.dangdang.com/23194518.html,DK生物大百科（精装版）,芒得,2013-01-01,电子工业出版社,4730条评论
434.,http://product.dangdang.com/24031031.html,神秘日志・魔法探秘三部曲――魔法全书，龙之魅影，怪兽传奇（礼品装）,杜佳德,2016-10-01,贵州教育出版社,937条评论
435.,http://product.dangdang.com/25212928.html,细菌小不点儿人体历险记,西比勒・莫特尔・林克,2018-01-01,花山文艺出版社,2706条评论
436.,http://product.dangdang.com/25314282.html,DK危险大百科（2018修订版）（平装）,Laura,2018-08-01,电子工业出版社,13532条评论
437.,http://product.dangdang.com/23321523.html,生命价值・第二辑・上/下（全12册）,小多,2013-08-21,广西教育出版社,3105条评论
438.,http://product.dangdang.com/25238688.html,科学10×10：改变人类的100个科学发现,丽莎・简・吉莱斯皮,2018-02-01,新星出版社,2006条评论
439.,http://product.dangdang.com/25258246.html,疯狂的百科：课本里学不到的知识（套装共5册，科学+历史+实验）,乔伊・玛索夫,2018-04-01,北京联合出版有限公司,1023条评论
440.,http://product.dangdang.com/23264593.html,乔治的宇宙（全3册）,露西・霍金,2013-04-01,湖南科技出版社,2874条评论
441.,http://product.dangdang.com/25343629.html,身边的科学・典藏版（全6册）汇聚牛津、剑桥名家 英国儿童科学启蒙书,亚历克斯・伍尔夫,2018-09-12,安徽科学技术出版社,1179条评论
442.,http://product.dangdang.com/25321458.html,DK让孩子更勇敢的百科书（DK危险大百科+DK间谍大百科）,Laura,2018-08-09,电子工业出版社,1740条评论
443.,http://product.dangdang.com/23529825.html,小牛顿科学馆续集第3辑（共6册）,台湾牛顿出版公司,2014-08-01,贵州教育出版社,5157条评论
444.,http://product.dangdang.com/25290994.html,探秘人体,凯特,2018-06-01,中信出版社,1630条评论
445.,http://product.dangdang.com/23726120.html,365个科学创意,米娜莱西,2015-06-01,光明日报出版社,7316条评论
446.,http://product.dangdang.com/24021617.html,神秘日志・逻辑推理三部曲――魔术幻象，谍影迷踪，暗夜伪装者,杜佳德,2016-09-01,贵州教育出版社,807条评论
447.,http://product.dangdang.com/25081871.html,德国少年儿童百科知识全书：珍藏版 第二辑（全10册）,卡尔・乌班,2017-06-10,长江少年儿童出版社,652条评论
448.,http://product.dangdang.com/25270311.html,行走的博物馆（“自然+人文”，全9册）,阿丽奇,2017-03-01,天津人民出版社,976条评论
449.,http://product.dangdang.com/23750624.html,孩子提问题 大师来回答（套装1-2册）,杰玛・埃尔文・哈里斯,2015-06-01,上海社会科学院出版社,7444条评论
450.,http://product.dangdang.com/23595621.html,美国《国家地理》少儿奇趣小百科全集（共10册 ）,美国国家地理学会,2014-10-01,青岛出版社,4322条评论
451.,http://product.dangdang.com/23459941.html,尖端科学・第二辑（全12册）,小多,2014-03-01,   ,3037条评论
452.,http://product.dangdang.com/23956253.html,幼儿百科互动游戏书（全4册）,维尔吉妮・戴木兰,2016-03-01,未来出版社,1310条评论
453.,http://product.dangdang.com/25211892.html,乐乐趣揭秘翻翻书系列-揭秘船舶,阿妮塔・盖恩瑞,2018-01-01,未来出版社,20944条评论
454.,http://product.dangdang.com/23608559.html,德国小学生最喜欢的111个科学小实验 全2册,克尔斯汀,2014-11-01,中国铁道出版社,7519条评论
455.,http://product.dangdang.com/20357071.html,动物王国大探秘（全4册）,茱莉亚・布鲁斯文,2008-09-01,广州出版社,40932条评论
456.,http://product.dangdang.com/23950808.html,我的收藏：寻找大自然的宝藏,盛口满,2016-05-01,北京联合出版公司,7953条评论
457.,http://product.dangdang.com/20907956.html,科学全景图（全8册）,尼古拉斯・哈里斯,2010-08-01,湖北美术出版社,27194条评论
458.,http://product.dangdang.com/23783447.html,新小小牛顿启蒙版 第1辑 五合一超值套组（百科主题书+MP3语音课+DVD影音课+智慧游戏本+亲子手册）,台湾小牛顿科学教育有限公司,2015-08-01,浙江少年儿童出版社,2389条评论
459.,http://product.dangdang.com/23783446.html,新小小牛顿成长版 第2辑 五合一超值套组（百科主题书+MP3语音课+DVD影音课+智慧游戏本+亲子手册）,台湾小牛顿科学教育有限公司,2015-08-01,浙江少年儿童出版社,2168条评论
460.,http://product.dangdang.com/25211891.html,乐乐趣揭秘翻翻书系列-揭秘建筑,阿妮塔・盖恩瑞,2018-01-01,未来出版社,16574条评论
461.,http://product.dangdang.com/20655486.html,揭秘恐龙（看里面系列）,弗利斯,2009-06-01,未来出版社,61757条评论
462.,http://product.dangdang.com/24163716.html,邋里邋遢科学书（精装全彩・共两册）,理查德・普莱特,2017-01-01,电子工业出版社,2384条评论
463.,http://product.dangdang.com/23551670.html,小牛顿科学馆续集第5辑（共6册）,台湾牛顿出版公司,2014-09-01,贵州教育出版社,4665条评论
464.,http://product.dangdang.com/25316847.html,便便工厂,玛利亚・巴赛勒,2018-08-07,电子工业出版社,2409条评论
465.,http://product.dangdang.com/24159553.html,穿越时空（全12册）,尼古拉斯・哈里斯,2016-09-01,北京科学技术出版社,8135条评论
466.,http://product.dangdang.com/20582465.html,我超喜欢的趣味科学书,任淑英,2009-06-01,中信出版社,10707条评论
467.,http://product.dangdang.com/22452367.html,DK自然发现大百科,邦德,2011-06-01,电子工业出版社,9204条评论
468.,http://product.dangdang.com/23715003.html,你好！科学・最亲切的科学原理启蒙图画书精编版（地球科学套装）,闵休贤,2015-05-01,长江少年儿童出版社,780条评论
469.,http://product.dangdang.com/25267098.html,地上和地下的交通工具史,亚历山德拉・利特维娜,2018-05-01,化学工业出版社,1863条评论
470.,http://product.dangdang.com/25141790.html,翻转吧，科学!爸爸的科学课:全8册,火星人俱乐部,2017-09-01,化学工业出版社,1113条评论
471.,http://product.dangdang.com/25098885.html,DK儿童视觉百科全书,英国DK公司,2017-06-01,中国大百科全书出版社,1192条评论
472.,http://product.dangdang.com/23775398.html,世界是如何开始的,克里斯蒂安娜多里翁,2015-09-01,未来出版社,4566条评论
473.,http://product.dangdang.com/23249857.html,妙探世界系列（共4册）,阿伊诺哈吴卡伊宁,2013-06-01,少年儿童出版社,4681条评论
474.,http://product.dangdang.com/24242742.html,人类的衣服：儿童服饰认知百科，绘本式呈现世界各地、不同时代和民族的300多种服饰，版画插页、立体翻页、大开本美育地板书,若埃尔・若利韦,2017-04-01,北京联合出版公司,2683条评论
475.,http://product.dangdang.com/24177175.html,这就是二十四节气自然笔记本・春知节气（全6册）,齐德利,2017-01-01,海豚出版社,5619条评论
476.,http://product.dangdang.com/25335796.html,DK儿童动物百科：动物星球（2018年新版）,英国DK公司,2018-10-01,北京联合出版有限公司,1753条评论
477.,http://product.dangdang.com/25298330.html,DK儿童太空大百科,英国DK公司,2018-06-20,中信出版社,3104条评论
478.,http://product.dangdang.com/25065021.html,长长的小百科系列：动物+恐龙+世界+城市（套装共4册） [2-8岁],提埃里・拉瓦尔,2015-05-01,北京联合出版公司,801条评论
479.,http://product.dangdang.com/23985237.html,改变世界的发明,克里斯・奥克雷德,2010-06-01,未来出版社,4236条评论
480.,http://product.dangdang.com/22590421.html,(新版)上下五千年（精装）,林汉达,2012-01-01,少年儿童出版社,5909条评论
481.,http://product.dangdang.com/23783448.html,新小小牛顿启蒙版 第2辑 五合一超值套组（百科主题书+MP3语音课+DVD影音课+智慧游戏本+亲子手册）,台湾小牛顿科学教育有限公司,2015-08-01,浙江少年儿童出版社,1963条评论
482.,http://product.dangdang.com/23484143.html,中华上下五千年（青少版，全3册））,浙江少年儿童出版社,2013-11-01,吉林出版集团有限责任公司,10476条评论
483.,http://product.dangdang.com/20092417.html,万物简史（彩图珍藏版）,,2007-05-01,接力出版社,63303条评论
484.,http://product.dangdang.com/24142464.html,野生动物大比拼(套装共2册）,吉林出版集团有限责任公司,2017-01-01,河北少年儿童出版社,2543条评论
485.,http://product.dangdang.com/23953318.html,幼儿认知互动百科（共4册）（《食物从哪儿来》《大自然是什么》《世界是什么》《土里长了什么》）,布莱森,2016-05-01,天天出版社,3196条评论
486.,http://product.dangdang.com/23997695.html,世界是如何运转的,接力出版社,2010-05-01,未来出版社,4779条评论
487.,http://product.dangdang.com/25237005.html,DK儿童为什么？你知道！,丽贝卡,2018-01-01,中国大百科全书出版社,1160条评论
488.,http://product.dangdang.com/25140846.html,博物少年百科・了不起的科学（第1辑）,河北少年儿童出版社,2017-08-01,中信出版社,1005条评论
489.,http://product.dangdang.com/25184655.html,101个神奇的实验（第3版):101个水的实验,费利西蒂,2017-11-01,长江少年儿童出版社,5684条评论
490.,http://product.dangdang.com/24242533.html,植物不简单（2017年度大众喜爱的50种图书奖）,天天出版社,2017-02-01,上海科技教育出版社,2427条评论
491.,http://product.dangdang.com/23721071.html,青春期女孩完美攻略,多里翁,2015-07-01,天天出版社有限责任公司,12547条评论
492.,http://product.dangdang.com/25328622.html,DK儿童奇趣百科全书 不可思议的真相！,未来出版社,2018-04-01,中国大百科全书出版社,1580条评论
493.,http://product.dangdang.com/25217294.html,资本论:少儿彩绘版(少儿万有经典文库 ),英国DK公司,2018-01-01,接力出版社,1997条评论
494.,http://product.dangdang.com/24008737.html,历史穿越报:朝代卷（套装共10册）,中国大百科全书出版社,2016-07-01,化学工业出版社,2565条评论
495.,http://product.dangdang.com/23817895.html,雨蛙老师的趣味自然课,许秋汉,2015-11-01,宁波出版社,2072条评论
496.,http://product.dangdang.com/20919755.html,看里面系列第二辑――揭秘太空,中信出版社,2010-08-01,未来出版社,36592条评论
497.,http://product.dangdang.com/23834070.html,DK挑战你的大脑,安提亚・赛安,2016-01-01,国家开放大学出版社,5353条评论
498.,http://product.dangdang.com/23577762.html,十万个为什么（10册）礼品装,长江少年儿童出版社,2014-10-01,新世纪出版社,3806条评论
499.,http://product.dangdang.com/25179170.html,皮皮鲁送你100条命 郑渊洁给孩子的安全攻略,顾洁燕,2017-09-30,天津人民出版社,3775条评论
500.,http://product.dangdang.com/25278093.html,尤斯伯恩看里面套装（共7册）,上海科技教育出版社,2018-05-01,接力出版社,440条评论
