1.,http://product.dangdang.com/24030562.html,百年童话绘本・典藏版（全套30册）当当2018年度常青藤畅销书奖，台湾企鹅金牌畅销书，历时5年匠心绘制，上千张手绘插画美翻了！,莱曼・弗兰克・鲍姆,2016-09-15,北京联合出版公司,111401条评论
2.,http://product.dangdang.com/20039611.html,小熊和最好的爸爸（全7册）,丹姆,2007-11-01,贵州人民出版社,749125条评论
3.,http://product.dangdang.com/23851466.html,学会爱自己（教孩子免受性侵犯！学会保护自己！）（全3辑，共14册）（儿童自我保护意识培养绘本，含不要随便摸我、不要随便亲我等）,珊蒂克雷文,2016-02-01,青岛出版社,211668条评论
4.,http://product.dangdang.com/23257828.html,不一样的卡梅拉手绘本（1-12册）,克利斯提昂,2013-06-01,２１世纪出版社,573507条评论
5.,http://product.dangdang.com/23808035.html,这就是二十四节气（中国二十四节气彩绘版，文津图书奖获奖绘本，共4册）,高春香,2015-09-01,海豚出版社,548146条评论
6.,http://product.dangdang.com/23422457.html,奇先生妙小姐・全新译本（全83册）,罗杰・哈格里维斯,2014-03-01,人民邮电出版社,104885条评论
7.,http://product.dangdang.com/25069495.html,可爱的鼠小弟（1-22）,中江嘉男,2013-08-01,南海出版公司,104603条评论
8.,http://product.dangdang.com/22639104.html,彩色世界童话全集（全60册）,安徒生,2014-01-12,,39706条评论
9.,http://product.dangdang.com/24079906.html,你看起来好像很好吃（恐龙简装套装全7册）,宫西达也,2016-11-01,２１世纪出版社,210915条评论
10.,http://product.dangdang.com/23483032.html,我爸爸+我妈妈（全2册）,安东尼・布朗,2014-05-01,   ,391459条评论
11.,http://product.dangdang.com/24033539.html,不可思议的旅程（凯迪克大奖绘本三部曲）,艾伦・贝克尔,2016-09-01,新星出版社,178546条评论
12.,http://product.dangdang.com/25125417.html,要是你给老鼠吃饼干系列（全9册）,劳拉・努梅罗夫,2017-08-01,接力出版社,51269条评论
13.,http://product.dangdang.com/23485462.html,大卫不可以+大卫上学去+大卫惹麻烦（大卫系列全3册）,大卫・香农David,2014-05-01,河北教育出版社,179225条评论
14.,http://product.dangdang.com/25204247.html,百年童话绘本・精装礼盒版（30册精装+唯美礼盒，世界经典童话+世界经典古典音乐配乐故事音频）,格林兄弟,2018-01-01,民主与建设出版社,4579条评论
15.,http://product.dangdang.com/22791395.html,青蛙弗洛格的成长故事（全三辑，共26册）,马克斯・维尔修思,2010-10-01,湖南少年儿童出版社,146485条评论
16.,http://product.dangdang.com/25243621.html,14只老鼠全集（全12册）,岩村和朗,2018-04-01,接力出版社,108000条评论
17.,http://product.dangdang.com/25084417.html,德国精选科学图画书 （肚子里有个火车站+牙齿大街的新鲜事，套装2册，扫二维码听春天姐姐讲故事）,安娜・鲁斯曼,2017-06-01,北京科学技术出版社,257167条评论
18.,http://product.dangdang.com/20812025.html,暖暖心绘本（全四辑19本）,米拦弗特毕,2009-12-01,湖南少儿出版社,193909条评论
19.,http://product.dangdang.com/24194575.html,在教室说错了没关系,莳田晋至,2017-02-01,青岛出版社,204496条评论
20.,http://product.dangdang.com/25069494.html,可爱的鼠小弟（1-12）,中江嘉男,2013-10-01,南海出版公司,234240条评论
21.,http://product.dangdang.com/24136647.html,大卫不可以+大卫上学去+大卫惹麻烦+圣诞节到了（大卫系列全4册）,大卫・香农David,2014-12-01,北京联合出版公司,48502条评论
22.,http://product.dangdang.com/23466258.html,郑渊洁给孙女的好习惯书：十二生肖童话绘本,郑渊洁,2014-05-01,天津人民出版社,149937条评论
23.,http://product.dangdang.com/25270073.html,成长的味道・香味互动绘本（精装全7册）日本绘本大奖得主、超人气绘本作家木村裕一等人联袂打造,木村裕一,2018-06-01,辽宁少年儿童出版社,7224条评论
24.,http://product.dangdang.com/25342352.html,花格子大象艾玛经典绘本（套装全23册）,大卫・麦基,2018-09-01,中信出版社,30590条评论
25.,http://product.dangdang.com/23211544.html,不一样的卡梅拉动漫绘本（1-12）,郑迪蔚,2012-12-01,２１世纪出版社,127166条评论
26.,http://product.dangdang.com/25218540.html,信谊世界精选图画书・猜猜我有多爱你,山姆・麦克布雷尼,2018-01-01,明天出版社,493643条评论
27.,http://product.dangdang.com/25298374.html,皮特猫・3~6岁好性格养成书：第一辑（手工礼包版・套装共6册）（乐观、自信的皮特猫在美国家喻户晓，每个孩子都在读！）,艾瑞克・利温,2018-07-01,文汇出版社,61603条评论
28.,http://product.dangdang.com/23426498.html,小兔汤姆旅行版（全26册）,玛莉,2014-01-01,海燕出版社,151410条评论
29.,http://product.dangdang.com/21112439.html,14只老鼠全集（全12册）,岩村和朗,2010-09-01,接力出版社,90057条评论
30.,http://product.dangdang.com/25157364.html,全景式图画书 开车出发系列（共7册）,间濑直方,2017-08-01,二十一世纪出版社,134358条评论
31.,http://product.dangdang.com/23509394.html,是谁嗯嗯在我的头上,维尔纳霍尔茨瓦特,2007-04-01,河北教育出版社,178879条评论
32.,http://product.dangdang.com/23533306.html,不一样的卡梅拉动漫绘本(13-22),郑迪蔚,2014-07-01,二十一世纪出版社,127043条评论
33.,http://product.dangdang.com/25263558.html,小读客・宝宝第一套想象力启蒙经典：汤米・温格尔系列绘本（童书界的诺贝尔奖“国际安徒生大奖”得主传世作品）（精装12册礼盒）,汤米・温格尔,2018-04-20,文汇出版社,10303条评论
34.,http://product.dangdang.com/24144615.html,我不敢说，我怕被骂,皮姆,2016-09-01,北京联合出版公司,131203条评论
35.,http://product.dangdang.com/25213919.html,熊猫先生礼仪课堂（全4册）,史蒂夫・安东尼,2018-02-01,中信出版社,26989条评论
36.,http://product.dangdang.com/25323113.html,皮特猫・3~6岁好性格养成书：共四辑（套装共24册）（乐观、自信、勇敢……皮特猫在美国家喻户晓，几乎每个孩子都在读！）,詹姆斯・迪安,2018-08-17,文汇出版社,71392条评论
37.,http://product.dangdang.com/25120690.html,暖暖心绘本・珍藏礼品装（全30册，为3~7岁处在性格形成关键期的孩子准备的心理自助礼物）,米兰弗特毕,2017-08-31,湖南少年儿童出版社,21337条评论
38.,http://product.dangdang.com/22608209.html,最美的法布尔昆虫记（1-12）,法布尔,2012-04-01,新星出版社,71791条评论
39.,http://product.dangdang.com/23633727.html,花婆婆,芭芭拉库尼,2014-12-01,河北教育出版社,219464条评论
40.,http://product.dangdang.com/25171004.html,美国妈妈选择奖金奖绘本（套装共4册）,玛丽安妮,2017-10-01,天津人民出版社,45479条评论
41.,http://product.dangdang.com/25314288.html,100层的房子【新版】（纵开式畅销绘本3册套装， 100层的房子+地下100层的房子+海底100层的房子）,岩井俊雄,2018-08-01,北京科学技术出版社,113946条评论
42.,http://product.dangdang.com/23254613.html,暖房子爱的故事口袋绘本（套装共30册）,保罗布莱特,2013-05-01,北京联合出版公司,145495条评论
43.,http://product.dangdang.com/25195971.html,万能工程师麦克（全20册）为3～6岁孩子打造的小工程师养成绘本,乔治・约翰逊,2017-12-18,长江少年儿童出版社,27138条评论
44.,http://product.dangdang.com/23748591.html,学会爱自己（第3辑）（不为坏人保守秘密，不随便顺从别人！学会保护自己！）,艾迪特・史莱博・维克,2015-08-10,青岛出版社,135158条评论
45.,http://product.dangdang.com/25247886.html,学会爱自己（全4辑 共20册）（教孩子免受性侵犯！学会自我保护、自我管理，懂得悦纳自己、自我激励！儿童自我保护意识、行为习惯培养绘本！）,珊蒂,2018-03-20,青岛出版社,12133条评论
46.,http://product.dangdang.com/22545142.html,古利和古拉系列（1-7）,中川李枝子,2011-11-15,南海出版公司,82970条评论
47.,http://product.dangdang.com/23967003.html,遇见美好系列（第1辑，全8册）,克尼斯特,2016-06-30,中信出版社,69445条评论
48.,http://product.dangdang.com/22886330.html,大脚丫跳芭蕾系列（套装全4册 跳芭蕾+学芭蕾+玻璃鞋+游巴黎）,埃米.扬,2012-09-01,河北教育出版社,34774条评论
49.,http://product.dangdang.com/24030565.html,百年童话绘本・典藏版第1辑（全6册）,莱曼・兰克・鲍姆,2016-09-15,北京联合出版公司,26419条评论
50.,http://product.dangdang.com/25342852.html,遇见幽默:没有什么不可以（首套法国幽默情商启蒙绘本，精装全5册）,安托南・卢沙尔,2018-08-01,吉林美术出版社,12699条评论
51.,http://product.dangdang.com/23840178.html,不一样的卡梅拉动漫绘本(23-32),克利斯提昂约里波瓦同名绘本动画片,2016-01-01,二十一世纪出版社,76262条评论
52.,http://product.dangdang.com/25190113.html,不一样的卡梅拉注音版(1-15) 想去看海/想有颗星星/有个弟弟/找回太阳/爱小黑猫/打败怪兽/找到朗朗/不要被吃掉/喜欢他/逍遥岛/挑战魔法屋,克利斯提昂・约里波瓦,2017-11-01,二十一世纪出版社,13472条评论
53.,http://product.dangdang.com/20675243.html,斯凯瑞金色童书・第五辑（全4册）,斯凯瑞,2009-10-01,贵州人民出版社,86920条评论
54.,http://product.dangdang.com/23392959.html,苏斯博士经典绘本（全15册）,苏斯,2014-01-01,连环画出版社,74679条评论
55.,http://product.dangdang.com/23387014.html,折耳兔瑞奇成长绘本系列（ 共12册）,吉多・范・西纳顿,2013-12-01,中国少年儿童出版社,48118条评论
56.,http://product.dangdang.com/23478852.html,THIS IS米先生的世界旅游绘本全集（全16册）,萨塞克,2014-05-01,安徽少年儿童出版社,26611条评论
57.,http://product.dangdang.com/25246337.html,小威向前冲,尼古拉斯・艾伦,2018-04-23,贵州人民出版社,214153条评论
58.,http://product.dangdang.com/23427130.html,小小自然图书馆（全40册）,帕帕尤娜,2014-01-01,安徽少年儿童出版社,50941条评论
59.,http://product.dangdang.com/25102405.html,把坏脾气收起来,卡罗尔・罗思,2017-08-01,北京科学技术出版社,76949条评论
60.,http://product.dangdang.com/25074553.html,不一样的卡梅拉全套手绘本（1-14册）,克利斯提昂,2017-05-01,二十一世纪出版社,26977条评论
61.,http://product.dangdang.com/25284537.html,手不是用来打人的（儿童好品德系列，全5册）,伊丽莎白・弗迪克,2018-04-01,贵州教育出版社,117330条评论
62.,http://product.dangdang.com/23247691.html,查理与劳拉（升级版全15册）含我绝对绝对不吃番茄,罗伦・乔尔德,2013-04-01,,20211条评论
63.,http://product.dangdang.com/21086025.html,我喜欢自己,卡尔森,2011-05-01,河北教育出版社,106944条评论
64.,http://product.dangdang.com/23329837.html,小熊和最好的爸爸（全7册）（精装版）,亚历克期沃尔夫,2013-09-01,贵州人民出版社,25422条评论
65.,http://product.dangdang.com/23485739.html,大卫，不可以,大卫・香农David,2014-08-01,河北教育出版社,218481条评论
66.,http://product.dangdang.com/23797263.html,不一样的卡梅拉手绘本（1-13烫金版）去看海/有颗星星/弟弟/找回太阳/小黑猫/打败怪兽/找到朗朗/平底锅/睡美,克利斯提昂约里波瓦,2015-05-01,二十一世纪出版社,50699条评论
67.,http://product.dangdang.com/25205610.html,美猴王系列丛书（全32册）,吴承恩,2017-09-01,朝华出版社,4733条评论
68.,http://product.dangdang.com/22518209.html,和朋友们一起想办法(全八册）,戈尔德萨克,2011-10-01,长江少年儿童出版社,416770条评论
69.,http://product.dangdang.com/25108090.html,活了100万次的猫（珍藏版）,佐野洋子,2017-04-01,接力出版社,257744条评论
70.,http://product.dangdang.com/25098168.html,红帽子艾米莉（共24册） 法国经典畅销绘本，助孩子轻松解决成长问题,多米蒂耶・德普雷桑塞,2017-07-01,辽宁少年儿童出版社,13507条评论
71.,http://product.dangdang.com/25280799.html,皮特猫・3~6岁好性格养成书：第二辑（套装共6册）（乐观、自信、勇敢……皮特猫在美国家喻户晓，几乎每个孩子都在读！）,金柏莉・迪安与詹姆斯・迪安,2018-06-03,文汇出版社,61606条评论
72.,http://product.dangdang.com/25176540.html,花格子大象艾玛经典绘本系列（套装全6册）,大卫・麦基,2017-10-01,中信出版社,56589条评论
73.,http://product.dangdang.com/22766429.html,中国第一套儿童情绪管理图画书全集（典藏版）（全16册）,新西兰,2012-06-01,湖北少儿出版社,18826条评论
74.,http://product.dangdang.com/23535952.html,请不要生气・日本精选儿童成长绘本系列,楠茂宣,2014-07-01,北京科学技术出版社,112639条评论
75.,http://product.dangdang.com/25224741.html,开车出发系列礼盒装 (第一辑+第二辑）赠送 四个KT板拼差车模,间濑直方,2017-09-01,二十一世纪出版社,14851条评论
76.,http://product.dangdang.com/25315718.html,成语故事（全20册）（绘本版）,中国教育科学研究院学前教育研究中心,2018-08-01,教育科学出版社,6158条评论
77.,http://product.dangdang.com/23941774.html,日本精选科学绘本（平装版，共12册，适合4岁以上儿童阅读）,加古里子,2016-05-01,北京科学技术出版社,19105条评论
78.,http://product.dangdang.com/25227339.html,信谊世界精选图画书・爷爷一定有办法,菲比・吉尔曼,2013-04-01,明天出版社,296712条评论
79.,http://product.dangdang.com/25227242.html,信谊世界精选图画书・蚯蚓的日记,朵琳・克罗宁,2013-04-01,明天出版社,204105条评论
80.,http://product.dangdang.com/22760339.html,恐龙大陆,黑川光广,2012-05-01,新星出版社,55738条评论
81.,http://product.dangdang.com/25264856.html,《幼儿学古诗（全2册）》,中国教育科学研究院早期教育研究中心,2018-05-01,教育科学出版社,28841条评论
82.,http://product.dangdang.com/25215300.html,有你真好（全三册）,纳迪娜・布兰,2016-12-01,新疆青少年出版社,50363条评论
83.,http://product.dangdang.com/25233153.html,中国神话故事绘本,歪歪兔童书馆,2018-03-01,海豚出版社,12425条评论
84.,http://product.dangdang.com/24170653.html,小猪佩奇主题绘本（套装5册）,英国快乐瓢虫出版公司,2017-01-01,安徽少年儿童出版社,89762条评论
85.,http://product.dangdang.com/22644662.html,11只猫（全6册）：好奇、调皮、有点儿自我，就是真正孩子的模样,�z日�{马场登,2012-04-01,新星出版社,46425条评论
86.,http://product.dangdang.com/25247885.html,学会爱自己（第4辑）（学会自我管理，懂得自我激励！儿童情绪管理、行为习惯培养绘本！）,渡边有一,2018-03-20,青岛出版社,21995条评论
87.,http://product.dangdang.com/25572546.html,宫西达也精选绘本（数学绘本+超人绘本+暖心绘本！第2辑，全5册）,宫西达也,2018-10-26,青岛出版社,16661条评论
88.,http://product.dangdang.com/25265074.html,小鸡鸡的故事+乳房的故事（全2册，性教育套装2018版）,山本直英,2018-04-11,连环画出版社,48912条评论
89.,http://product.dangdang.com/24196631.html,火车头+火车迷（凯迪克金奖、奥斯汀年轻工程师奖作品，套装共2册）,布莱恩・弗洛卡,2017-03-01,福建少年儿童出版社,45501条评论
90.,http://product.dangdang.com/23485741.html,菲菲生气了,莫莉・卞,2014-03-01,河北教育出版社,105758条评论
91.,http://product.dangdang.com/25073861.html,一粒种子的旅行,安妮・默勒,2017-06-01,南海出版公司,168980条评论
92.,http://product.dangdang.com/20910677.html,斯凯瑞金色童书 第6辑（全4册）,理查德斯凯瑞,2010-09-01,贵州人民出版社,74658条评论
93.,http://product.dangdang.com/23234814.html,爱打嗝的斑马（精装）,大卫,2013-04-01,北京联合出版公司,61031条评论
94.,http://product.dangdang.com/23808894.html,宫西达也勇气绘本（平装全6册）,宫西达也,2015-11-01,青岛出版社,39960条评论
95.,http://product.dangdang.com/23229260.html,聪明豆绘本系列第1-7辑(套装共48册),莎伦・瑞特,2013-04-01,外语教学与研究出版社,10246条评论
96.,http://product.dangdang.com/23217273.html,学会爱自己（全7册）儿童自我保护意识培养绘本，含不要随便摸我、不要随便亲我等,克雷文,2013-01-01,青岛出版社,105337条评论
97.,http://product.dangdang.com/25070171.html,小黑鱼和他的朋友们（全14册）,李欧・李奥尼,2017-06-01,南海出版公司,28323条评论
98.,http://product.dangdang.com/25229340.html,国际大奖情绪绘本（精装全3册）,克里斯蒂娜・诺斯特林格,2018-03-01,辽宁少年儿童出版社,12126条评论
99.,http://product.dangdang.com/25140803.html,自我保护意识培养（1-5辑精美盒装）（套装共10册）,达柯玛尔・盖斯勒,2017-08-01,HarperCollins UK,8311条评论
100.,http://product.dangdang.com/25176229.html,月亮的味道（精装）,麦克格雷涅茨,2017-10-01,二十一世纪出版社,171336条评论
101.,http://product.dangdang.com/25246688.html,中国传统节日故事图画书（共七册：春节、元宵、清明、端午、七夕、中秋、重阳）,高洪波,2018-04-01,中国少年儿童出版社,14184条评论
102.,http://product.dangdang.com/24145119.html,遇见美好系列（第2辑 全10册）,约翰・A.罗,2016-12-20,中信出版社,24013条评论
103.,http://product.dangdang.com/24242871.html,鸭子骑车记,大卫・香农,2017-04-01,新星出版社,168599条评论
104.,http://product.dangdang.com/25169361.html,犟龟,米切尔.恩德,2017-10-01,二十一世纪出版社,140830条评论
105.,http://product.dangdang.com/23809865.html,第一次自己睡觉,季巳明代,2015-09-01,北京联合出版公司,54061条评论
106.,http://product.dangdang.com/24236833.html,玛格丽特晚安诗（全2册）双语绘本 经典诗歌,玛格丽特・怀兹・布朗,2017-05-01,长江少年儿童出版社,19516条评论
107.,http://product.dangdang.com/23485740.html,我爸爸,安东尼・布朗,2014-08-01,河北教育出版社,170596条评论
108.,http://product.dangdang.com/23604582.html,乌鸦面包店（全5册）,加古里子,2015-01-01,新星出版社,66312条评论
109.,http://product.dangdang.com/25189769.html,100层的巴士 麦克米伦世纪,麦克,2017-10-01,二十一世纪出版社,98063条评论
110.,http://product.dangdang.com/25284772.html,莫可可看世界全8册,布克布克,2018-06-01,辽宁少年儿童出版社,3540条评论
111.,http://product.dangdang.com/23524999.html,小红火车大冒险故事绘本系列(全7册),本尼迪克特・布拉瑟韦特,2014-08-01,贵州人民出版社,29548条评论
112.,http://product.dangdang.com/25183398.html,大熊先生盖房子（澳大利亚青少年图书奖获奖作家、加拿大总督奖获奖绘者联袂打造）,珍・戈德温,2017-11-01,中译出版社,20217条评论
113.,http://product.dangdang.com/9203153.html,青蛙弗洛格的成长故事（第一辑 全12册）,马克思,2006-06-01,湖南少年儿童出版社有限责任公司,236343条评论
114.,http://product.dangdang.com/20043534.html,庆子绘本（全4册）,凯萨兹,2007-10-15,贵州人民出版社,78187条评论
115.,http://product.dangdang.com/25197943.html,勇气 绘本,伯纳德・韦伯,2018-01-01,北京联合出版有限公司,99031条评论
116.,http://product.dangdang.com/22812599.html,我爱幼儿园,塞尔日・布洛克,2012-08-01,北京科学技术出版社,161398条评论
117.,http://product.dangdang.com/23636869.html,小猪小象系列套装（全5册）,莫・威廉斯,2015-01-01,国际文化出版公司,31778条评论
118.,http://product.dangdang.com/24197644.html,如果恐龙还活着・想象力与心智成长绘本（套装四册）,蒂莫西・纳普曼,2017-02-01,中信出版社,37984条评论
119.,http://product.dangdang.com/20359144.html,小威向前冲,艾伦,2008-10-01,贵州人民出版社,177517条评论
120.,http://product.dangdang.com/25281633.html,小读客・3-6岁好性格养成书：皮特猫第一辑(套装共6册)（乐观、自信、勇敢……皮特猫在美国家喻户晓，几乎每个孩子都在读！）,艾瑞克・利温,2014-02-01,北京联合出版公司,11415条评论
121.,http://product.dangdang.com/25167441.html,学会爱自己（第1辑）,珊蒂,2017-09-10,青岛出版社,443179条评论
122.,http://product.dangdang.com/25069962.html,小黑鱼,李欧・李奥尼,2010-01-01,南海出版公司,122022条评论
123.,http://product.dangdang.com/24144606.html,不许抠鼻子！,托尼,2016-11-01,北京联合出版公司,36931条评论
124.,http://product.dangdang.com/25183401.html,解救座头鲸（2016美国银行街zui佳童书奖）,罗伯特・伯利,2017-11-01,中译出版社,15263条评论
125.,http://product.dangdang.com/25148578.html,我不再吃手了,久世早苗,2017-08-01,北京科学技术出版社,33506条评论
126.,http://product.dangdang.com/9296435.html,大脚丫跳芭蕾,柯倩华,2007-04-01,河北教育出版社,100044条评论
127.,http://product.dangdang.com/20263101.html,信谊世界精选图画书・好饿的毛毛虫,卡尔,2008-08-01,明天出版社,237389条评论
128.,http://product.dangdang.com/25280355.html,神奇校车・人文版（全3册）,乔安娜柯尔,2018-06-06,贵州人民出版社,139026条评论
129.,http://product.dangdang.com/24157228.html,熊亮・中国绘本（全10册）,熊亮,2016-12-21,天津人民出版社,5371条评论
130.,http://product.dangdang.com/25234508.html,信谊世界精选图画书・好饿的毛毛虫,卡尔,2008-04-01,明天出版社,265677条评论
131.,http://product.dangdang.com/25182142.html,凯迪克得主李欧・李奥尼经典作品：第1辑（7本：小黑鱼、田鼠阿佛、发条老鼠、玛修的梦、这是我的、鳄鱼哥尼流、奇特的蛋）,李欧・李奥尼,2017-06-01,南海出版公司,3993条评论
132.,http://product.dangdang.com/23170830.html,学会爱自己（第2辑）（学会大声说“不”，拒绝不当对待！学会保护自己！）,史蒂芬柯洛,2013-01-01,青岛出版社,128203条评论
133.,http://product.dangdang.com/23822903.html,我的日记系列・第一辑,高洪波,2015-12-01,中国少年儿童新闻出版总社,36667条评论
134.,http://product.dangdang.com/23557290.html,大卫上学去,大卫・香农David,2008-10-01,河北教育出版社,95549条评论
135.,http://product.dangdang.com/24030561.html,百年童话绘本・典藏版第3辑（全6册）,格林兄弟,2016-09-15,北京联合出版公司,9132条评论
136.,http://product.dangdang.com/25280800.html,皮特猫・3~6岁好性格养成书：第三辑（套装共6册）（乐观、自信、勇敢……皮特猫在美国家喻户晓，几乎每个孩子都在读！）,金柏莉・迪安与詹姆斯・迪安,2018-06-03,文汇出版社,16081条评论
137.,http://product.dangdang.com/23353916.html,信谊世界精选图画书・逃家小兔,赫德,2013-06-01,明天出版社,193921条评论
138.,http://product.dangdang.com/23667083.html,安的种子,王早早,2015-01-01,海燕出版社,103190条评论
139.,http://product.dangdang.com/24167477.html,再见，电视机,帕特里克・贝尔,2017-01-01,北京科学技术出版社,54659条评论
140.,http://product.dangdang.com/24030560.html,百年童话绘本・典藏版第2辑（全6册）,格林兄弟,2016-09-15,北京联合出版公司,9613条评论
141.,http://product.dangdang.com/25317615.html,皮特猫・3~6岁好性格养成书：第四辑（套装共6册）（乐观、自信、勇敢……皮特猫在美国家喻户晓，几乎每个孩子都在读！）,金柏莉・迪安与詹姆斯・迪安,2018-08-14,文汇出版社,66735条评论
142.,http://product.dangdang.com/23223234.html,青蛙弗洛格系列礼盒装（全四辑，共34册）,马克斯,2013-04-01,,18724条评论
143.,http://product.dangdang.com/23168354.html,第一次上街买东西（全5册）,筒井赖子,2013-01-15,新星出版社,59197条评论
144.,http://product.dangdang.com/25078294.html,几米：不睡觉世界冠军,�酌�,2017-06-01,新星出版社,80269条评论
145.,http://product.dangdang.com/24184714.html,自我保护意识培养第1辑：我不跟你走+别想欺负我,达柯玛尔・盖斯勒,2016-09-01,辽宁人民出版社,50551条评论
146.,http://product.dangdang.com/23319370.html,身体有个小秘密（全八册）,柳生弦一郎,2013-08-01,新星出版社,25067条评论
147.,http://product.dangdang.com/25247931.html,毛毛兔儿童情绪管理图画书（全8册）中英双语版,新西兰,2018-04-01,长江少年儿童出版社,3853条评论
148.,http://product.dangdang.com/23798047.html,我讨厌妈妈,酒井驹子,2015-10-01,新星出版社,61289条评论
149.,http://product.dangdang.com/22576782.html,睡觉去，小怪物！,马里奥,2011-12-01,北京联合出版公司,53071条评论
150.,http://product.dangdang.com/23815226.html,《我的神奇马桶》亲子阅读绘本,铃木典丈,2016-01-01,贵州人民出版社,33039条评论
151.,http://product.dangdang.com/25096919.html,德国精选科学图画书 （套装3册，扫二维码听故事）,安娜・鲁斯曼,2017-06-01,北京科学技术出版社,13516条评论
152.,http://product.dangdang.com/25214826.html,爱心树（2018版）,谢尔・希尔弗斯坦,2018-01-01,北京联合出版有限公司,198507条评论
153.,http://product.dangdang.com/25069496.html,可爱的鼠小弟（13-22）,中江嘉男,2013-10-01,南海出版公司,49549条评论
154.,http://product.dangdang.com/23612361.html,我妈妈,安东尼布朗,2007-04-01,河北教育出版社,78431条评论
155.,http://product.dangdang.com/25289479.html,蒙氏家庭幼儿园：蒙台梭利儿童独立发展绘本+蒙台梭利亲子学习工具包,夏娃・埃尔曼,2018-07-01,中信出版社,3039条评论
156.,http://product.dangdang.com/23940063.html,孩子没关系逆商培养图画书（全5册）,杨泰锡,2016-03-01,新疆青少年出版社发行部（教辅）,14743条评论
157.,http://product.dangdang.com/25246666.html,麦田精选图画书 鳄鱼爱上长颈鹿系列（5本套装）,达妮拉・库洛特,2018-01-01,少年儿童出版社,26514条评论
158.,http://product.dangdang.com/25082364.html,小猪麦洛普一家探险记（全五册） 国际安徒生奖得主、《三个强盗》作者首部成名作,汤米・温格尔,2017-06-01,湖南少年儿童出版社,13788条评论
159.,http://product.dangdang.com/25262408.html,我要做自己系列图画书（全7册）（一套让孩子从我要做自己到学会我会爱自己的优秀图画书，帮助孩子自立、自爱、自信的成长）,克里斯蒂娜・施耐德,2018-06-01,海豚出版社,3442条评论
160.,http://product.dangdang.com/23639310.html,穿靴子的猫,弗雷德马塞利诺,2015-01-01,二十一世纪出版社,57058条评论
161.,http://product.dangdang.com/25163145.html,让路给小鸭子――（启发童书馆出品）,麦克洛斯基,2017-09-01,河北教育出版社,26642条评论
162.,http://product.dangdang.com/25217983.html,哇！故宫的二十四节气・春,故宫博物院宣传教育部,2018-02-01,人民日报出版社,4429条评论
163.,http://product.dangdang.com/22529197.html,海豚绘本花园第8辑・大爱的涵义（全15册）,泰马克・泰勒,2009-03-01,湖北美术出版社,12098条评论
164.,http://product.dangdang.com/23259520.html,信谊世界精选图画书・爷爷一定有办法,吉尔曼,2013-04-01,明天出版社,238086条评论
165.,http://product.dangdang.com/25227340.html,信谊世界精选图画书・逃家小兔 ,玛格丽特・怀兹・布朗,2013-06-01,明天出版社,223270条评论
166.,http://product.dangdang.com/25230329.html,失落的一角（2018版）,谢尔・希尔弗斯坦,2018-01-01,北京联合出版有限公司,119517条评论
167.,http://product.dangdang.com/23200283.html,中国记忆・传统节日图画书（全12册）,王早早,2012-01-01,北京师范大学出版社,17321条评论
168.,http://product.dangdang.com/24030563.html,百年童话绘本・典藏版第4辑（全6册）,格林兄弟,2016-09-15,北京联合出版公司,6796条评论
169.,http://product.dangdang.com/23767677.html,我的大喊大叫的一天,瑞贝卡・帕特,2015-08-01,新世纪出版社,31988条评论
170.,http://product.dangdang.com/25267926.html,好习惯・坏习惯（全6册 ）帮助3-6岁孩子养成好的行为习惯绘本,木村裕一,2018-09-01,上海文化出版社,7904条评论
171.,http://product.dangdang.com/24030564.html,百年童话绘本・典藏版第5辑（全6册）,格林兄弟,2016-09-15,北京联合出版公司,6809条评论
172.,http://product.dangdang.com/25251691.html,凯迪克金奖绘本 ： 三只小猪 / 耕林童书馆,大卫,2018-01-01,江苏凤凰少年儿童出版社,39610条评论
173.,http://product.dangdang.com/23441432.html,一片叶子落下来,利奥・巴斯卡利亚,2014-04-01,南海出版公司,78758条评论
174.,http://product.dangdang.com/23486162.html,托马斯和朋友精装原著绘本（全20册）,奥德利牧师,2014-06-01,人民邮电出版社,10470条评论
175.,http://product.dangdang.com/25164146.html,鸭子骑车记（全2册）,大卫・香农,2017-09-01,HarperCollins UK,11619条评论
176.,http://product.dangdang.com/25124595.html,遇见美好系列（第3辑，全15册）,安徒生,2017-06-01,中信出版社,3994条评论
177.,http://product.dangdang.com/25241910.html,点点点(2018版，小黄和小蓝升级版),埃尔维・杜莱,2018-03-01,２１世纪出版社,127992条评论
178.,http://product.dangdang.com/23906415.html,麦田精选图画书 鳄鱼爱上长颈鹿系列（3本套装）,达妮拉・库洛特,2016-02-01,少年儿童出版社,19642条评论
179.,http://product.dangdang.com/22715324.html,爱看书的男孩：亚伯拉罕・林肯,温特斯,2012-05-01,北京联合出版公司,40891条评论
180.,http://product.dangdang.com/24105082.html,荷兰金色童书（全20册）,图恩・特勒根,2016-11-03,贵州人民出版社,4065条评论
181.,http://product.dangdang.com/25311931.html,彩虹色的花,麦克,2018-07-01,二十一世纪出版社,20637条评论
182.,http://product.dangdang.com/23249152.html,蚂蚁和西瓜,二十一世纪出版社,2005-08-01,２１世纪出版社,94815条评论
183.,http://product.dangdang.com/23337896.html,猜猜我有多爱你（央视朗读者 邹市明 冉莹莹倾情朗读）,田村茂,2013-07-01,明天出版社,372602条评论
184.,http://product.dangdang.com/23509395.html,和甘伯伯去游河,２１世纪出版社,2008-09-01,河北教育出版社,50290条评论
185.,http://product.dangdang.com/20163872.html,斯凯瑞金色童书・第四辑（全2册）,婕朗,2008-04-01,贵州人民出版社,47694条评论
186.,http://product.dangdang.com/25264607.html,图勒的小幸福（全8册）,明天出版社,2018-03-01,辽宁少年儿童出版社,2219条评论
187.,http://product.dangdang.com/20831348.html,晚安，大猩猩,伯宁罕,2010-06-01,南海出版公司,101266条评论
188.,http://product.dangdang.com/25328595.html,桑达克奖幽默绘本（套装4册）,河北教育出版社,2018-08-01,中信出版社,6024条评论
189.,http://product.dangdang.com/25225870.html,信谊世界精选图画书・青蛙和蟾蜍,斯凯瑞,2009-06-01,明天出版社,59940条评论
190.,http://product.dangdang.com/25182695.html,呼兰河传（绘本版）（和孩子一起，用单纯清澈的目光看世界）,贵州人民出版社,2017-11-01,海豚出版社,10139条评论
191.,http://product.dangdang.com/25089703.html,凯迪克金奖绘本 永远的玛德琳 （全6册）,托马斯・蒂德霍尔姆,2017-06-01,化学工业出版社,7012条评论
192.,http://product.dangdang.com/24221823.html,家有恐龙习惯养成图画书,辽宁少年儿童出版社,2017-03-17,接力出版社,8670条评论
193.,http://product.dangdang.com/23268048.html,石头汤,佩吉・拉特曼,2013-06-01,南海出版公司,84925条评论
194.,http://product.dangdang.com/25267663.html,点点点+变变变（点变套装2018版）,南海出版公司,2018-04-12,二十一世纪出版社,19021条评论
195.,http://product.dangdang.com/23528897.html,幼儿园的一天,弗兰恩・普雷斯顿,2014-08-01,北京科学技术出版社,57085条评论
196.,http://product.dangdang.com/25183655.html,淘弟有个大世界：孩子的第一套情商培养书（双语版）（套装全8册）,中信出版社,2017-09-18,中信出版社,4610条评论
197.,http://product.dangdang.com/23441381.html,小小旅行家――我的第一本人文地理图画书（全12册）,艾诺・洛贝尔,2014-01-01,少年儿童出版社,12813条评论
198.,http://product.dangdang.com/22641750.html,海豚绘本花园第9辑・沟通的妙招（全15册）,明天出版社,2012-03-01,湖北少儿出版社,11006条评论
199.,http://product.dangdang.com/23806760.html,暖房子爱的故事口袋绘本・第二辑（套装共20册）,萧红,2016-01-01,北京联合出版公司,20670条评论
200.,http://product.dangdang.com/21036203.html,海豚绘本花园第6辑・顽皮的精灵（全15册）,海豚出版社,2010-05-01,湖北美术出版社,15923条评论
201.,http://product.dangdang.com/25286302.html,谁藏起来了（2018版）,大西悟,2018-06-01,２１世纪出版社,72522条评论
202.,http://product.dangdang.com/23633726.html,疯狂星期二,大卫威斯纳David,2014-09-01,河北教育出版社,45144条评论
203.,http://product.dangdang.com/25215890.html,我爸爸+我妈妈+我喜欢书（幼儿园经典绘本套装全3册）―（启发童书馆出品）,安东尼,2018-01-29,河北教育出版社,7207条评论
204.,http://product.dangdang.com/23300108.html,信谊世界精选图画书・鳄鱼怕怕 牙医怕怕,五味太郎,2013-07-22,明天出版社,94750条评论
205.,http://product.dangdang.com/25225871.html,信谊绘本：3-6岁中国传统文化绘本・团圆,余丽琼,2008-04-01,明天出版社,47814条评论
206.,http://product.dangdang.com/25223888.html,鼹鼠的故事：经典版,兹德内克・米勒,2018-04-01,接力出版社,21172条评论
207.,http://product.dangdang.com/23274872.html,老鼠娶新娘,张玲玲,2008-01-01,２１世纪出版社,51569条评论
208.,http://product.dangdang.com/25226861.html,小喇叭中国儿童经典广播故事讲读绘本（80册）,江通动漫,2018-01-01,人民邮电出版社,790条评论
209.,http://product.dangdang.com/25295828.html,五味太郎四季绘本：全4册 （日本超人气绘本大师五味太郎作品，充分调动孩子想象力）,五味太郎,2018-07-10,上海文化出版社,3715条评论
210.,http://product.dangdang.com/20565187.html,信谊世界精选图画书・魔法亲亲,奥黛莉・潘恩,2009-03-01,明天出版社,58165条评论
211.,http://product.dangdang.com/25192711.html,蒙施爷爷讲故事（全12册）,罗伯特・蒙施,2017-05-09,北京联合出版公司,5456条评论
212.,http://product.dangdang.com/25069499.html,小金鱼逃走了,五味太郎,2017-04-01,新星出版社,48642条评论
213.,http://product.dangdang.com/25177137.html,给孩子的哲学绘本（套装全6册）,埃纳尔,2017-11-01,中信出版社,3138条评论
214.,http://product.dangdang.com/23347670.html,花婆婆・方素珍 翻译绘本馆：爱书的孩子,方素珍,2013-10-01,浙江少年儿童出版社,73086条评论
215.,http://product.dangdang.com/25099787.html,暖房子游乐园・小卡车系列(全4册),宫西达也,2017-06-01,北京联合出版公司,5678条评论
216.,http://product.dangdang.com/23483995.html,晚安，月亮,玛格丽特・怀兹・布朗,2014-07-01,北京联合出版公司,53681条评论
217.,http://product.dangdang.com/20560434.html,启发精选美国凯迪克大奖绘本：天空在脚下,麦卡利,2009-04-01,河北教育出版社,49511条评论
218.,http://product.dangdang.com/25244032.html,深见春夫魔法图画书系列（全5册）,深见春夫,2018-03-01,电子工业出版社,8245条评论
219.,http://product.dangdang.com/24144614.html,我变成一只喷火龙了！,赖马,2016-11-01,河北教育出版社,24111条评论
220.,http://product.dangdang.com/22725911.html,海豚绘本花园第10辑・艺术的盛宴（全15册）,玛秋莎・帕基,2008-07-01,湖北美术出版社,10865条评论
221.,http://product.dangdang.com/23790037.html,深见春夫“睡得香”图画书系列（彩色套装，共5册）,深见春夫,2015-10-01,电子工业出版社,9922条评论
222.,http://product.dangdang.com/23815227.html,《我的百变浴缸》亲子阅读绘本,铃木典丈,2016-01-01,贵州人民出版社,21242条评论
223.,http://product.dangdang.com/20460673.html,朱家故事,布朗,2009-01-01,河北教育出版社,47103条评论
224.,http://product.dangdang.com/25274358.html,小兔汤姆系列（第一辑）（全六册 ）,玛莉,2008-01-01,海燕出版社,277134条评论
225.,http://product.dangdang.com/23257360.html,你看起来好像很好吃,宫西达也,2009-01-01,２１世纪出版社,66309条评论
226.,http://product.dangdang.com/23813712.html,和朋友们一起想办法（第二辑）：全8册,加比戈尔德萨克,2015-12-01,长江少年儿童出版社,45592条评论
227.,http://product.dangdang.com/23931109.html,小熊学校（14册）,相原博之,2016-04-01,人民邮电出版社,12071条评论
228.,http://product.dangdang.com/25227237.html,信谊世界精选图画书・生气汤,贝西・艾芙瑞,2007-06-01,明天出版社,62360条评论
229.,http://product.dangdang.com/24002579.html,市场街最后一站,马特・德拉培尼亚,2016-08-09,中信出版社,31944条评论
230.,http://product.dangdang.com/25323286.html,落叶跳舞（2018版 秋季主题阅读首选）,伊东宽,2007-10-23,２１世纪出版社,96010条评论
231.,http://product.dangdang.com/23275009.html,小房子,维吉尼亚・李・伯顿,2013-07-01,南海出版公司,59922条评论
232.,http://product.dangdang.com/23909341.html,再见，妈妈的奶,伴朋子,2016-03-01,北京科学技术出版社,27499条评论
233.,http://product.dangdang.com/25265348.html,小鸡鸡的故事（2018版，早期儿童性教育自我保护系列）,山本直英,2018-04-18,连环画出版社,95033条评论
234.,http://product.dangdang.com/23959733.html,折耳兔瑞奇快乐成长绘本系列（ 全13册）大开本,吉多・范・西纳顿,2016-05-01,中国少年儿童出版社,4742条评论
235.,http://product.dangdang.com/23933715.html,暖暖心绘本・旅行版（全30册）,米兰弗特毕,2016-05-01,湖南少年儿童出版社,20591条评论
236.,http://product.dangdang.com/25119981.html,好爸爸绘本系列（8册）（爸爸的头发/可怕的爸爸/爸爸船/去钓鱼/开学日/找爸爸/小红帽/真正的爸爸）,乔・奥康纳,2017-07-01,HarperCollins UK,8177条评论
237.,http://product.dangdang.com/9272644.html,聪明豆绘本系列第一辑（套装共6册）,唐纳森,2005-05-01,外语教学与研究出版社,61595条评论
238.,http://product.dangdang.com/23184346.html,停电以后,约翰・罗科,2013-06-01,贵州人民出版社,35277条评论
239.,http://product.dangdang.com/25264680.html,耕林童书馆：呀！屁股 （性教育启蒙自我保护意识绘本 ）,迈普里斯,2018-05-01,江苏凤凰少年儿童出版社,85874条评论
240.,http://product.dangdang.com/25153516.html,和爸爸一起真好,塞尔日・布洛克,2017-09-01,北京科学技术出版社,16832条评论
241.,http://product.dangdang.com/23790038.html,深见春夫“想得美”图画书系列（彩色套装，共5册）,深见春夫,2015-10-01,电子工业出版社,10379条评论
242.,http://product.dangdang.com/23677870.html,鳄鱼莱莱人际交往绘本（全8册）,伯纳德・韦伯,2015-04-01,新星出版社,11532条评论
243.,http://product.dangdang.com/25070178.html,田鼠阿佛,李欧・李奥尼,2010-09-01,南海出版公司,57508条评论
244.,http://product.dangdang.com/23313602.html,彩虹鱼系列（全7册）,马克斯,2013-08-08,接力出版社,7182条评论
245.,http://product.dangdang.com/20022172.html,一看再看系列（全6册）,迈克奥里斯特,2007-10-01,贵州人民出版社,29647条评论
246.,http://product.dangdang.com/25093211.html,世界插画大师英诺森提作品・铁丝网上的小花,克里斯托夫・格莱兹,2017-05-01,明天出版社,18982条评论
247.,http://product.dangdang.com/20420792.html,海底的秘密――启发精选美国凯迪克大奖绘本系列,威斯纳,2008-10-01,河北教育出版社,52205条评论
248.,http://product.dangdang.com/25293735.html,天空100层的房子,岩井俊雄,2018-07-01,北京科学技术出版社,16440条评论
249.,http://product.dangdang.com/23298589.html,落叶跳舞,伊东宽,2007-10-01,２１世纪出版社,71801条评论
250.,http://product.dangdang.com/25163143.html,妈妈的红沙发――（启发童书馆出品）,薇拉・威廉斯,2017-09-01,河北教育出版社,19785条评论
251.,http://product.dangdang.com/23456501.html,第一次上街买东西（精装）,筒井赖子,2014-04-01,新星出版社,40649条评论
252.,http://product.dangdang.com/25077115.html,依偎的时光双语睡前绘本（全5册）,菲利斯・格萨托,2017-05-10,中信出版社,4215条评论
253.,http://product.dangdang.com/23207640.html,嘻哈农场（全4册）,朵琳克罗宁,2013-04-01,湖南少儿出版社,26211条评论
254.,http://product.dangdang.com/23509396.html,大卫惹麻烦,David,2014-07-01,河北教育出版社,49523条评论
255.,http://product.dangdang.com/21086026.html,糟糕，身上长条纹了！,香农,2011-05-01,河北教育出版社,37912条评论
256.,http://product.dangdang.com/24220938.html,牙婆婆 （儿童医师张思莱倾情推荐。愉快教导孩子保护牙齿的妈妈必备书！小朋友，你喜欢甜食吗？吃过甜食，你有好好刷牙吗？送给爱吃甜食的你！）,�i田澄子,2016-12-01,北京联合出版公司,24084条评论
257.,http://product.dangdang.com/25185359.html,绘本夏洛的网,E.B.怀特,2017-11-01,北京联合出版有限公司,9714条评论
258.,http://product.dangdang.com/25246338.html,致敬童心：给孩子的人生启蒙课（套装4册）,昆廷・布莱克,2018-02-01,中信出版社,4615条评论
259.,http://product.dangdang.com/23547568.html,你好，安东医生,西村敏雄,2014-09-01,连环画出版社,25511条评论
260.,http://product.dangdang.com/25156397.html,信谊世界精选图画书・我的情绪小怪兽,安娜・耶纳斯,2016-12-01,明天出版社,15851条评论
261.,http://product.dangdang.com/23600995.html,神奇糖果店,宫西达也,2014-10-01,河北教育出版社,31391条评论
262.,http://product.dangdang.com/23254614.html,神奇飞书,威廉・乔伊斯,2013-05-01,云南出版集团公司 晨光出版社,68570条评论
263.,http://product.dangdang.com/23480987.html,胡萝卜怪,阿伦・雷诺兹,2014-06-01,贵州人民出版社,28896条评论
264.,http://product.dangdang.com/25208722.html,新美南吉绘本珍藏版,新美南吉,2018-01-01,首都师范大学出版社,5279条评论
265.,http://product.dangdang.com/25266965.html,罗力小恐龙绘本系列（全3册）（我和老爸、我想要个宠物嘛、神秘的圣诞礼物）,莉兹・克里莫,2018-05-30,长江少年儿童出版社,5243条评论
266.,http://product.dangdang.com/25324236.html,我的世界・冒险故事图画书 珍藏礼盒装（1-12册）限量版,梅根・米勒,2018-08-15,安徽科学技术出版社,21177条评论
267.,http://product.dangdang.com/25163147.html,我喜欢书――（启发童书馆出品）,安东尼・布朗,2017-09-01,河北教育出版社,23259条评论
268.,http://product.dangdang.com/20907593.html,小老鼠无字书（全八册）,弗利克斯,2003-03-01,明天出版社,23429条评论
269.,http://product.dangdang.com/25312918.html,忙碌的车轮子系列（典藏版）（套装12册）,彼得,2018-08-01,安徽少年儿童出版社,1587条评论
270.,http://product.dangdang.com/23389905.html,灯塔守护人（全9册),新西兰,2013-12-13,贵州人民出版社,14283条评论
271.,http://product.dangdang.com/23498087.html,不一样的卡梅拉 珍藏版（共三册）,克利斯提昂・约里波瓦,2014-05-01,二十一世纪出版社,10405条评论
272.,http://product.dangdang.com/25215275.html,母牛玛塔向前冲（全四册）,热尔马诺・祖罗,2017-12-01,新疆青少年出版社,18383条评论
273.,http://product.dangdang.com/25095344.html,朋友桥・儿童社交能力培养精选绘本（全4册）,埃利安多・罗恰,2017-07-01,国家开放大学出版社,7538条评论
274.,http://product.dangdang.com/25352854.html,面包超人图画书系列（套装12册）,柳濑嵩,2018-09-30,湖南少年儿童出版社,5707条评论
275.,http://product.dangdang.com/20599505.html,生气的亚瑟,奥拉姆,2009-06-01,河北教育出版社,56353条评论
276.,http://product.dangdang.com/23826474.html,幼儿园里我最棒,詹妮弗・劳埃德,2016-01-01,北京科学技术出版社,34121条评论
277.,http://product.dangdang.com/24242346.html,小读客・一闪一闪小银鱼（犹太人的学前启蒙，从圣经和小银鱼开始。智慧民族以色列国民级绘本，以色列小朋友学前启蒙必读）（精装全3册）,保罗・候尔,2017-03-01,北京联合出版公司,8570条评论
278.,http://product.dangdang.com/25248008.html,信谊世界精选图画书・獾的礼物,苏珊・华莱,2017-11-01,明天出版社,68355条评论
279.,http://product.dangdang.com/25190753.html,幼儿园，我来了,解旭华,2017-11-01,天天出版社有限责任公司,6465条评论
280.,http://product.dangdang.com/20531233.html,神奇的蝌蚪系列（全６册）,凯洛格,2009-05-01,贵州人民出版社,10202条评论
281.,http://product.dangdang.com/25254721.html,信谊世界精选图画书・风到哪里去了,夏洛特・左罗托夫,2018-03-01,明天出版社,57377条评论
282.,http://product.dangdang.com/25076239.html,阁楼上的光,谢尔・希尔弗斯坦,2017-05-01,南海出版公司,54064条评论
283.,http://product.dangdang.com/25267927.html,内向的孩子怎么教：敏感小孩安东尼（全5册）,科尔斯滕・罗格德,2018-05-10,湖南少年儿童出版社,2679条评论
284.,http://product.dangdang.com/25329124.html,森林鱼童书：孩子必读的凯迪克大奖经典绘本（全4册、狮子和老鼠、威廉・布莱克旅馆的一次访问、丑小鸭、米兰迪和风哥哥）,南茜.威拉德,2018-07-30,浙江人民美术出版社,3473条评论
285.,http://product.dangdang.com/25302892.html,憋不住，憋不住，快要憋不住了,土屋富士夫,2018-06-25,贵州人民出版社,44579条评论
286.,http://product.dangdang.com/25273470.html,铃木绘本・成长是什么?（函套书共12册）,林木林,2018-05-30,北京理工大学出版社,1193条评论
287.,http://product.dangdang.com/25149720.html,大人每天都在做什么？（职业认知绘本）,维尔日妮,2017-08-01,青岛出版社,11401条评论
288.,http://product.dangdang.com/25247327.html,儒勒・凡尔纳科幻绘本系列（精装版）,安东尼斯・帕帕塞奥多罗,2018-01-01,中信出版社,3291条评论
289.,http://product.dangdang.com/23520085.html,不可思议的旅程,艾伦・贝克尔,2014-08-01,新星出版社,87217条评论
290.,http://product.dangdang.com/24186672.html,我的第一套圣经故事书,苏菲・派普尔,2017-03-01,江苏美术出版社,3117条评论
291.,http://product.dangdang.com/22725936.html,时钟的书（全2册 ）,松井纪子,2012-04-01,北京科学技术出版社,41456条评论
292.,http://product.dangdang.com/23992373.html,小兔朱利奥（全15册） 意大利安徒生奖作家代表作，帮孩子学会与朋友相处，培养勇敢、自信的好性格和好学、友爱的好品格,妮可莱塔・科斯塔,2016-06-10,安徽教育出版社,7178条评论
293.,http://product.dangdang.com/25299672.html,嘟嘟和巴豆系列 十周年纪念版（全10册）,霍利,2018-07-01,二十一世纪出版社,35428条评论
294.,http://product.dangdang.com/25087947.html,绘本花园：千万不要打开这本书系列（精装2册）,亚当・赖豪普特,2017-06-15,长江少年儿童出版社,4717条评论
295.,http://product.dangdang.com/23417706.html,小小世界大大的我・感知世界（全30册),文亨具,2014-02-01,湖北美术出版社,3330条评论
296.,http://product.dangdang.com/22923254.html,有一天,麦基,2013-01-01,新星出版社,71592条评论
297.,http://product.dangdang.com/23373591.html,我不知道我是谁,布莱克,2013-11-01,新星出版社,50969条评论
298.,http://product.dangdang.com/23831321.html,孩子没关系逆商培养图画书：受批评也没关系,畅销韩国的成长指导书,2016-01-01,新疆青少年出版社,20669条评论
299.,http://product.dangdang.com/24042192.html,总有一个吃包子的理由,袁晓峰,2016-07-15,贵州人民出版社,14603条评论
300.,http://product.dangdang.com/25346859.html,蓝精灵经典图画故事（套装共30册）,贝约,2018-10-01,接力出版社,725条评论
301.,http://product.dangdang.com/25537061.html,2018年国际安徒生奖得主全新长篇绘本：狐狸和兔子・老鼠的房子（套装共2册）,伊戈尔・欧尼科夫,2018-10-01,云南科学技术出版社,3591条评论
302.,http://product.dangdang.com/24042936.html,莫・威廉斯：古纳什小兔（全3册）,莫・威廉斯,2016-10-01,新星出版社,9187条评论
303.,http://product.dangdang.com/25161734.html,这是规定（全三册）,劳伦斯・萨隆,2017-09-01,海豚出版社,3918条评论
304.,http://product.dangdang.com/24057690.html,云朵面包,白希那,2016-08-01,接力出版社,21650条评论
305.,http://product.dangdang.com/9306555.html,阿文的小毯子,亨克斯,2007-04-01,河北教育出版社,47590条评论
306.,http://product.dangdang.com/25352675.html,圆白菜小弟（全5册）（2018版）,长新太,2018-08-01,北京联合出版有限公司,9600条评论
307.,http://product.dangdang.com/23478611.html,极地特快,奥尔斯伯格,2014-05-01,新星出版社,43340条评论
308.,http://product.dangdang.com/25229916.html,绘本花园：我的爸爸叫焦尼(精),波・R・汉伯格,2018-03-01,长江少年儿童出版社,15440条评论
309.,http://product.dangdang.com/20081732.html,因为我爱你（全3册）,莱德尔,2007-12-01,贵州人民出版社,52907条评论
310.,http://product.dangdang.com/20915504.html,绘本聊斋,蒲松龄,2010-09-01,连环画出版社,15716条评论
311.,http://product.dangdang.com/23654851.html,汽车嘟嘟嘟系列・新版（全8册）,竹下文子,2015-02-01,接力出版社,11887条评论
312.,http://product.dangdang.com/22485791.html,彩绘法布尔昆虫记 熊田千佳慕的世界（全5册）,熊田千佳慕,2011-09-01,贵州人民出版社,17242条评论
313.,http://product.dangdang.com/25228609.html,阿罗系列（全7册，含阿罗有支彩色笔等）,克罗格特・约翰逊,2018-02-03,接力出版社,65493条评论
314.,http://product.dangdang.com/23605937.html,我能自己睡系列晚安绘本（套装4册）,维拉里.格巴契夫,2014-10-01,北京联合出版公司,19911条评论
315.,http://product.dangdang.com/25225864.html,信谊世界精选图画书・母鸡萝丝去散步,佩特・哈群斯,2009-01-01,明天出版社,104187条评论
316.,http://product.dangdang.com/25317636.html,晚安月亮+逃家小兔+小岛（ 玛格丽特经典绘本全3册）,玛格丽特・怀兹・布朗,2018-06-01,群言出版社,5074条评论
317.,http://product.dangdang.com/25266329.html,绘本（西游记）20册合辑,胡志明,2017-01-01,连环画出版社,878条评论
318.,http://product.dangdang.com/22936846.html,世界的一天,安野光雅,2013-01-01,贵州人民出版社,37086条评论
319.,http://product.dangdang.com/25207371.html,狗年的礼物（全彩精装，限量版）,于平,2017-12-01,新世界出版社,4026条评论
320.,http://product.dangdang.com/23955323.html,开心小猪和大象哥哥（全17册）,莫・威廉斯,2016-05-01,新星出版社,4838条评论
321.,http://product.dangdang.com/23589876.html,狐狸福斯和兔子哈斯的故事（全8册）,比利时,2014-11-01,贵州人民出版社,9687条评论
322.,http://product.dangdang.com/23829821.html,鸭子达克（全5册）（凯特格林纳威大奖绘本）,杰兹・阿波罗,2016-01-01,江苏少年儿童出版社,7667条评论
323.,http://product.dangdang.com/25063043.html,今天运气怎么这么好,宫西达也,2010-01-01,南海出版公司,43692条评论
324.,http://product.dangdang.com/25255752.html,我变成一只喷火龙了+爱哭公主+生气王子（启发情绪管理绘本：全三册）――荣获丰子恺奖,赖马,2018-04-28,河北教育出版社,3793条评论
325.,http://product.dangdang.com/20759236.html,走开，绿色大怪物！,爱德华,2010-01-01,河北教育出版社,23212条评论
326.,http://product.dangdang.com/24159177.html,海豚绘本花园：动物绝对不应该穿衣服（平）（新版）,海豚传媒,2016-12-01,长江少年儿童出版社,28269条评论
327.,http://product.dangdang.com/25348841.html,皮特猫・3~6岁好性格养成书：精美礼盒装（共27册・含3册贴纸书）,詹姆斯・迪安,2018-09-28,文汇出版社,60374条评论
328.,http://product.dangdang.com/25205395.html,米切尔・恩德20周年纪念版・精装(共6册）吃噩梦的小精灵/光屁股的大犀牛/苍蝇和大象的足球赛/奥菲利娅的影子剧院/出走的绒布熊/犟龟,米切尔・恩德,2017-09-01,二十一世纪出版社,2275条评论
329.,http://product.dangdang.com/24248259.html,新版美绘《西游记》（套装共8册）,周壑洋,2017-05-01,中国人民大学出版社,4549条评论
330.,http://product.dangdang.com/20948573.html,青蛙弗洛格的成长故事 第二辑（全7 册）,维尔修思,2010-10-01,湖南少年儿童出版社（当当书友会）,68137条评论
331.,http://product.dangdang.com/24030999.html,小狗巴利 欢乐家庭绘本（共26册）经典幼儿成长绘本，完美契合2～4岁孩子心理发展及生活习惯,马格达莱纳,2016-08-01,中国中福会出版社,3090条评论
332.,http://product.dangdang.com/25229316.html,最美的四季科普 2018年新版,克雷芒蒂娜・苏黛,2018-02-01,九州出版社,13262条评论
333.,http://product.dangdang.com/25304333.html,荷花镇的早市（2018版 丰子恺儿童图画书奖“优秀儿童图画书奖”）,周翔,2018-06-13,２１世纪出版社,41915条评论
334.,http://product.dangdang.com/25547285.html,蹦蹦跳跳的故事（共12册）,玛笛亚斯,2018-10-01,接力出版社,2250条评论
335.,http://product.dangdang.com/23624291.html,大卫，圣诞节到啦！,大卫香农,2014-12-01,北京联合出版公司,30342条评论
336.,http://product.dangdang.com/20263100.html,信谊世界精选图画书・小蓝和小黄,李奥尼,2008-08-01,明天出版社,66572条评论
337.,http://product.dangdang.com/25155529.html,超能恐龙队(套装共5册),潘妮・戴尔,2017-08-01,河北少年儿童出版社,9982条评论
338.,http://product.dangdang.com/23351227.html,亚瑟有点烦系列（全5册）,巴鲁,2013-10-01,,9933条评论
339.,http://product.dangdang.com/24144605.html,爱哭公主,赖马,2016-11-01,河北教育出版社,13646条评论
340.,http://product.dangdang.com/24194330.html,杰作的诞生系列（梵高、莫奈、塞尚、达芬奇、杜尚，套装共5册）,朴洙贤,2017-03-02,辽宁少年儿童出版社,14723条评论
341.,http://product.dangdang.com/25287953.html,芭蕾小精灵安吉莉娜系列（共12册）,凯瑟琳,2018-05-01,二十一世纪出版社,6859条评论
342.,http://product.dangdang.com/23251414.html, 蚯蚓的日记,克罗宁,2013-04-01,明天出版社,137034条评论
343.,http://product.dangdang.com/23249151.html,克里克塔,汤米・温格尔,2006-11-01,２１世纪出版社,36696条评论
344.,http://product.dangdang.com/24184715.html,自我保护意识培养第2辑：我不会走丢+绝对不能保守的秘密（2016版）,达柯玛尔・盖斯勒,2016-09-01,辽宁人民出版社,23563条评论
345.,http://product.dangdang.com/23352787.html,爱心树,谢尔.希尔弗斯坦,2013-11-01,南海出版公司,166125条评论
346.,http://product.dangdang.com/20459762.html,阿罗系列（全7册，包含阿罗有支彩色笔等）,约翰逊,2004-01-01,接力出版社,60707条评论
347.,http://product.dangdang.com/24101998.html,还能挤下一个人（凯迪克金奖）,索尔奇・尼克・利奥德哈斯,2016-09-15,北京联合出版公司,24228条评论
348.,http://product.dangdang.com/22562387.html,语言图鉴（全4册）,五味太郎,2011-12-01,贵州人民出版社,16509条评论
349.,http://product.dangdang.com/25286935.html,世界名人传记・励志成长绘本（全10册）,武鹿悦子,2018-06-01,长江少年儿童出版社,13648条评论
350.,http://product.dangdang.com/20068784.html,雪花人――启发精选好书,马丁,2007-11-01,河北教育出版社,40437条评论
351.,http://product.dangdang.com/25225866.html,信谊世界精选图画书・子儿，吐吐,李瑾伦,2013-06-01,明天出版社,34816条评论
352.,http://product.dangdang.com/23808897.html,大口大口地吃，好吃极了（精装全6册）,宫西达也,2015-11-01,青岛出版社,5253条评论
353.,http://product.dangdang.com/25300584.html,永远的朋友:波波和莎莎（卡斯波和丽莎，旅行辑，全9册）,安・居特曼,2018-07-05,江苏凤凰美术出版社,1203条评论
354.,http://product.dangdang.com/25155948.html,三只小猪的真实故事    美国图书馆学会年度好书推荐、《纽约时报》年度好书！启发童书馆,谢斯卡,2017-08-01,河北教育出版社,45291条评论
355.,http://product.dangdang.com/25163138.html,奥莉薇――（启发童书馆出品）,伊恩・福尔克纳,2017-09-01,河北教育出版社,10784条评论
356.,http://product.dangdang.com/25163121.html,亲爱的小鱼――（启发童书馆出品）,安德烈・德昂,2017-09-01,河北教育出版社,13510条评论
357.,http://product.dangdang.com/25159441.html,不一样的卡梅拉纪念版（1-13)  大开本精装,克利斯提昂,2017-05-01,二十一世纪出版社,1298条评论
358.,http://product.dangdang.com/23644091.html,玛德琳精装系列（全6册）,贝梅尔曼斯,2015-03-01,北京联合出版公司,8270条评论
359.,http://product.dangdang.com/25293812.html,人（精装）,史比尔,2018-06-01,贵州人民出版社,32879条评论
360.,http://product.dangdang.com/25086241.html,德国精选科学图画书：皮肤国的大麻烦（扫二维码听故事）,安娜,2017-06-01,北京科学技术出版社,16923条评论
361.,http://product.dangdang.com/25265164.html,乔纳斯与海（有梦想的人生，才是真正富足的人生！献给每一个为梦想而努力的孩子和成人！当当独家附赠精美导读手册+梦想笔记本）,玛丽斯・范德・韦尔,2018-06-01,陕西人民出版社,6298条评论
362.,http://product.dangdang.com/25093145.html,不可思议的朋友：第20届日本绘本奖大奖作品、改编自真实故事的自闭症题材绘本,田岛征彦,2017-07-01,北京联合出版公司,9945条评论
363.,http://product.dangdang.com/20819174.html,信谊世界精选图画书・迟到大王,柏林罕,2010-03-01,明天出版社,29404条评论
364.,http://product.dangdang.com/25248776.html,小读客・小野人大卫系列：我们家是世界上最好的家+大家一起玩更好玩（让孩子发现家的美好，友谊的美妙。）（精装全2册）,弗兰恩・普雷斯顿,2018-04-01,文汇出版社,6248条评论
365.,http://product.dangdang.com/25158567.html,开天辟地―中华创世神话连环画绘本(合辑)(全30册),施大畏,2017-07-01,上海人民美术出版社,458条评论
366.,http://product.dangdang.com/24224949.html,安房直子绘本系列(五本套装）,安房直子,2017-04-01,少年儿童出版社,3086条评论
367.,http://product.dangdang.com/23484150.html,10个10（精装上下册 ）,埃尔维杜莱,2014-05-01,重庆出版社,11712条评论
368.,http://product.dangdang.com/23616730.html,小小玛蒂娜故事书（全10册）,吉贝尔德莱雅,2014-12-01,贵州教育出版社,14756条评论
369.,http://product.dangdang.com/23920976.html,九神鹿绘本馆――盘中餐,于虹呈,2016-04-01,中国少年儿童出版社,19077条评论
370.,http://product.dangdang.com/23382732.html,我是霸王龙,宫西达也,2009-01-01,２１世纪出版社,30697条评论
371.,http://product.dangdang.com/23986191.html,温馨家庭图画书--大嗓门妈妈,尤塔・保尔,2016-06-01,新蕾出版社,22886条评论
372.,http://product.dangdang.com/23251293.html,安野光雅“美丽的数学”系列,安野光雅,2013-06-01,九州出版社,8425条评论
373.,http://product.dangdang.com/23631916.html,暖房子华人原创绘本・中国民间童话系列（套装共8册）,向华,2015-02-01,北京联合出版公司,3090条评论
374.,http://product.dangdang.com/23967847.html,郑渊洁童话亲子美绘本（全20册）,郑渊洁,2016-06-10,天津人民出版社,3418条评论
375.,http://product.dangdang.com/22848255.html,爷爷的爷爷的爷爷的爷爷,长谷川义史,2012-08-01,贵州人民出版社,16446条评论
376.,http://product.dangdang.com/25113014.html,新东方  我最喜爱的名人故事(全23册，中文版),李圭喜,2017-06-01,西安交通大学出版社,1341条评论
377.,http://product.dangdang.com/20664520.html,信谊世界精选图画书・棕色的熊、棕色的熊，你在看什么？,马丁,2009-07-01,明天出版社,37663条评论
378.,http://product.dangdang.com/23492341.html,一条聪明的鱼,克里斯・沃梅尔,2014-06-01,连环画出版社,21084条评论
379.,http://product.dangdang.com/24105846.html,绘本花园：会飞的挖土机（平）,伊恩,2016-12-01,长江少年儿童出版社,25316条评论
380.,http://product.dangdang.com/9238009.html,聪明豆绘本系列第2辑(套装共9册),英拉克,2015-09-17,外语教学与研究出版社,28139条评论
381.,http://product.dangdang.com/24169576.html,小猫鱼系列（全13册）,渡边有一,2016-07-01,,3208条评论
382.,http://product.dangdang.com/23817238.html,大师中国绘・民间故事系列（全8册）,杨永青,2015-08-01,新蕾出版社,2937条评论
383.,http://product.dangdang.com/25267715.html,小巧手游戏绘本（全8册）,竹下文子,2018-03-08,教育科学出版社,6660条评论
384.,http://product.dangdang.com/25248011.html,信谊世界精选图画书・南瓜汤(新版),海伦・库柏,2017-10-01,明天出版社,30433条评论
385.,http://product.dangdang.com/23634570.html,妖怪山,彭懿,2014-12-01,连环画出版社,32555条评论
386.,http://product.dangdang.com/20415112.html,风到哪里去了,左罗托夫,2008-11-01,明天出版社,42163条评论
387.,http://product.dangdang.com/24104527.html,放飞心灵的大师绘本（全2册）：《走，我们去海边》/《八点钟的小火车》,艾瑞克・巴图,2016-12-01,湖南少年儿童出版社,5978条评论
388.,http://product.dangdang.com/25240900.html,正义岛儿童法治教育绘本（7册套装）,律豆,2018-03-01,北京师范大学出版社,3072条评论
389.,http://product.dangdang.com/23831316.html,孩子没关系逆商培养图画书：不是第一名也没关系,杨泰锡,2016-01-01,新疆青少年出版社,14377条评论
390.,http://product.dangdang.com/25178507.html,小企鹅观察力培养绘本：小企鹅玩游乐园+小企鹅逛百货商店（套装共2册）,坂崎千春,2017-11-01,安徽少年儿童出版社,7796条评论
391.,http://product.dangdang.com/23723472.html,我爸爸超厉害,宫西达也,2015-06-01,河北教育出版社,19252条评论
392.,http://product.dangdang.com/22936848.html,我一直一直朝前走,玛格莉特・怀兹・布朗,2013-01-01,贵州人民出版社,24975条评论
393.,http://product.dangdang.com/25252358.html,和朋友们一起想办法（全辑）,戈尔德萨克,2011-11-01,湖北美术出版社,60675条评论
394.,http://product.dangdang.com/24101995.html,小报童（凯迪克银奖）,戴夫・皮尔奇,2016-09-15,北京联合出版公司,15134条评论
395.,http://product.dangdang.com/24106686.html,凯蒂的文化艺术之旅 第二辑（全8册）,詹姆斯・梅修,2016-09-01,中译出版社（原中国对外翻译出版公司）,3486条评论
396.,http://product.dangdang.com/25328060.html,洛神赋（绘本版）,叶露盈,2018-08-01,中信出版社,5048条评论
397.,http://product.dangdang.com/23333477.html,凯蒂的文化艺术之旅,梅修,2013-09-09,中译出版社（原中国对外翻译出版公司）,9444条评论
398.,http://product.dangdang.com/25252409.html,《杰瑞的冷静太空》2018新版,简・尼尔森,2018-03-01,北京联合出版有限公司,10301条评论
399.,http://product.dangdang.com/23235668.html,鼹鼠博士的地震探险,松冈达英,2008-10-01,２１世纪出版社,51946条评论
400.,http://product.dangdang.com/24185768.html,温妮女巫魔法绘本:精装珍藏版(第一辑)(套装共8册)(专供),瓦莱丽・托马斯,2016-10-10,外语教学与研究出版社,1332条评论
401.,http://product.dangdang.com/22616514.html,森林里的躲猫猫大王,末吉晓子,2012-03-01,贵州人民出版社,23174条评论
402.,http://product.dangdang.com/23782310.html,奶奶的红披风（2015年凯迪克银奖绘本）,萝伦卡斯提罗,2015-09-01,中信出版社,15501条评论
403.,http://product.dangdang.com/23656411.html,满满都是爱（全6册）,罗伦斯・安荷特,2015-05-01,长江少年儿童出版社,4577条评论
404.,http://product.dangdang.com/25316984.html,一口袋的吻,安杰拉・迈克奥里斯特,2018-05-01,贵州人民出版社,4948条评论
405.,http://product.dangdang.com/25316023.html,好饿的小蛇（2018版 绘本大师宫西达也低幼绘本代表作）,宫西达也,2007-05-01,２１世纪出版社,92893条评论
406.,http://product.dangdang.com/23951658.html,信谊世界精选图画书・公主怎么挖鼻屎,李卓颖,2016-03-03,明天出版社,21413条评论
407.,http://product.dangdang.com/23398249.html,爸爸带我看宇宙,乌尔夫・史塔克,2013-12-05,接力出版社,46811条评论
408.,http://product.dangdang.com/25268085.html,超厉害的城市帮手系列（全五册）,凯特,2018-05-01,北京联合出版公司,2137条评论
409.,http://product.dangdang.com/25272154.html,彼得兔的故事全集（全24册）,碧翠克丝・波特,2018-04-01,青岛出版社,1097条评论
410.,http://product.dangdang.com/25225865.html,信谊图画书奖・跑跑镇,亚东,2015-02-06,明天出版社,17836条评论
411.,http://product.dangdang.com/25225863.html,信谊世界精选图画书・小阿力的大学校,罗伦斯・安荷特,2009-11-01,明天出版社,33609条评论
412.,http://product.dangdang.com/22905644.html,喂，小蚂蚁,胡斯,2012-09-01,湖南少儿出版社,59148条评论
413.,http://product.dangdang.com/25072188.html,他们都看见了一只猫,布兰登,2017-03-01,北京联合出版公司,11125条评论
414.,http://product.dangdang.com/24142283.html,伴我长大经典童话（平装版）,冰波,2016-10-26,教育科学出版社,1472条评论
415.,http://product.dangdang.com/25234513.html,信谊世界精选图画书・鳄鱼怕怕 牙医怕怕,五味太郎,2013-07-22,明天出版社,104776条评论
416.,http://product.dangdang.com/24248364.html,苍蝇小子（全15册）,泰德,2016-12-01,北京联合出版公司,3149条评论
417.,http://product.dangdang.com/23287307.html,隧道,安东尼・布朗,2009-02-01,２１世纪出版社,33718条评论
418.,http://product.dangdang.com/25118207.html,奇先生妙小姐・经典新故事(8册）,罗杰・哈格里维斯,2017-06-01,人民邮电出版社,2734条评论
419.,http://product.dangdang.com/23737769.html,小白找朋友,丹・桑塔特,2015-07-01,中信出版社,15534条评论
420.,http://product.dangdang.com/25265346.html,乳房的故事（2018版，早期儿童性教育自我保护系列）,土屋麻由美,2018-04-11,连环画出版社,78623条评论
421.,http://product.dangdang.com/23810026.html,月亮不见了,和田诚,2015-11-01,新星出版社,17828条评论
422.,http://product.dangdang.com/25258338.html,凯迪克奖：大卫.威斯纳系列绘本（想象力比知识更重要 全4册）,大卫・威斯纳,2018-01-01,江苏凤凰少年儿童出版社,3069条评论
423.,http://product.dangdang.com/23394356.html,卡夫卡变虫记,劳伦斯,2014-01-01,新星出版社,27870条评论
424.,http://product.dangdang.com/24189238.html,《谁吃谁》趣味科普绘本,亚历山德拉・米热林斯卡,2017-02-16,贵州人民出版社,6077条评论
425.,http://product.dangdang.com/25152820.html,鸭子开车记,大卫・香农,2017-09-01,新星出版社,11465条评论
426.,http://product.dangdang.com/9306557.html,大猩猩,布朗,2007-04-01,河北教育出版社,33723条评论
427.,http://product.dangdang.com/25154138.html,请不要随便摸我  (全彩),科尼莉亚・莫德・斯佩尔曼,2017-08-01,电子工业出版社,11240条评论
428.,http://product.dangdang.com/23841179.html,最美的幼儿文学,中国教育科学研究院早期教育研究中心,2015-11-25,教育科学出版社,5265条评论
429.,http://product.dangdang.com/25239571.html,西游记美绘本,凯斯特文化,2016-01-01,上海科学普及出版社,3387条评论
430.,http://product.dangdang.com/23466623.html,图书馆狮子,努森,2011-05-01,河北少年儿童出版社,38994条评论
431.,http://product.dangdang.com/25248007.html,信谊绘本：3-6岁中国传统文化绘本・一园青菜成了精,北方童谣,2017-11-01,明天出版社,35624条评论
432.,http://product.dangdang.com/24145157.html,3D镜面绘本套装：今天吃什么+不可思议的彩虹,渡边,2016-07-01,北京联合出版公司,2510条评论
433.,http://product.dangdang.com/25336326.html,蚂蚁和西瓜（2018版 细节大搜索 蒲蒲兰低幼畅销书 ）,田村茂,2005-08-09,２１世纪出版社,105562条评论
434.,http://product.dangdang.com/20574334.html,这样的尾巴可以做什么？,詹金斯,2009-05-01,河北教育出版社,21912条评论
435.,http://product.dangdang.com/23470366.html,我想吃一个小孩,西尔维娜・多尼奥,2014-04-01,北京科学技术出版社,27043条评论
436.,http://product.dangdang.com/21117838.html,青蛙弗洛格的成长故事 第三辑（全7 册  ）,马克斯・维尔修思,2011-07-01,湖南少儿出版社,44079条评论
437.,http://product.dangdang.com/23757520.html,中国民族节日风俗故事画库（中英双语典藏版）,方素珍,2015-08-01,湖南少年儿童出版社,950条评论
438.,http://product.dangdang.com/22642867.html,失落的一角（新版）,谢尔・希尔弗斯坦,2008-03-01,南海出版公司,91876条评论
439.,http://product.dangdang.com/25286301.html,胆小鬼威利（2018版 看安东尼・布朗笔下的胆小鬼如何变英雄）,安东尼・布朗,2018-06-06,２１世纪出版社,34962条评论
440.,http://product.dangdang.com/23582244.html,聪明的小海狸（共7册）世纪绘本花园,拉尔斯克林汀,2014-09-01,２１世纪出版社,9412条评论
441.,http://product.dangdang.com/25315722.html,厉害的救援队,竹下文子,2018-08-01,教育科学出版社,1507条评论
442.,http://product.dangdang.com/25236355.html,猫小妹和猫小弟 经典儿童成长绘本（套装 共24册）,图沃,2018-04-01,中国宇航出版社,632条评论
443.,http://product.dangdang.com/23392298.html,外公的旅程,塞伊,2014-01-01,新星出版社,12826条评论
444.,http://product.dangdang.com/25248869.html,一园青菜成了精（全7册）,熊亮,2017-08-01,天津人民出版社,4012条评论
445.,http://product.dangdang.com/25120244.html,好运先生 倒霉先生,Sergio,2017-08-01,电子工业出版社,7668条评论
446.,http://product.dangdang.com/23497770.html,想吃苹果的鼠小弟,中江嘉男,2014-07-01,南海出版公司,20567条评论
447.,http://product.dangdang.com/25264142.html,首先有一个苹果,伊东宽,2018-04-10,２１世纪出版社,22290条评论
448.,http://product.dangdang.com/25155947.html,启发精选世界优秀畅销绘本：环游世界做苹果派 [3-7岁],玛乔丽・普赖斯曼,2017-08-01,河北教育出版社,23677条评论
449.,http://product.dangdang.com/25227554.html,蒙施爷爷讲故事双语典藏版第一辑（全11册）,罗伯特・蒙施,2017-12-01,辽宁少年儿童出版社,2362条评论
450.,http://product.dangdang.com/25086661.html,新版・中国经典获奖童话:黑猫警长（彩色大字注音版 套装共5册）,余非鱼,2015-01-01,江苏美术出版社,27189条评论
451.,http://product.dangdang.com/25345796.html,穿越时空的奇幻之旅：不可思议的旅程 莎莎的石头（全4册）,艾伦・贝克尔,2018-09-01,北京联合出版公司,8386条评论
452.,http://product.dangdang.com/25239155.html,认识自己：我的第一套社交绘本（套装3册）,瑟莱娜・尹,2018-04-01,中信出版社,3628条评论
453.,http://product.dangdang.com/25110996.html,吃掉黑暗的怪兽,�酌�,2012-10-01,新星出版社,19596条评论
454.,http://product.dangdang.com/24221443.html,海豚绘本花园经典畅销经典系列：爱在身边（精装全5册）,波・R・汉伯格,2017-05-01,湖北少儿出版社,2851条评论
455.,http://product.dangdang.com/24144984.html,你是我最好的朋友(全10册),滕川尧,2016-12-02,贵州人民出版社,1433条评论
456.,http://product.dangdang.com/25230517.html,小狐狸买手套,新美南吉,2017-11-01,北京联合出版有限公司,47208条评论
457.,http://product.dangdang.com/25278600.html,小读客・石头剪刀布传奇：给孩子的正向竞争观启蒙书――开心第一，比赛第二！（孩子会一边读一边笑！让孩子快乐参与竞争的重要一课！）,德鲁・戴沃特,2018-07-01,文汇出版社,9000条评论
458.,http://product.dangdang.com/23604472.html,我妈妈上班去了,凯斯・格雷,2014-12-01,北京联合出版公司,18428条评论
459.,http://product.dangdang.com/25070174.html,阿秋和阿狐,林明子,2017-05-01,南海出版公司,31053条评论
460.,http://product.dangdang.com/25312478.html,（新版）100层的房子,岩井俊雄,2018-08-01,北京科学技术出版社,51241条评论
461.,http://product.dangdang.com/25251686.html,耕林童书馆：1999年6月29日 （想象力比知识更重要）,大卫,2018-01-01,江苏凤凰少年儿童出版社,8919条评论
462.,http://product.dangdang.com/20652142.html,讨厌黑夜的席奶奶,瑞安,2009-07-01,河北教育出版社,30941条评论
463.,http://product.dangdang.com/23497146.html,好消息坏消息,杰夫・麦克,2014-07-01,江苏文艺出版社,23367条评论
464.,http://product.dangdang.com/25098061.html,迪士尼暖暖绘本屋 冰雪奇缘（5册）,迪士尼公司,2017-05-01,人民邮电出版社,5731条评论
465.,http://product.dangdang.com/23462458.html,千万别去当海盗,梅林达・朗,2014-04-01,新星出版社,21726条评论
466.,http://product.dangdang.com/25251694.html,凯迪克银奖绘本：7号梦工厂（经典无字图画书）,大卫,2018-01-01,江苏凤凰少年儿童出版社,22011条评论
467.,http://product.dangdang.com/25176398.html,五味太郎经典创意绘本（套装全6册）,五味太郎,2017-08-01,HarperCollins UK,1516条评论
468.,http://product.dangdang.com/20565188.html,信谊世界精选图画书・生气汤,贝西・艾芙瑞,2009-01-01,明天出版社,45894条评论
469.,http://product.dangdang.com/25246849.html,中国绘本：白蛇传+牛郎织女+李逵闹东京+少年将军岳云（套装4册）,唐亚明,2018-03-31,中信出版社,1508条评论
470.,http://product.dangdang.com/23394358.html,如果你想当总统……,朱蒂丝,2014-01-01,新星出版社,17160条评论
471.,http://product.dangdang.com/25173554.html,奥利弗 杰夫斯精选图画书：独一无二的小不点&摘星星的孩子,奥利弗,2017-11-21,HarperCollins UK,698条评论
472.,http://product.dangdang.com/23464322.html,小真的长头发,高楼方子,2014-04-01,新星出版社,25334条评论
473.,http://product.dangdang.com/25164561.html,儿童情绪管理与性格培养绘本--不怕犯错再试试：在错误中学会成长,布兰达・S.迈尔斯,2017-10-01,化学工业出版社,8485条评论
474.,http://product.dangdang.com/25219366.html,小鸡球球生命友情系列图画书：全2册（新版）,入山智,2018-02-20,长江少年儿童出版社,23117条评论
475.,http://product.dangdang.com/23950902.html,相信自己能做到 亲子成长系列绘本（全7册）,比利时,2016-05-01,国家开放大学出版社,10311条评论
476.,http://product.dangdang.com/23834262.html,你千万别上当啊,莫・威廉斯,2015-12-01,北京联合出版公司,21702条评论
477.,http://product.dangdang.com/20663331.html,狐狸村传奇（全八册）,帕特森,2010-01-01,,16186条评论
478.,http://product.dangdang.com/25189699.html,迪士尼大电影官方绘本：寻梦环游记,迪士尼公司,2017-11-17,人民邮电出版社,10826条评论
479.,http://product.dangdang.com/25305325.html,生命的故事（2018版 凯迪克大奖得主，维吉尼亚・李・伯顿之作）,维吉尼亚,2010-01-01,２１世纪出版社,46523条评论
480.,http://product.dangdang.com/20478865.html,信谊世界精选图画书・阿力的红斗篷,狄波拉,2009-01-01,明天出版社,19605条评论
481.,http://product.dangdang.com/23697938.html,呀！屁股,迈普里斯・安徒生,2015-05-01,希望出版社,67216条评论
482.,http://product.dangdang.com/25086319.html,噗~噗~噗,谷川俊太郎,2012-03-01,南海出版公司,32301条评论
483.,http://product.dangdang.com/25248012.html,凯迪克金奖绘本：小猫咪追月亮 (漂流瓶绘本馆),凯文・汉克斯,2017-11-01,明天出版社,5497条评论
484.,http://product.dangdang.com/23801202.html,花婆婆・方素珍 原创绘本馆：妈妈心・妈妈树,方素珍,2015-10-01,浙江少年儿童出版社,17891条评论
485.,http://product.dangdang.com/20745959.html,晴朗的一天,霍格罗金,2009-11-01,河北教育出版社,16756条评论
486.,http://product.dangdang.com/25212006.html,派老头和捣乱猫的开心故事(共9册),斯文・诺德奎斯特,2018-01-01,新蕾出版社,2053条评论
487.,http://product.dangdang.com/23591142.html,小莲游莫奈花园系列绘本,克里斯蒂娜,2014-11-01,光明日报出版社,26775条评论
488.,http://product.dangdang.com/22791382.html,吃书的狐狸,弗朗齐斯卡比尔曼,2012-06-01,北京科学技术出版社,25809条评论
489.,http://product.dangdang.com/25173037.html,别烦我！ 麦克米伦世纪 2017年凯迪克银奖作品,维拉.布罗斯格,2017-10-01,二十一世纪出版社,6790条评论
490.,http://product.dangdang.com/25341157.html,小红书（全2册）,芭芭拉・莱曼,2018-10-01,贵州人民出版社,2400条评论
491.,http://product.dangdang.com/25225867.html,信谊世界精选图画书・小蓝和小黄,李欧・李奥尼,2008-06-01,明天出版社,74780条评论
492.,http://product.dangdang.com/25165397.html,100个圣诞老人（套装 全2册）,谷口智则,2016-10-01,青岛出版社,5250条评论
493.,http://product.dangdang.com/20599504.html,我好担心,亨克斯,2009-06-01,河北教育出版社,29234条评论
494.,http://product.dangdang.com/23617918.html,开车出发 故事列车系列（全6册）,间濑直方,2015-01-01,２１世纪出版社,17469条评论
495.,http://product.dangdang.com/25234052.html,美国经典数学启蒙绘本（套装3册）,多丽丝・费谢,2018-03-01,安徽少年儿童出版社,2364条评论
496.,http://product.dangdang.com/25350575.html,别让伤害靠近你：帮孩子辨别、远离隐形伤害（套装5册）,阿曼达・F.多林,2018-10-01,中信出版社,1788条评论
497.,http://product.dangdang.com/24143921.html,逃家小兔,珍妮・威利斯,2016-10-07,北京联合出版公司,14024条评论
498.,http://product.dangdang.com/25289522.html,超人兔系列（平装10册，赠身高尺。来自法国、风靡世界的绘本，一套好玩、好笑、不板着脸孔说教的教育绘本）,丝特法妮・布莱克,2018-06-12,二十一世纪出版社,1459条评论
499.,http://product.dangdang.com/25290898.html,谢尔・希尔弗斯坦经典作品集(套装共5册)2018年版,谢尔・希尔弗斯坦,2018-01-01,北京联合出版有限公司,12128条评论
500.,http://product.dangdang.com/25076232.html,第五个,恩斯特・杨德尔,2017-05-01,南海出版公司,12364条评论
