1.,http://product.dangdang.com/20815196.html,哈利波特英文原版 精装(美国版)1-7全集I Harry Potter Hardcover Boxed Set (1-7) ISBN9780545044257,J.K.ROWLING,2007-08-01,Scholastic,3108条评论
2.,http://product.dangdang.com/20789135.html,哈利波特英文原版 1-7全集(美国平装版)The Complete Harry Potter Collection (Books 1-7) ISBN9780545162074,J.K,2009-07-01,Scholastic,9133条评论
3.,http://product.dangdang.com/23598551.html,I Can Read Leve 2 (10books+4CDs)汪培廷推荐书单I Can Read第二辑（10本书+4张原版CD）ISBN9780062374820,Arnold,2014-10-01,HarperCollins,3683条评论
4.,http://product.dangdang.com/20925365.html,Magic Tree House 1-28 Boxset 神奇树屋合辑（1-28）ISBN9780375849916,Mary,2008-09-23,Random House US,2189条评论
5.,http://product.dangdang.com/23370754.html,哈利波特英文原版 套装 特别珍藏版（美国版）Special Edition Harry Potter Paperback Box Set ISBN9780545596275,Rowling,2013-08-27,Scholastic,2569条评论
6.,http://product.dangdang.com/22474235.html,[独家正品]Horrible Science (1-20  Boxset) 可怕的科学（20册经典）ISBN9781407110356,尼克・阿诺德,2009-09-07,Scholastic,2903条评论
7.,http://product.dangdang.com/22477296.html,A Classic Case of Dr. Seuss.苏斯博士经典故事集（全20册）,Seuss,2011-08-11,HarperCollins UK,4584条评论
8.,http://product.dangdang.com/23589776.html,Clifford Ultimate Red Box(10 Books)大红狗最受欢迎的故事10本套装 ISBN9789810906429,Norman,2014-10-16,Scholastic,1115条评论
9.,http://product.dangdang.com/23396676.html,Magic School Bus Classic Collection (6books+CD)《神奇校车（手绘版）》（6册书+CD）ISBN9780545687447,Joanna,2013-01-01,Scholastic,1434条评论
10.,http://product.dangdang.com/22624682.html,Oliver Jeffers Classic Collection #1 (4 Books) 智慧小孩系列经典套装第一辑英语英文原版绘本（共4册）ISBN 9780007939312,Oliver,2012-03-09,HarperCollins UK,2737条评论
11.,http://product.dangdang.com/23363691.html,The Pop-up Dear Zoo (Book & CD)  翻翻书,Campbell,2013-10-10,Macmillan,6981条评论
12.,http://product.dangdang.com/22934491.html,Dr Seuss Big Book [Bag with 12 books] 苏斯博士12本[正品/大开本]套装ISBN9780007923489,Seuss,2013-01-01,HarperCollins UK,2186条评论
13.,http://product.dangdang.com/22895272.html,"Papa, Please Get the Moon for Me 爸爸，我要月亮(大开本)ISBN9780689877568",Eric,2012-10-01,Simon & Schuster,12689条评论
14.,http://product.dangdang.com/23054412.html,Goodnight Moon 60th Anniversary Edition [Board Book]晚安月亮船60周年纪念版(卡板书) ISBN9780694003617英语英文原版绘本,Brown,1991-09-01,   ,2089条评论
15.,http://product.dangdang.com/23694288.html,I Can Read First Leve l (12books+2CDs)汪培廷推荐书单I Can Read第一辑（12本书+2张CD）ISBN9780062402196,Hoff,2015-05-05,HarperCollins,5781条评论
16.,http://product.dangdang.com/23858634.html,Scholastic Children's Dictionary 学乐儿童字典 ISBN9789810921705,Scholastic,2016-01-01,Scholastic,627条评论
17.,http://product.dangdang.com/23161201.html,Guess How Much I Love You 猜猜我有多爱你ISBN9781406300406英语英文原版绘本,McBratney,2012-12-01,Walker Books,29596条评论
18.,http://product.dangdang.com/23668931.html,Harry Potter Box Set: The Complete Collection (Children's Paperback) 《哈利波特1-7全集》(英国版，平装)ISBN9781408856772,J.K,2014-10-09,Bloomsbury,157条评论
19.,http://product.dangdang.com/22562831.html,Ricky Series Collection 折耳兔奇奇好棒系列 (全8册，比利时国宝级童书),Guido,2012-01-01,Harper Collins,1489条评论
20.,http://product.dangdang.com/23435018.html,哈利波特英文原版The Complete Harry Potter Collection 《哈利-波特1-7全集》(英国木刻封面版) ISBN9781408850756,J.K,2013-11-01,Bloomsbury,568条评论
21.,http://product.dangdang.com/22851569.html,"Brown Bear, Brown Bear, What Do You See? [Paperback] 棕熊、棕熊，你看到了什么？（平装）ISBN9780805087970",Bill,2007-12-01,Macmillan,4538条评论
22.,http://product.dangdang.com/23580897.html,Percy Jackson Percy Jackson pbk 5-book boxed set (1-5) 波西・杰克逊五本合集ISBN9781484707234,Rick,2014-09-01,Disney,787条评论
23.,http://product.dangdang.com/23473719.html,Thomas Story Library (40 books) 小火车托马斯经典故事集（40本）ISBN9781405275361,Rev,2013-10-06,Egmont,569条评论
24.,http://product.dangdang.com/23610792.html,Something from Nothing 爷爷一定有办法ISBN9789810797997英语英文原版绘本,Phoebe,2014-09-16,Scholastic,6020条评论
25.,http://product.dangdang.com/23596514.html,Quentin Blake Collection (10 Books)罗尔德达尔御用画家-昆汀布莱克绘本集ISBN9781783442522,Quentin,2014-10-01,Andersen Press,416条评论
26.,http://product.dangdang.com/22534891.html,Curious George Classic Adventures #2 (11 books) 好奇猴乔治-原书典藏版 第二辑（共11册）9780547865201,Hans,2011-11-01,Houghton Mifflin,2519条评论
27.,http://product.dangdang.com/23043308.html,David's Collection 大卫・香农系列（第二辑；全4册） ISBN 9780545580984,David,2013-01-01,Scholastic,1308条评论
28.,http://product.dangdang.com/20882637.html,10 Roald Dahl Puffin Classics on 27CDs罗尔德达尔有声读物（10个故事，29张CD）ISBN9780141352343,Roald,2010-07-01,Penguin,1712条评论
29.,http://product.dangdang.com/23053057.html,"Goodnight Moon 60th Anniversary Edition [Paperback]晚安，月亮(60周年纪念版,平装)ISBN9780064430173",Margaret,2000-08-01,HarperCollins,6068条评论
30.,http://product.dangdang.com/23367142.html,"I Spy Phonics Fun Boxed Set With CD (12 Books, 16 Flash Cards, 1 Audio CD) 视觉大发现之自然拼读法套装（12本书 16张卡片 CD）ISBN 9780545652612",Jean,2013-07-01,Scholastic,596条评论
31.,http://product.dangdang.com/23592794.html,Little Miss 37-copy Complete Set 妙小姐37册全集 ISBN9780603570537,Roger,2013-06-12,Egmont,342条评论
32.,http://product.dangdang.com/25201497.html,纯英语内容 原版引进・小小认知书1（套装全4册）,艾格尼丝・巴鲁兹,2017-09-01,外文出版社,133条评论
33.,http://product.dangdang.com/23596507.html,Wonderful World of Dr.Seuss苏斯博士礼品装（精装20册）ISBN9780007823505,Seuss,2012-08-21,HarperCollins UK,579条评论
34.,http://product.dangdang.com/22534889.html,Curious George Classic Adventures #1 (3 books) 好奇猴乔治-原书典藏版 第一辑（共3册）ISBN9780547865164,Hans,2011-11-01,Houghton Mifflin,2665条评论
35.,http://product.dangdang.com/23053131.html,Eric Carle: From Head to Toe [Paper Back] 从头到脚 ISBN9780064435963英语英文原版绘本,Eric,2005-03-01,HarperCollins,2665条评论
36.,http://product.dangdang.com/25329240.html,幼儿园里的26个开心果Animal Antics A to Z,Barbara,2011-08-01,Kane Press,23条评论
37.,http://product.dangdang.com/25310953.html,纯英语内容 原版引进 怪兽精灵（套装全3册）,Agnese,2017-12-01,外文出版社,51条评论
38.,http://product.dangdang.com/23197429.html,The Miraculous Journey of Edward Tulane (by Kate DiCamillo) 爱德华的奇妙之旅(2006年波士顿全球号角书奖金奖) ISBN9781406307702,Kate,2008-06-02,Walker Books,1060条评论
39.,http://product.dangdang.com/23054367.html,A Chair for My Mother 25th Anniversary Edition [Paperback] 妈妈的红沙发(凯迪克银奖，平装) ISBN9780688040741,Williams,1995-10-01,HarperCollins,1540条评论
40.,http://product.dangdang.com/23410787.html,Funniest Storybook Ever 斯凯瑞童书：最有趣的故事书 ISBN 9780007935222,斯凯瑞,2013-01-01,HarperCollins UK,353条评论
41.,http://product.dangdang.com/23363671.html,英国进口 Macmillan出品 Let's Read! 精选套装（全10册）跟我一起读！ISBN 9781447254508,Macmillan,2013-01-01,Macmillan,136条评论
42.,http://product.dangdang.com/23053802.html,Elephant & Piggie Books: Should I Share My Ice Cream 小象小猪系列：我应该分享冰激凌么 ISBN9781423143437,Willems,2011-06-01,Disney,170条评论
43.,http://product.dangdang.com/25310955.html,纯英语内容 原版引进 小小认知书2（套装全4册）,Agnese,2018-04-01,外文出版社,54条评论
44.,http://product.dangdang.com/23053799.html,Elephant & Piggie Books: Can I Play Too? 小象小猪系列：我也能玩么 ISBN9781423119913,Willems,2010-06-01,Disney,172条评论
45.,http://product.dangdang.com/25310954.html,纯英语内容 原版引进 快乐识单词（套装2书1盒）,匈牙利,2018-04-01,外文出版社,47条评论
46.,http://product.dangdang.com/23053805.html,Elephant & Piggie Books: Let's Go for a Drive! 小象小猪系列：开车去兜风 ISBN9781423164821,Willems,2012-10-01,Disney,242条评论
47.,http://product.dangdang.com/23053789.html,Elephant & Piggie Books: Today I Will Fly! 小象小猪系列：我要飞 ISBN9781423102953,Willems,2007-04-01,Disney,165条评论
48.,http://product.dangdang.com/23053160.html,Harold and the Purple Crayon 阿罗有支彩色笔 (卡板书) ISBN9780062086525,Johnson,2012-03-08,HarperCollins,723条评论
49.,http://product.dangdang.com/23848960.html,The Adventure of Beekle: The Unimaginary Friends小白找朋友ISBN9781783443857,Santat,2015-06-09,Andersen Press,533条评论
50.,http://product.dangdang.com/23696967.html,Owen (Caldecott Honor Book) 阿文的小毯子英语英文原版绘本(凯迪克银奖，平装) ISBN9780062413086,Kevin,2015-01-01,HarperCollins,2240条评论
51.,http://product.dangdang.com/23806773.html,Diary of a Wimpy Kid: Old School [Hardcover]小屁孩日记#10(美国版，精装)ISBN9781419717017,Jeff,2015-11-01,Kaplan,170条评论
52.,http://product.dangdang.com/22576902.html,The Movable Mother Goose (Mother Goose Pop-Up)  会动的鹅妈妈（经典立体书收藏）9780689811920,Robert,1999-10-01,Simon & Schuster,74条评论
53.,http://product.dangdang.com/22500957.html,Gruffalo's Child and Monkey Puzzle (boardbook boxset) 《咕噜牛小妞妞》和《小猴子找妈妈》卡板故事书套装 9780330531979,Donaldson,2010-08-31,Macmillan,718条评论
54.,http://product.dangdang.com/23185522.html,My Mother Is Mine 我的熊妈妈 ISBN9780689866951,Marion,2004-04-01,Simon & Schuster,402条评论
55.,http://product.dangdang.com/22477351.html,The Family Book 《家》(Todd Parr绘本) ISBN 9780316070409,Todd,2010-05-01,Hachette,417条评论
56.,http://product.dangdang.com/20831701.html,The Tales of Beedle the Bard（UK）诗翁彼豆故事集(英国版)ISBN9780747599876,Rowling,2008-12-01,Bloomsbury Publishing PLC,1310条评论
57.,http://product.dangdang.com/25546965.html,牛津原版英文绘本/You Make Me Smile 你让我笑了,Jonathan,2018-01-01,Oxford University Press,220条评论
58.,http://product.dangdang.com/23185523.html,Henry and Mudge Ready-to-Read Value Pack Level 2 亨利和大狗玛吉阅读套装 ISBN9781442449527,Cynthia,2012-01-01,Simon & Schuster,184条评论
59.,http://product.dangdang.com/23801184.html,The Elephant and the Bad Baby大象和坏小子（英国《卫报》推荐2-4岁童书）ISBN9780140500486,Elfrida,2007-08-01,Penguin,381条评论
60.,http://product.dangdang.com/25546941.html,Oxford First Dictionary牛津第一本儿童字典 英语单词学习 英文原版牛津词典学习1000个常用词,Oxford,2018-01-01,Oxford University Press,96条评论
61.,http://product.dangdang.com/23592797.html,Judith Kerr Bedtime Tales科尔睡前故事3册：老虎来喝下午茶，爱忘事的莫格，动物园之夜ISBN9780007332618,Judith,2010-09-01,HarperCollins UK,494条评论
62.,http://product.dangdang.com/25546952.html,"牛津绘本 My Really, Really, Really Big Bag of Books 我的大大大本故事集 儿童英文阅读原版绘本",Various,2018-01-01,Oxford University Press,14条评论
63.,http://product.dangdang.com/25343330.html,月亮去哪儿了？Where Has the Moon Gone?,Hiroyuki,2018-01-01,Kane Press,51条评论
64.,http://product.dangdang.com/22585772.html,Paddington Classic Collection #2 (3 Books) 小熊帕丁顿-经典图画故事第二辑(三本),Michael,2012-01-01,HarperCollins UK,1919条评论
65.,http://product.dangdang.com/23311080.html,The 20th-Century Children's Book Treasury: Picture Books and Stories to Read Aloud [Hardcover] 20世纪经典童书珍藏合辑：图画故事书(精装) ISBN9780679886471,Janet,1998-09-01,Random House US,95条评论
66.,http://product.dangdang.com/22494575.html,The Adventures of Tintin: Tintin in America 丁丁历险记・丁丁在美洲 ISBN 9780316358521,Herge,1979-11-01,Hachette Book Group USA,295条评论
67.,http://product.dangdang.com/23654214.html,The Hobbit 霍比特人（英国版，电影封面版）ISBN9780007591855,Tolkien,2014-10-01,HarperCollins UK,101条评论
68.,http://product.dangdang.com/25546949.html,牛津原版英文绘本/I'll Catch You If You Fall 如果你掉下来，我会接住你,Layn,2018-02-01,Oxford University Press,133条评论
69.,http://product.dangdang.com/23052533.html,One Hundred Years of Solitude 《百年孤独》 ISBN9780060883287,Garcia,2006-02-01,HarperCollins,373条评论
70.,http://product.dangdang.com/23830828.html,Dora The Explorer Phonics Fun Pack #2 with CD 朵拉探险记自然拼读法套装2(附CD) ISBN9780545722216,Quinlan,2014-01-01,,128条评论
71.,http://product.dangdang.com/23188360.html,Word Family Tales 趣味认知故事集：词根学习法 ISBN9780545067744,Scholastic,2008-02-01,Scholastic,37条评论
72.,http://product.dangdang.com/25337162.html,原版培生朗文 趣鼠“Mice Series”幼儿英文启蒙立体绘本 高级A MR 3A英语分级 6本套装 互动游戏,Pearson,2018-08-01,Pearson Education North Asia,12条评论
73.,http://product.dangdang.com/23053181.html,Runny Babbit 谢尔・希尔弗斯坦经典绘本：尼巴子兔(精装) ISBN9780060256531,Silverstein,2005-03-15,HarperCollins,72条评论
74.,http://product.dangdang.com/25346354.html,一起去看海Can We Go to the Sea?,Hiroyuki,2018-01-01,Kane Press,43条评论
75.,http://product.dangdang.com/22821450.html,The Big Gruffalo Activity Book (bind-up of The Gruffalo Colouring Book & The Gruffalo Activity Book) 咕噜牛游戏书 ISBN 9781447224525,Donaldson,2012-08-01,Macmillan,308条评论
76.,http://product.dangdang.com/22907463.html,Hippo & Rabbit In Three Short Tales (Level 1)学乐分级读物1：河马跟兔子的三个小故事ISBN9780545274456,Jeff,2011-01-01,Scholastic,310条评论
77.,http://product.dangdang.com/23169458.html,To Kill a Mockingbird 杀死一只知更鸟(50周年纪念版) ISBN9780061120084,Harper,2006-06-01,HarperCollins,499条评论
78.,http://product.dangdang.com/23690866.html,"Go Away, Big Green Monster!走开，绿怪兽！（儿童认知书，廖彩杏推荐，精装）ISBN9780316236539",Emberley,1992-10-01,Hachette,190条评论
79.,http://product.dangdang.com/21040955.html,Big Snow 大雪（凯迪克金奖绘本） 9780689717574,Berta,1993-10-01,Simon & Schuster,375条评论
80.,http://product.dangdang.com/25546959.html,牛津原版英文绘本/Too Small for My Big Bed我不想一个人睡,Richard,2018-01-01,Oxford University Press,142条评论
81.,http://product.dangdang.com/20080025.html,"Arthur and the School Pet (Step into Reading, Step 3) 阿瑟和学校里的宠物 ISBN 9780375810015",Marc,2007-01-01,Random House US,460条评论
82.,http://product.dangdang.com/23628109.html,Miss Nelson Has a Field Day尼尔森小姐球赛一天ISBN9780395486542,Harry,1988-10-01,Houghton Mifflin Harcourt,73条评论
83.,http://product.dangdang.com/23674173.html,Black Dog (Paperback)大黑狗ISBN9781848777484,Levi,2012-08-01,Templar,471条评论
84.,http://product.dangdang.com/25546956.html,牛津原版英文绘本/How to Find a Friend 如何交朋友,Benedict,2018-01-01,Oxford University Press,174条评论
85.,http://product.dangdang.com/20079878.html,"True Story of Pocahontas (Step into Reading, Step 3) 风中奇缘 ISBN 9780679861669",Lucille,1994-09-01,Random House US,354条评论
86.,http://product.dangdang.com/23665637.html,Rainbow Fish and the Sea Monsters’ Cave 彩虹鱼系列：我才不怕呢ISBN9783314017339,Marcus,2009-09-01,North-South Books,461条评论
87.,http://product.dangdang.com/20929344.html,Ben and Me-An Astonishing Life of Benjamin Franklin by His Good Mouse Amos 《本和我》(著名儿童文学作家Robert Lawson的经典小说),Robert,1988-04-01,Hachette,245条评论
88.,http://product.dangdang.com/25546937.html,牛津原版英文绘本/What Small Rabbit Heard 小兔子听到了什么,Carrie,2018-01-01,Oxford University Press,69条评论
89.,http://product.dangdang.com/25546947.html,牛津原版英文绘本/Betty Goes Bananas贝蒂拿到了香蕉,Bonwill,2018-01-01,Oxford University Press,77条评论
90.,http://product.dangdang.com/20852268.html,Lost Treasure of the Emerald Eye（Geronimo Stilton #01)老鼠记者1ISBN9780439559638,Geronimo,2004-02-01,Scholastic,329条评论
91.,http://product.dangdang.com/22602760.html,"Classic Characters of Little Golden Books: The Poky Little Puppy, Tootle, The Saggy Baggy Elephant, Tawny Scrawny Lion, and Scuffy the Tugboat [Hardcover] 金色童书精选 ISBN 9780375859342",Various,2010-01-01,Random House US,259条评论
92.,http://product.dangdang.com/20815200.html,Magic School Bus at the Waterworks 神奇校车-水的力量,Joanna,1998-03-01,Scholastic,758条评论
93.,http://product.dangdang.com/20993498.html,Harry Potter And The Order of The Phoenix 哈利波特与凤凰社 (美国版，平装) ISBN 9780439358071,Rowling,2004-08-01,Scholastic,779条评论
94.,http://product.dangdang.com/25353760.html,数学帮帮忙：宾果找骨头 Math Matters : Where's That Bone?,Lucille,2000-08-01,Kane Press,53条评论
95.,http://product.dangdang.com/22478507.html,"Hey, Al 《你好，老包》 (1987年凯迪克金奖) ISBN9780374429850",Arthur,1989-05-01,Macmillan,183条评论
96.,http://product.dangdang.com/25337158.html,原版培生朗文趣鼠“MiceSeries”幼儿英文启蒙立体绘本初级A MR1A 6本套装,Pearson,2018-08-01,Pearson Education North Asia,7条评论
97.,http://product.dangdang.com/22494578.html,The Adventures of Tintin: The Shooting Star 丁丁历险记・神秘的流星 ISBN 9780316358514,Hergé,1978-05-01,Hachette Book Group USA,217条评论
98.,http://product.dangdang.com/23055547.html,"Skeleton Inside You, The (Let's Read and Find Out)  自然科学启蒙2：你身体内的骨骼ISBN9780064450874",Balestrino,1989-03-01,HarperCollins,155条评论
99.,http://product.dangdang.com/20815206.html,Magic School Bus Inside the Human Body神奇校车-人体的奥秘  9780590414272,Joanna,2009-08-12,Scholastic,749条评论
100.,http://product.dangdang.com/25546957.html,牛津儿童英语启蒙图画图解辞典 英文原版儿童字典 Oxford Very First Dictionary 英文版英英词,Biro,2018-01-01,Oxford University Press,34条评论
101.,http://product.dangdang.com/20909360.html,Olivis Forms a Band 奥莉薇乐队 ISBN9781416924548,Falconer,2006-06-01,Simon & Schuster,18条评论
102.,http://product.dangdang.com/25546940.html,牛津原版英文绘本/When Chico Went Fishing   奇科去钓鱼,Simon & Schuster,2018-01-01,Oxford University Press,55条评论
103.,http://product.dangdang.com/22561529.html,Geronimo Stilton #44: The Giant Diamond Robbery 老鼠记者44  9780545103763,John,2011-12-01,Scholastic,178条评论
104.,http://product.dangdang.com/25546963.html,牛津原版英文绘本/I Don't Want to Be a Pea!  我不想当豌豆,Oxford University Press,2018-01-01,Oxford University Press,82条评论
105.,http://product.dangdang.com/23343798.html,Rules 大卫的规则(2007年纽伯瑞银奖小说) ISBN9780439443838,Geronimo,2013-09-25,Scholastic,69条评论
106.,http://product.dangdang.com/22561502.html,The Paperboy (1997 Caldecott  Hornor) 送报男孩 (1997年凯迪克银奖) ISBN 9780531071397,Scholastic,2011-12-01,Scholastic,240条评论
107.,http://product.dangdang.com/25546964.html,牛津原版英文绘本/Little Owl's Orange Scarf 小猫头鹰的橙色围巾,,2018-01-01,Oxford University Press,112条评论
108.,http://product.dangdang.com/22561526.html,Geronimo Stilton #40: Karate Mouse 老鼠记者40：空手道高手 9780545103695,Oxford University Press,2011-12-01,Scholastic,221条评论
109.,http://product.dangdang.com/22626667.html,Original Peter Rabbit Books: The Tale of Mrs. Tittlemouse 彼得兔系列：小不点鼠太太的故事 ISBN 9780723247807,Cynthia,2002-09-01,Penguin,30条评论
110.,http://product.dangdang.com/22531578.html,"Little Lucy (Step into Reading, Step 3) 小露西 ISBN 9780375867606",Scholastic,2011-07-01,Random House US,242条评论
111.,http://product.dangdang.com/20925359.html,X'ed-Out X-RAY (A to Z 24)神秘事件24,Pilkey,2005-02-01,Random House US,263条评论
112.,http://product.dangdang.com/22563689.html,Arthur and the Baby(An Arthur Adventure) 亚瑟小子和小宝贝 ISBN 9780316129053,Scholastic,2011-06-01,Hachette,166条评论
113.,http://product.dangdang.com/22907522.html,The 39 Clues#02: One False Note 39条线索-2：致命音符ISBN9780545060424,Maria,2008-12-01,Scholastic,43条评论
114.,http://product.dangdang.com/22541242.html,Skippyjon Jones in the Doghouse(Puffin Storytime)无敌小剑侠跳跳周在狗屋ISBN9780142410417（附CD）,Oxford University Press,2008-03-01,Penguin,74条评论
115.,http://product.dangdang.com/25329212.html,幼儿园里的26个开心果：爱闯祸的“狂舞”  Animal Antics A to Z : Dilly Dog's Dizzy Dancing,,2010-01-01,Kane Press,21条评论
116.,http://product.dangdang.com/25546958.html,送音频/牛津原版英文绘本/Boris Starts School 伯瑞斯上学啦,Scholastic,2018-01-01,Oxford University Press,49条评论
117.,http://product.dangdang.com/22531575.html,"Sleeping Bootsie (Step into Reading, Step 3) 睡着的小猫儿 ISBN 9780375866784",Beatrix,2011-12-01,Random House US,317条评论
118.,http://product.dangdang.com/25546936.html,送音频/牛津原版英文绘本/The Fish Who Could Wish 许愿的鱼,Penguin,2018-01-01,Oxford University Press,51条评论
119.,http://product.dangdang.com/22509016.html,Clifford and the Grouchy Neighbors 大红狗和不满的邻居 ISBN9780590442619,Ilene,1980-12-01,Scholastic,360条评论
120.,http://product.dangdang.com/23796564.html,Secret Garden 秘密花园 ISBN9781780671062,Random House US,2013-03-01,Laurence King Publishers,30条评论
121.,http://product.dangdang.com/25546954.html,送音频/牛津原版英文绘本/Tiny Cops and Robbers小警察和小劫匪,Matty,2018-01-01,Oxford University Press,32条评论
122.,http://product.dangdang.com/25337163.html,原版培生朗文 趣鼠“Mice Series”幼儿英文启蒙立体绘本 高级B MR 3B 英语分级 6本套装  互动游戏,Oxford University Press,2018-08-01,Pearson Education North Asia,2条评论
123.,http://product.dangdang.com/25337161.html,原版培生朗文趣鼠“MiceSeries”幼儿英文启蒙立体绘本中级B  MR 2B 6本套装,Pearson,2018-08-02,Pearson Education North Asia,2条评论
124.,http://product.dangdang.com/25337159.html,原版培生朗文趣鼠“MiceSeries”幼儿英文启蒙立体绘本初级B MR1B 6本套装,Pearson Education North Asia,2018-08-01,Pearson Education North Asia,1条评论
125.,http://product.dangdang.com/23392437.html,Roly Poly: Ocean 神奇翻转书：海洋-哈佛大学教育专家吴敏兰重点推荐读物！ ISBN9789810745264,Pearson,2014-01-01,Scholastic,57条评论
126.,http://product.dangdang.com/22531677.html,The Saggy Baggy Elephant (Little Golden Book) 小象苏奇 (金色童书) ISBN 9780307021106,Pearson Education North Asia,1999-09-01,Random House US,277条评论
127.,http://product.dangdang.com/20729179.html,Geronimo Stilton #10: All Because of a Cup of Coffee 老鼠记者10：一杯咖啡引发的故事 9780439559720,Pearson,2004-08-01,Scholastic,230条评论
128.,http://product.dangdang.com/25343273.html,科学全知道：霉菌之谜Science Solves It! : A Moldy Mystery,Pearson Education North Asia,2006-01-01,Kane Press,31条评论
129.,http://product.dangdang.com/22907436.html,Magic School Bus: Inside The Earth (Audio)学乐有声读物：神奇校车-地球深处（书+CD）ISBN9780545396677,Scholastic,2012-02-01,Scholastic,116条评论
130.,http://product.dangdang.com/23392435.html,Roly Poly: Goldilocks 神奇翻转书：金发女孩和三只熊-哈佛大学教育专家吴敏兰重点推荐读物！ ISBN9789810745219,Scholastic,2013-03-01,Scholastic,55条评论
131.,http://product.dangdang.com/23054536.html,My World [Board Book]我的世界(卡板书) ISBN9780694008629,Jackson,2003-01-07,HarperCollins,177条评论
132.,http://product.dangdang.com/23590801.html,Light Is All Around Us(Let's Read and Find Out) 自然科学启蒙2：光无处不在ISBN9780064409247,Random House US,2014-02-01,HarperCollins,87条评论
133.,http://product.dangdang.com/25536032.html,鼠小弟爱数学：越数越开心 Mouse Math : The Mousier the Merrier!,Geronimo,2012-08-01,Kane Press,31条评论
134.,http://product.dangdang.com/22645680.html,"If I Ran the Zoo (Classic Seuss) 苏斯博士：如果我管动物园(凯迪克银奖,精装) ISBN 9780394800813",Scholastic,2006-03-01,,64条评论
135.,http://product.dangdang.com/22907507.html,Fly Guy #02: Super Fly Guy苍蝇小子2ISBN9780439639040,Michelle,2001-08-01,Scholastic,88条评论
136.,http://product.dangdang.com/25353765.html,数学帮帮忙：慢吞吞的泰迪 Math Matters : Slowpoke,Kane Press,2018-01-01,Kane Press,27条评论
137.,http://product.dangdang.com/25546948.html,牛津原版英文绘本/Betty Goes Bananas in her Pyjamas/贝蒂着急了――我还不想睡,Joanna,1998-08-01,Oxford University Press,41条评论
138.,http://product.dangdang.com/22750370.html,Max and Ruby in Pandora's Box [Paperback] 麦斯和露比：潘多拉魔盒 ISBN 9780140564150,Scholastic,2002-04-19,Penguin,107条评论
139.,http://product.dangdang.com/23055551.html,The  Sun (Let's Read and Find Out)  自然科学启蒙2：太阳ISBN9780064452021,Kees,2001-01-01,HarperCollins,153条评论
140.,http://product.dangdang.com/25353770.html,数学帮帮忙：摇滚数学日 Math Matters : Math Fair Blues,Scholastic,,Kane Press,31条评论
141.,http://product.dangdang.com/25353768.html,数学帮帮忙：外公的神秘宝藏 Math Matters : X Marks the Spot!,Lucille,2002-01-01,Kane Press,37条评论
142.,http://product.dangdang.com/25343259.html,科学全知道：不想睡觉的彼得Science Solves  It! : The Midnight Kid,Walker文,2007-01-01,Kane Press,26条评论
143.,http://product.dangdang.com/23303546.html,Make Way for Mccloskey: A Robert McCloskey Treasury ISBN9780670059348 罗伯特・麦克洛斯基故事精选(精装) ISBN9780670059348,Robert,2004-10-01,Penguin,25条评论
144.,http://product.dangdang.com/25329215.html,幼儿园里的26个开心果：超精彩的表演 Animal Antics A to Z : Alexander Anteater's Amazing Act,Barbara,2010-01-01,Kane Press,17条评论
145.,http://product.dangdang.com/25353764.html,数学帮帮忙：马可的零用钱 Math Matters : Fair is Fair!,Jennifer,2003-08-01,Kane Press,73条评论
146.,http://product.dangdang.com/22574954.html,Clifford's Good Deeds 大红狗做好事 9780545215794,Norman,2011-12-01,Scholastic,384条评论
147.,http://product.dangdang.com/25353766.html,数学帮帮忙：猫咪城堡 Math Matters : Kitten Castle,Friedman,2001-01-01,Kane Press,63条评论
148.,http://product.dangdang.com/20897739.html,Clifford's Bathtime大红狗去洗澡吧,Norman,1991-09-01,Scholastic,388条评论
149.,http://product.dangdang.com/23188312.html,Scholastic Success with Alphabet 学乐必赢阅读：字母 ISBN9780545200943,Scholastic,2010-03-01,Scholastic,61条评论
150.,http://product.dangdang.com/22561517.html,Geronimo Stilton #24: Field Trip to Niagara Falls 老鼠记者24：尼亚加拉瀑布之旅 9780439691468,杰罗尼摩,2006-03-01,Scholastic,209条评论
151.,http://product.dangdang.com/25536025.html,鼠小弟爱数学：冰上数学家 Mouse Math : Mice on Ice,Eleanor,2015-01-01,Kane Press,22条评论
152.,http://product.dangdang.com/23684748.html,Richard Scarry's Lowly Worm Word Book (Boardbook)斯凯瑞：词汇书（卡板）ISBN9780394847283,Richard,2014-08-01,Random House US,57条评论
153.,http://product.dangdang.com/20852270.html,I'm too Found of My Fur（Geronimo Stilton #04)老鼠记者4ISBN9780439559669,Geronimo,2004-02-01,Scholastic,238条评论
154.,http://product.dangdang.com/25546939.html,牛津原版英文绘本/Bug and Bear. A story of true friendship小虫子和贝尔 一个关于友谊的故事,Layn,2018-01-01,Oxford University Press,49条评论
155.,http://product.dangdang.com/25353762.html,数学帮帮忙：哈利在哪里？ Math Matters : Where's Harley?,Carol,2003-08-01,Kane Press,37条评论
156.,http://product.dangdang.com/23392308.html,Elijah of Buxton 巴克斯顿的以利亚 （纽伯瑞银奖小说） ISBN 9780439023450,Christopher,2009-02-01,Scholastic,29条评论
157.,http://product.dangdang.com/22907496.html,I SPY An Apple (Level 1)学乐分级读物1：视觉大发现-苹果ISBN9780545220958,Jean,2011-07-01,Scholastic,176条评论
158.,http://product.dangdang.com/21111669.html,Madeline (Caldecott Honor  Book)《玛德琳》（1940年 凯迪克银奖绘本 ISBN9780140564396）,Ludwig,2001-08-07,Penguin,750条评论
159.,http://product.dangdang.com/25536030.html,鼠小弟爱数学：一只老鼠一个窝 Mouse Math : The Right Place for Albert,Daphne,2018-08-01,Kane Press,19条评论
160.,http://product.dangdang.com/22561531.html,Geronimo Stilton #46: The Haunted Castle 老鼠记者46  9780545103749,Geronimo,2011-12-01,Scholastic,180条评论
161.,http://product.dangdang.com/22503082.html,Titch 蒂奇 ISBN 9780689716881,佩特・哈群斯,1993-03-01,Simon & Schuster,372条评论
162.,http://product.dangdang.com/20594587.html,Geronimo Stilton #35: A Very Merry Christmas 老鼠记者35：快乐的圣诞节 9780545021357,Geronimo,2008-10-01,Scholastic,203条评论
163.,http://product.dangdang.com/22907476.html,Clifford Makes The Team (Level 1)学乐分级读物1：大红狗建球队ISBN9780545231411,Norman,2011-03-01,Scholastic,165条评论
164.,http://product.dangdang.com/23367139.html,Thea Stilton #17: Thea Stilton And The Journey To The Lion'S Den 老鼠记者之西娅 17：西娅与狮子的地盘 ISBN 9780545556279,Thea,2013-11-01,Scholastic,81条评论
165.,http://product.dangdang.com/25346351.html,科学全知道：蜂鸟鲁弗斯Science Solves It! : Javier's Hummingbird,Laura,2018-01-01,Kane Press,20条评论
166.,http://product.dangdang.com/20815187.html,Guardians of Ga'Hoole #15: War of the Ember 猫头鹰王国15-余烬之战,Kathryn,2008-11-01,Scholastic,166条评论
167.,http://product.dangdang.com/25536031.html,鼠小弟爱数学：勇敢向前冲 Mouse Math : Albert Is NOT Scared,Eleanor,2012-08-01,Kane Press,21条评论
168.,http://product.dangdang.com/23055620.html,What Color Is Camouflage? (Let's Read and Find Out)  自然科学启蒙2：什么是伪装色？ISBN9780064451604,Otto,1996-07-19,HarperCollins,108条评论
169.,http://product.dangdang.com/25343263.html,科学全知道：从天而降的“宝贝”Science Solves It! : It Came from Outer Space,Henry,2003-01-01,Kane Press,29条评论
170.,http://product.dangdang.com/20815186.html,Guardians of Ga'Hoole #14: Exile 猫头鹰王国14：放逐,Kathryn,2008-02-01,Scholastic,132条评论
171.,http://product.dangdang.com/25353769.html,数学帮帮忙：小凯特的大收藏 Math Matters : A Collection for Kate,Barbara,1999-08-01,Kane Press,35条评论
172.,http://product.dangdang.com/25353761.html,数学帮帮忙：超级眼镜 Math Matters : Super Specs,Laura,2005-08-01,Kane Press,38条评论
173.,http://product.dangdang.com/25353767.html,数学帮帮忙：山姆的脚印格子Math Matters ？Sam's Sneaker Squares,Gabriel文,2002-01-01,Kane Press,41条评论
174.,http://product.dangdang.com/23055561.html,What Makes Day and Night (Let's Read and Find Out)  自然科学启蒙2：白天与黑夜是从哪儿来的ISBN9780064450508,Branley,1986-03-01,HarperCollins,147条评论
175.,http://product.dangdang.com/22907493.html,I SPY A Skeleton (Level 1)学乐分级读物1：视觉大发现-骨骼ISBN9780545175395,Jean,2010-07-01,Scholastic,126条评论
176.,http://product.dangdang.com/23367133.html,Thea Stilton #15: Thea Stilton And The Legend Of The Fire Flowers 老鼠记者之西娅 15：西娅与花火传奇 ISBN 9780545481885,Thea,2013-05-01,Scholastic,68条评论
177.,http://product.dangdang.com/21050206.html,Say Cheese And Die!(Classic Goosebumps #08)鸡皮疙瘩经典8：说茄子殒命,R.L,2009-04-01,Scholastic,127条评论
178.,http://product.dangdang.com/25546960.html,牛津原版英文绘本/We’re going on a word hunt In The Town 我们要去镇上找个词,Sheryl,2018-01-01,Oxford University Press,34条评论
179.,http://product.dangdang.com/20538074.html,Guardians of Ga'Hoole #09: The First Collier 猫头鹰王国9：奇迹,Kathryn,2006-04-01,Scholastic,110条评论
180.,http://product.dangdang.com/20852279.html,Geronimo Stilton #29: Down and Out Down Under 老鼠记者29: 环保鼠闯澳洲 9780439841207,Geronimo,2003-06-01,Scholastic,173条评论
181.,http://product.dangdang.com/25343272.html,科学全知道：满月夜狼人Science Solves  It! : Werewolf Moon,Juliana,2009-08-01,Kane Press,16条评论
182.,http://product.dangdang.com/23055563.html,What Will the Weather Be? (Let's Read and Find Out)  自然科学启蒙2：明天天气如何呢？ISBN9780064451130,DeWitt,1993-04-01,HarperCollins,140条评论
183.,http://product.dangdang.com/22574982.html,I Spy: Little Wheels (BOARD BOOK) 视觉大发现：小轮子 9780590047067,Jean,1998-10-01,Scholastic,58条评论
184.,http://product.dangdang.com/20538076.html,Guardians of Ga'Hoole #10: The Coming of Hoole 猫头鹰王国10：归来,Kathryn,2006-07-01,Scholastic,193条评论
185.,http://product.dangdang.com/25536029.html,"鼠小弟爱数学：一起来报数 Count Off, Squeak Scouts!",Laura,2013-01-01,Kane Press,15条评论
186.,http://product.dangdang.com/22907497.html,Super Fly Guy (Level 2)学乐分级读物2：超级苍蝇小子ISBN9780439903745,Tedd,2009-05-01,Scholastic,167条评论
187.,http://product.dangdang.com/25546938.html,送音频/牛津原版英文绘本/The Duck With No Luck 倒霉的鸭子,Robin,2018-01-01,Oxford University Press,20条评论
188.,http://product.dangdang.com/25546935.html,送音频/牛津原版英文绘本/Sanji and the Baker 山治和贝克,Clare,2018-01-01,Oxford University Press,24条评论
189.,http://product.dangdang.com/23681708.html,The Ugly？Duckling丑小鸭（荣获凯迪克银奖，精装）ISBN9780688159320,Hans,1999-03-24,,93条评论
190.,http://product.dangdang.com/25343277.html,科学全知道：奇怪的声音Science Solves？ It! : What's That Sound?,Mary,2002-08-01, Kane Press,21条评论
191.,http://product.dangdang.com/20538077.html,Guardians of Ga'Hoole #11: To Be A King 猫头鹰王国11：王者,Kathryn,2006-10-01,Scholastic,138条评论
192.,http://product.dangdang.com/22626662.html,Original Peter Rabbit Books: The Tale of Mrs. Tiggy-Winkle 彼得兔系列：迪基・温克尔太太的故事 ISBN 9780723247753,Beatrix,2002-09-01,Penguin,20条评论
193.,http://product.dangdang.com/25329231.html,幼儿园里的26个开心果：永远的朋友 Animal Antics A to Z : Frances Frog's Forever Friend,Barbara,2010-08-01,Kane Press,10条评论
194.,http://product.dangdang.com/25353763.html,数学帮帮忙：欢乐的游乐园 Math Matters : Ruby Makes It Even!,Lisa,2015-08-01,Kane Press,24条评论
195.,http://product.dangdang.com/25536026.html,鼠小弟爱数学：大家来灌水 Mouse Math : A Beach for Albert,Eleanor,2012-08-01,Kane Press,16条评论
196.,http://product.dangdang.com/20925375.html,Classic Characters of Little Golden Books 金色童书精选,Various,2010-01-01,Random House US,68条评论
197.,http://product.dangdang.com/21042446.html,One Day at Horrorland (Classic Goosebumps #05) 鸡皮疙瘩经典5：惊恐乐园的一天,R.L,2008-11-01,Scholastic,149条评论
198.,http://product.dangdang.com/20897741.html,Clifford's Noisy Day大红狗-闹哄哄的一天,Norman,1992-09-01,Scholastic,247条评论
199.,http://product.dangdang.com/25329218.html,幼儿园里的26个开心果：疯狂帽子乐园 Animal Antics A to Z : Corky Cub's Crazy Caps,Barbara,2010-01-01,Kane Press,8条评论
200.,http://product.dangdang.com/25343283.html,科学全知道：挑食的佩吉Science Solves It! : Picky Peggy,Jennifer,2004-01-01,Kane Press,16条评论
201.,http://product.dangdang.com/22597386.html,I Miss You Mouse 我想念你小老鼠 9780670012381,Foley,2012-01-01,Penguin,22条评论
202.,http://product.dangdang.com/25329228.html,幼儿园里的26个开心果：一起分香蕉 Animal Antics A to Z : Bobby Baboon's Banana Be-Bop,Barbara,2010-01-01,Kane Press,8条评论
203.,http://product.dangdang.com/25546950.html,送音频/牛津原版英文绘本/Super happy magic forest超级幸福的魔法森林,Matty,2018-01-01,Oxford University Press,24条评论
204.,http://product.dangdang.com/25536028.html,"鼠小弟爱数学：许个愿吧，阿宝Mouse Math ？:  Make a Wish, Albert!",Eleanor,2013-01-01,Kane Press,13条评论
205.,http://product.dangdang.com/23679526.html,Moonbear Moondance月亮熊：月亮的舞蹈ISBN9781442466609,Frank,2014-08-01,Simon & Schuster,31条评论
206.,http://product.dangdang.com/22541243.html,Skippyjon Jones in Mummy Trouble（附CD）9780142413456,Judy,2009-04-01,Penguin,61条评论
207.,http://product.dangdang.com/23918641.html,Waiting Is Not Easy!(An Elephant and Piggie Book) 等待不容易！(小猪和小象系列，精装) ISBN9781423199571,Willems,2014-11-04,Disney,149条评论
208.,http://product.dangdang.com/25343270.html,科学全知道：蚂蚁来袭Science Solves It! : Ant Attack!,Anne,2002-08-01,Kane Press,13条评论
209.,http://product.dangdang.com/23367120.html,Thea Stilton #12: Thea Stilton And The Prince'S Emerald 老鼠记者之西娅 12：西娅与王子的绿宝石 ISBN 9780545341080,Thea,2012-09-01,Scholastic,87条评论
210.,http://product.dangdang.com/22561513.html,"Geronimo Stilton #12: Christmastime, Stilton 老鼠记者12:好心鼠的快乐圣诞 9780439559744",Geronimo,2004-10-01,Scholastic,226条评论
211.,http://product.dangdang.com/25343279.html,科学全知道：神秘的脚印Science Solves It! : Bears on the Brain,Lucille,2003-01-01,Kane Press,19条评论
212.,http://product.dangdang.com/25343269.html,科学全知道：可怕的影子Science Solves It! : Monster Bug,Linda,2004-01-01,Kane Press,13条评论
213.,http://product.dangdang.com/25329223.html,幼儿园里的26个开心果：空手道飞旋腿 Animal Antics A to Z : Kylie Kangaroo’s Karate Kickers,Barbara,2011-01-01,Kane Press,7条评论
214.,http://product.dangdang.com/23053776.html,Mickey Mouse Clubhouse: Blooming Bows 米奇妙妙屋：绽放的蝴蝶结 ISBN9781423166917,William,2013-01-01,Disney,62条评论
215.,http://product.dangdang.com/25343288.html,科学全知道：寻找飞碟Science Solves  It! : Whoa! UFO!,Kirsten,2009-01-01,Kane Press,15条评论
216.,http://product.dangdang.com/25343261.html,科学全知道：超级大哈欠 Science Solves  It! : The Longest Yawn,Jennifer,2005-08-01,Kane Press,11条评论
217.,http://product.dangdang.com/25343262.html,科学全知道：吹个大泡泡Science Solves It! : Bubble Trouble,Gabriel文,2004-01-01,Kane Press,21条评论
218.,http://product.dangdang.com/23053923.html,"Biscuit Goes to School小饼干去上学（I Can Read,My Fist Level）ISBN9780064436168",Capucilli,2003-06-01,HarperCollins,494条评论
219.,http://product.dangdang.com/23054411.html,Biscuit's Valentine's Day 小饼干的情人节 ISBN9780694012220,Capucilli,2000-11-17,HarperCollins,31条评论
220.,http://product.dangdang.com/25536024.html,鼠小弟爱数学：阿宝开学了 Mouse Math : Albert Starts School,Eleanor,2018-08-01,Kane Press,12条评论
221.,http://product.dangdang.com/25343284.html,科学全知道：完美瘦身 Science Solves  It! : The Great Shape-Up,Eleanor,2007-08-01,Kane Press,9条评论
222.,http://product.dangdang.com/25329211.html,幼儿园里的26个开心果：“摇滚号”竹筏 Animal Antics A to Z : Rosie Raccoon's Rock and Roll Raft,Barbara,2011-01-01,Kane Press,5条评论
223.,http://product.dangdang.com/25546953.html,牛津原版英文绘本/We're in the Wrong Book!我们走错书啦,Tatyana,2018-01-01,Oxford University Press,29条评论
224.,http://product.dangdang.com/25329216.html,幼儿园里的26个开心果：第一次得绘画奖 Animal Antics A to Z : Polly Porcupine's Painting Prizes,Barbara,2011-01-01,Kane Press,5条评论
225.,http://product.dangdang.com/25329189.html,（精装）幼儿园里的26个开心果：超精彩的表演 Animal Antics A to Z : Alexander Anteater's Amazing Act,Barbara,2010-01-01,Kane Press,2条评论
226.,http://product.dangdang.com/25343265.html,科学全知道：烦人的蚊子Science Solves It! : Bugged!,Michelle,2008-01-01,Kane Press,14条评论
227.,http://product.dangdang.com/23054379.html,Freight Train [Paperback]火车快跑(凯迪克银奖，平装) ISBN9780688117016,Donald,1992-09-01,HarperCollins,684条评论
228.,http://product.dangdang.com/25329235.html,幼儿园里的26个开心果：自己的工作室 Animal Antics A to Z : Oliver Otter's Own Office,Barbara,2011-01-01,Kane Press,4条评论
229.,http://product.dangdang.com/25343285.html,科学全知道：吸血鬼维维安Science Solves It! : The Case of Vampire Vivian,Michelle,2003-08-01,Kane Press,10条评论
230.,http://product.dangdang.com/25343274.html,"科学全知道：木箱大赛Science Solves It! : Slow Down, Sara!",Laura,2003-01-01,Kane Press,12条评论
231.,http://product.dangdang.com/22561521.html,Geronimo Stilton #28: Wedding Crasher 老鼠记者28:婚礼上的不速之客 9780439841191,Geronimo,2006-11-01,Scholastic,194条评论
232.,http://product.dangdang.com/22603012.html,Midnight on the Moon（Magic Tree House #08 ）神奇树屋８：月球之旅 9780679863748,Mary,2011-01-01,Random House US,309条评论
233.,http://product.dangdang.com/23055557.html,What Happens to a Hamburger? (Let's Read and Find Out)  自然科学启蒙2：汉堡是怎么做的？ISBN9780064451833,Showers,2001-04-01,HarperCollins,142条评论
234.,http://product.dangdang.com/25546955.html,送音频/牛津原版英文绘本/I Am Not a Copycat!,Joel,2018-01-01,Oxford University Press,11条评论
235.,http://product.dangdang.com/25346352.html,科学全知道：石头从哪儿来Science Solves It! : The Space Rock Mystery,Lydia,2018-01-01,Kane Press,23条评论
236.,http://product.dangdang.com/25343257.html,科学全知道：OK洞探险Science Solves  It! : The Secret of the Circle-K Cave,Anna,2006-08-01,Kane Press,20条评论
237.,http://product.dangdang.com/25329236.html,幼儿园里的26个开心果：总爱发脾气 Animal Antics A to Z : Tessa Tiger's Temper Tantrums,Barbara,2011-08-01,Kane Press,4条评论
238.,http://product.dangdang.com/22626659.html,Original Peter Rabbit Books: The Tailor of Gloucester 彼得兔系列：格鲁塞斯特的裁缝 ISBN 9780723247722,BEATRIX,2002-09-01,Penguin,21条评论
239.,http://product.dangdang.com/22574955.html,Clifford's Halloween 大红狗的万圣节 9780545215954,Norman,2011-11-01,Scholastic,329条评论
240.,http://product.dangdang.com/25346350.html,科学全知道：飞奔的雪橇Science Solves It! : Snowball Run,Lisa,2018-01-01,Kane Press,10条评论
241.,http://product.dangdang.com/23623421.html,Wibbly Pig Picks a Pet[Paperback]小猪威比：养宠物ISBN9781444908213,Hachette,2013-09-01,Orion,17条评论
242.,http://product.dangdang.com/21040949.html,Walter the Baker (by Eric Carle) [Paperback] 面包师沃尔特 (平装) ISBN 9780689820885,Orion,1998-04-01,Simon & Schuster,235条评论
243.,http://product.dangdang.com/25329233.html,幼儿园里的26个开心果：有一点点紧张 Animal Antics A to Z : Nina Nandu's Nervous Noggin,Eric,2011-01-01,Kane Press,5条评论
244.,http://product.dangdang.com/25329226.html,幼儿园里的26个开心果：闪光的礼物 Animal Antics A to Z : Gertie Gorilla's Glorious Gift,Simon & Schuster,2010-08-01,Kane Press,4条评论
245.,http://product.dangdang.com/25343290.html,科学全知道：植物寻宝作业Science Solves  It! : What Homework?,Barbara,2002-08-01,Kane Press,13条评论
246.,http://product.dangdang.com/22561534.html,Geronimo Stilton Special Edition: Christmas Catastrophe 老鼠记者特别版：圣诞节灾难 9780545009027,Kane Press,2007-10-01,Scholastic,165条评论
247.,http://product.dangdang.com/23054100.html,"Little Critter: Bye-Bye, Mom and Dad 小怪物：爸爸妈妈再见 ISBN9780060539450",Barbara,2004-06-01,HarperCollins,252条评论
248.,http://product.dangdang.com/22603016.html,Magic Tree House #04 Pirates Past Noon 神奇树屋4：海盗的藏宝图 9780679824251,Kane Press,2011-01-01,Random House US,684条评论
249.,http://product.dangdang.com/25343276.html,"科学全知道：皮肤的学问Science Solves It! : Ready, Set, Oops!",Linda,2007-08-01,Kane Press,9条评论
250.,http://product.dangdang.com/20026112.html,School Skeleton (A to Z 19)神秘事件19,Kane Press,2003-12-01,Random House US,226条评论
251.,http://product.dangdang.com/25536027.html,鼠小弟爱数学：大家来灌水 Mouse Math ？: A Beach for Albert,Geronimo,2018-08-01,Kane Press,4条评论
252.,http://product.dangdang.com/23388795.html,Franklin Fibs小乌龟富兰克林：富兰克林的苍蝇馅饼（经典故事书） ISBN 9781554537747,Scholastic,2014-01-01,kids can press,111条评论
253.,http://product.dangdang.com/22603029.html,Magic Tree House #19:Tigers at Twilight 神奇树屋19：丛林惊奇 9780679890652,Mayer,2011-01-01,Random House US,350条评论
254.,http://product.dangdang.com/25329232.html,幼儿园里的26个开心果：有趣的“蛋保姆” Animal Antics A to Z : Eddie Elephant's Exciting Egg-Sitting,HarperCollins,2010-08-01,Kane Press,4条评论
255.,http://product.dangdang.com/20925342.html,The Ninth Nugget (A to Z 14)神秘事件14,Mary,2001-06-01,Random House US,212条评论
256.,http://product.dangdang.com/23052742.html,Biscuit Gives a Gift 小饼干送礼物(卡板书) ISBN9780060094676,Random House US,2004-08-27,HarperCollins,91条评论
257.,http://product.dangdang.com/23053930.html,"Biscuit's New Trick小饼干的小把戏（I Can Read,My Fist Level）ISBN9780064443081",Fran,2001-03-01,HarperCollins,268条评论
258.,http://product.dangdang.com/22519781.html,Richard Scarry's Favorite Christmas Carols 斯凯瑞图画故事书-最爱圣诞颂歌（精装大开本含简易琴盘） ISBN 9781402758249,Kane Press,2009-10-01,Sterling Publishing Co Inc,32条评论
259.,http://product.dangdang.com/20594584.html,Geronimo Stilton #32: Valley of the Giant Skeletons 老鼠记者32: 巨骨之谷 9780545021326,,2008-01-01,Scholastic,125条评论
260.,http://product.dangdang.com/25343258.html,科学全知道：鼻子都知道Science Solves  It! : The Nose Knows,Random House US,2002-08-01,Kane Press,12条评论
261.,http://product.dangdang.com/25353755.html,数学帮帮忙：小气的托德Math Matters : Tightwad Tod,Daphne,2001-08-01,Kane Press,12条评论
262.,http://product.dangdang.com/21024983.html,Diary of a Wimpy Kid #3 The Last Straw (Hardcover)小屁孩日记 3（美国版，精装）ISBN 9780810970687,杰夫・金尼,2009-01-01,Hachette,63条评论
263.,http://product.dangdang.com/25343275.html,科学全知道：黏糊糊的礼物Science Solves It! : A Slimy Story,Michelle,2004-08-01,Kane Press,10条评论
264.,http://product.dangdang.com/25343260.html,科学全知道：彩虹的秘密Science Solves It! : The Rainbow Mystery,Jennifer,2002-08-01,Kane Press,8条评论
265.,http://product.dangdang.com/25329222.html,幼儿园里的26个开心果：可怕的山怪 Animal Antics A to Z : Maxwell Moose's Mountain Monster,Barbara,2011-01-01,Kane Press,3条评论
266.,http://product.dangdang.com/25343289.html,科学全知道：眼镜事件Science Solves It! : Hocus Focus,Sarah,2004-01-01,Kane Press,11条评论
267.,http://product.dangdang.com/25343278.html,科学全知道：跷跷板大战Science Solves It! : Clever Trevor,Sarah,2003-01-01,Kane Press,9条评论
268.,http://product.dangdang.com/23829148.html,Russell the Sheep绵阳罗素ISBN9780062392435,Scotton,2015-09-01,HarperCollins,34条评论
269.,http://product.dangdang.com/20079825.html,Arthur Tricks the Tooth Fairy (Step into Reading 3) 阿瑟与牙齿仙子 ISBN 9780679884644,Marc,2007-12-10,Random House US,372条评论
270.,http://product.dangdang.com/25329230.html,幼儿园里的26个开心果：赢得跳绳比赛 Animal Antics A to Z : Jeremy Jackrabbit's Jumping Journey,Barbara,2010-08-01,Kane Press,3条评论
271.,http://product.dangdang.com/25329219.html,幼儿园里的26个开心果：话匣子停下来 Animal Antics A to Z : Yoko Yak's Yakety Yakking,Barbara,2011-08-01,Kane Press,3条评论
272.,http://product.dangdang.com/25329217.html,幼儿园里的26个开心果：烦人的打嗝儿 Animal Antics A to Z : Hanna Hippo's Horrible Hiccups,Barbara,2010-08-01,Kane Press,5条评论
273.,http://product.dangdang.com/20863859.html,Magic Tree House #33: Carnival at Candlelight 神奇树屋系列33：烛光嘉年华 9780375830341,MARY,2005-01-01,Random House US,447条评论
274.,http://product.dangdang.com/23055608.html,My Feet (Let's Read and Find Out)  自然科学启蒙1：我的两只脚ISBN9780064451062,Aliki,1992-01-30,HarperCollins,184条评论
275.,http://product.dangdang.com/25329192.html,（精装）幼儿园里的26个开心果：疯狂帽子乐园 Animal Antics A to Z : Corky Cub's Crazy Caps,Barbara,2010-01-01,Kane Press,1条评论
276.,http://product.dangdang.com/22603026.html,Magic Tree House #22: Revolutionary War on Wednesday 神奇树屋系列22：遇见总统 9780679890683,Mary,2011-01-01,Random House US,294条评论
277.,http://product.dangdang.com/25343282.html,科学全知道：淘气的潮水Science Solves It! : The Creeping Tide,Gail,2003-08-01,Kane Press,11条评论
278.,http://product.dangdang.com/23055621.html,What Lives in a Shell? (Let's Read and Find Out)  自然科学启蒙1：谁住在贝壳里？ISBN9780064451246,Zoehfeld,1994-04-01,HarperCollins,188条评论
279.,http://product.dangdang.com/25329214.html,幼儿园里的26个开心果：保护小羊羔 Animal Antics A to Z : Lana Llama's Little Lamb,Barbara,2011-01-01,Kane Press,2条评论
280.,http://product.dangdang.com/23197410.html,Guess How Much I Love You Pocket Pop 猜猜我有多爱你(口袋立体书) ISBN9781406342864,McBratney,2012-01-01,Walker Books,77条评论
281.,http://product.dangdang.com/22561532.html,"Run For the Hills, Geronimo!(Geronimo Stilton #47)老鼠记者47ISBN9780545331326",Geronimo,2011-11-01,Scholastic,145条评论
282.,http://product.dangdang.com/25329227.html,幼儿园里的26个开心果：天生超级鼻子 Animal Antics A to Z :  Sammy Skunk's Super Sniffer,Barbara,2011-08-01,Kane Press,4条评论
283.,http://product.dangdang.com/23055531.html,How Do Birds Find Their Way? (Let's Read and Find Out)  自然科学启蒙2：鸟儿会迷路么？ISBN9780064451505,Gans,2013-07-01,HarperCollins,133条评论
284.,http://product.dangdang.com/25546942.html,牛津女巫温妮 纸板书 英文原版早教启蒙Wilbur's Book of Actions 行动,Valerie,2018-01-01,Oxford University Press,2条评论
285.,http://product.dangdang.com/25329224.html,幼儿园里的26个开心果：没完没了的问题 Animal Antics A to Z : Quentin Quokka's Quick Questions,Barbara,2011-01-01,Kane Press,2条评论
286.,http://product.dangdang.com/25329221.html,幼儿园里的26个开心果：假装生病 Animal Antics A to Z : Izzy Impala's Imaginary Illnesses,Barbara,2010-08-01,Kane Press,2条评论
287.,http://product.dangdang.com/23235095.html,Pumpkin Soup 南瓜汤(1998年凯特格林纳威奖，美国版) ISBN9780374460310,Helen,2005-09-01,Macmillan,13条评论
288.,http://product.dangdang.com/22602779.html,Magic Tree House Research Guide #6: Space 神奇树屋小百科系列6：空间 9780375813566,Mary,2018-12-01,Random House US,180条评论
289.,http://product.dangdang.com/20079871.html,"Arthur's Fire Dril (Step into Reading, Step 3) 阿瑟的消防演习 ISBN 9780679884767",Marc,2007-01-01,Random House US,258条评论
290.,http://product.dangdang.com/20815181.html,To Be A King(Guardians of Ga'hoole #11)猫头鹰王国11-王者,Kathryn,2006-10-01,省供片站,2条评论
291.,http://product.dangdang.com/23055615.html,Sleep Is for Everyone (Let's Read and Find Out)  自然科学启蒙1：如果我们不睡觉ISBN9780064451413,Paul,1997-04-01,HarperCollins,206条评论
292.,http://product.dangdang.com/22602927.html,Let's Play (by Leo Lionni) 一起玩吧 9780375825286,Lionni,2003-08-01,Random House US,265条评论
293.,http://product.dangdang.com/25346353.html,科学全知道：想要一个宠物Science Solves It! : A Real Live Pet!,Lydia,2018-01-01,Kane Press,7条评论
294.,http://product.dangdang.com/23188334.html,Scholastic Success with Writing: Grade 4 学乐必赢阅读：4年级写作 ISBN9780545200769,Scholastic,2010-03-01,Scholastic,36条评论
295.,http://product.dangdang.com/23055544.html,Oil Spill! (Let's Read and Find Out)  自然科学启蒙2：石油泄漏ISBN9780064451215,Berger,1994-04-01,HarperCollins,117条评论
296.,http://product.dangdang.com/22585706.html,"Jake Drake, Know-It-All 杰克-德雷克:无所不知 ISBN 9781416939313",Andrew,2007-06-01,Simon & Schuster,143条评论
297.,http://product.dangdang.com/23054027.html,"Little Critter: Just a Little Sick小怪物：生病啦（I Can Read,My First Level）ISBN9780060835552",Mayer,2009-02-01,HarperCollins,522条评论
298.,http://product.dangdang.com/23053064.html,Goodnight Moon [Book and CD]晚安月亮船(书+CD) ISBN9780061142703,Brown,2006-12-01,HarperCollins,574条评论
299.,http://product.dangdang.com/22821469.html,Scholastic Learning Express K2: Alphabet and Handwriting 学乐学习列车系列练习册K2：字母（Ages 5-6）ISBN 9789810713539,Scholastic,2012-04-16,   ,96条评论
300.,http://product.dangdang.com/23162377.html,"One, Two, Three! [Board Book,by Sandra Boynton] 一、二、三(卡板书) ISBN9781563054440",Sandra,1993-10-01,   ,27条评论
301.,http://product.dangdang.com/23367119.html,Thea Stilton #10: Thea Stilton And The Secret Of The Old Castle 老鼠记者之西娅 10：西娅与古老城堡的秘密 ISBN 9780545341073,Thea,2012-03-01,Scholastic,75条评论
302.,http://product.dangdang.com/22602837.html,National Geographic Readers，Level P: Race Day! 美国《国家地理》杂志-儿童科普分级阅读，入门级：赛车 ISBN 9781426306129,Gail,2010-03-01,Random House US,217条评论
303.,http://product.dangdang.com/25546951.html,送音频/牛津原版英文绘本/超级快乐的魔法森林 ――《Super happy magic forest 》,Amber,2018-01-01,Oxford University Press,10条评论
304.,http://product.dangdang.com/25546945.html,牛津女巫温妮 纸板书英文原版早教启蒙 Wilbur's Book of Opposites反义词,Valerie,2018-01-01,Oxford University Press,1条评论
305.,http://product.dangdang.com/25546944.html,牛津女巫温妮 纸板书英文原版早教启蒙 Wilbur's Book of Numbers威伯的书――数字,Valerie,2018-01-01,Oxford University Press,1条评论
306.,http://product.dangdang.com/23054577.html,Chester's Way 查斯特的方式(美国图书馆协会推荐童书) ISBN9780688154721,Henkes,1993-01-01,HarperCollins,66条评论
307.,http://product.dangdang.com/23053162.html,Harold's Circus 阿罗的马戏团 ISBN9780064430241,Johnson,1989-10-01,HarperCollins,136条评论
308.,http://product.dangdang.com/23055604.html,How Animal Babies Stay Safe (Let's Read and Find Out)  自然科学启蒙1：动物宝宝怎么保护自己ISBN9780064452113,Fraser,2001-12-01,HarperCollins,145条评论
309.,http://product.dangdang.com/23055598.html,Ducks Don't Get Wet (Let's Read and Find Out)  自然科学启蒙1：野鸭的羽毛不会湿ISBN9780064451871,Goldin,1999-04-01,HarperCollins,103条评论
310.,http://product.dangdang.com/22821457.html,Scholastic Study Smart: Reading Skills Builder K2 学乐聪明学习系列练习册K2：阅读技巧（Ages 5-6）ISBN 9789810713782,Kama,2012-04-15,   ,312条评论
